user_id,signup_date,region,device_pref,acquisition_channel,signup_month
U100000,2025-04-13,North,Desktop,Referral,2025-04
U100001,2025-12-15,South,Mobile Web,Influencer,2025-12
U100002,2025-09-28,North,Mobile App,Paid Social,2025-09
U100003,2025-04-17,West,Mobile App,Paid Social,2025-04
U100004,2025-03-13,North,Mobile Web,Paid Social,2025-03
U100005,2025-07-08,West,Mobile App,Paid Social,2025-07
U100006,2025-01-21,East,Desktop,Organic Search,2025-01
U100007,2025-04-13,North,Mobile App,Influencer,2025-04
U100008,2025-05-02,East,Mobile Web,Paid Social,2025-05
U100009,2025-08-03,North,Mobile App,Referral,2025-08
U100010,2025-11-27,South,Mobile App,Organic Search,2025-11
U100011,2025-03-29,North,Mobile App,Paid Social,2025-03
U100012,2025-04-10,West,Mobile App,Organic Search,2025-04
U100013,2025-12-26,West,Mobile App,Paid Social,2025-12
U100014,2025-06-01,North,Mobile App,Referral,2025-06
U100015,2025-05-11,North,Mobile App,Paid Social,2025-05
U100016,2025-05-30,East,Mobile App,Referral,2025-05
U100017,2025-11-05,North,Desktop,Paid Social,2025-11
U100018,2025-09-15,West,Mobile App,Email/Push,2025-09
U100019,2025-12-10,South,Mobile App,Influencer,2025-12
U100020,2025-10-21,South,Desktop,Organic Search,2025-10
U100021,2025-07-11,West,Mobile App,Organic Search,2025-07
U100022,2025-10-04,South,Mobile App,Paid Social,2025-10
U100023,2025-06-10,West,Mobile App,Influencer,2025-06
U100024,2025-11-10,West,Mobile Web,Organic Search,2025-11
U100025,2025-01-22,North,Mobile App,Referral,2025-01
U100026,2025-09-10,North,Mobile App,Paid Social,2025-09
U100027,2025-08-24,West,Mobile Web,Paid Social,2025-08
U100028,2025-12-11,West,Mobile App,Organic Search,2025-12
U100029,2025-02-18,North,Desktop,Paid Social,2025-02
U100030,2025-02-28,West,Mobile App,Organic Search,2025-02
U100031,2025-06-19,South,Mobile App,Paid Social,2025-06
U100032,2025-07-07,North,Mobile Web,Influencer,2025-07
U100033,2025-09-28,West,Mobile App,Influencer,2025-09
U100034,2025-07-09,North,Desktop,Paid Social,2025-07
U100035,2025-06-24,West,Desktop,Organic Search,2025-06
U100036,2025-02-20,North,Mobile App,Organic Search,2025-02
U100037,2025-12-30,East,Desktop,Referral,2025-12
U100038,2025-02-24,North,Mobile App,Organic Search,2025-02
U100039,2025-09-01,South,Desktop,Paid Social,2025-09
U100040,2025-11-16,East,Mobile App,Paid Social,2025-11
U100041,2025-05-11,North,Mobile App,Organic Search,2025-05
U100042,2025-11-03,South,Mobile App,Email/Push,2025-11
U100043,2025-05-15,South,Mobile App,Influencer,2025-05
U100044,2025-01-21,North,Mobile App,Paid Social,2025-01
U100045,2025-11-25,West,Desktop,Referral,2025-11
U100046,2025-06-16,South,Desktop,Email/Push,2025-06
U100047,2025-10-01,South,Mobile App,Paid Social,2025-10
U100048,2025-03-30,South,Mobile App,Referral,2025-03
U100049,2025-11-12,South,Desktop,Organic Search,2025-11
U100050,2025-01-14,North,Mobile App,Referral,2025-01
U100051,2025-08-30,South,Mobile App,Organic Search,2025-08
U100052,2025-09-22,South,Mobile App,Email/Push,2025-09
U100053,2025-12-12,East,Mobile App,Paid Social,2025-12
U100054,2025-02-22,West,Mobile App,Influencer,2025-02
U100055,2025-12-06,South,Mobile Web,Paid Social,2025-12
U100056,2025-04-02,North,Mobile Web,Organic Search,2025-04
U100057,2025-09-21,North,Mobile App,Email/Push,2025-09
U100058,2025-02-04,North,Desktop,Influencer,2025-02
U100059,2025-07-25,North,Mobile App,Paid Social,2025-07
U100060,2025-03-22,South,Mobile App,Organic Search,2025-03
U100061,2025-02-19,North,Mobile App,Paid Social,2025-02
U100062,2025-12-26,North,Mobile App,Paid Social,2025-12
U100063,2025-01-02,North,Mobile App,Referral,2025-01
U100064,2025-02-23,North,Mobile App,Organic Search,2025-02
U100065,2025-04-16,North,Mobile App,Organic Search,2025-04
U100066,2025-09-17,North,Mobile App,Referral,2025-09
U100067,2025-11-06,South,Mobile Web,Organic Search,2025-11
U100068,2025-07-10,South,Mobile Web,Paid Social,2025-07
U100069,2025-08-06,North,Mobile App,Organic Search,2025-08
U100070,2025-02-13,South,Mobile Web,Influencer,2025-02
U100071,2025-06-11,South,Desktop,Influencer,2025-06
U100072,2025-07-21,North,Mobile Web,Organic Search,2025-07
U100073,2025-09-27,North,Mobile App,Paid Social,2025-09
U100074,2025-12-17,South,Mobile App,Referral,2025-12
U100075,2025-10-31,East,Desktop,Referral,2025-10
U100076,2025-09-28,North,Mobile App,Paid Social,2025-09
U100077,2025-08-03,North,Mobile App,Organic Search,2025-08
U100078,2025-09-09,West,Mobile App,Email/Push,2025-09
U100079,2025-07-09,North,Mobile Web,Organic Search,2025-07
U100080,2025-10-23,North,Mobile Web,Organic Search,2025-10
U100081,2025-08-01,West,Mobile App,Referral,2025-08
U100082,2025-07-27,West,Mobile App,Paid Social,2025-07
U100083,2025-08-25,South,Desktop,Paid Social,2025-08
U100084,2025-12-04,South,Mobile App,Email/Push,2025-12
U100085,2025-02-22,North,Mobile App,Paid Social,2025-02
U100086,2025-10-07,North,Mobile App,Paid Social,2025-10
U100087,2025-08-05,South,Mobile Web,Organic Search,2025-08
U100088,2025-09-09,North,Mobile Web,Influencer,2025-09
U100089,2025-07-07,South,Desktop,Influencer,2025-07
U100090,2025-02-10,West,Mobile App,Paid Social,2025-02
U100091,2025-06-06,West,Mobile App,Referral,2025-06
U100092,2025-01-15,North,Mobile App,Organic Search,2025-01
U100093,2025-10-28,East,Desktop,Organic Search,2025-10
U100094,2025-03-06,South,Mobile App,Referral,2025-03
U100095,2025-12-11,West,Mobile App,Paid Social,2025-12
U100096,2025-11-23,North,Mobile Web,Email/Push,2025-11
U100097,2025-01-09,North,Mobile App,Referral,2025-01
U100098,2025-12-10,North,Mobile App,Organic Search,2025-12
U100099,2025-05-09,South,Desktop,Organic Search,2025-05
U100100,2025-05-16,South,Mobile App,Paid Social,2025-05
U100101,2025-03-04,West,Mobile App,Referral,2025-03
U100102,2025-05-19,East,Mobile App,Paid Social,2025-05
U100103,2025-03-22,South,Mobile App,Organic Search,2025-03
U100104,2025-06-12,South,Mobile App,Referral,2025-06
U100105,2025-10-16,North,Mobile Web,Influencer,2025-10
U100106,2025-09-18,West,Mobile App,Paid Social,2025-09
U100107,2025-08-19,West,Desktop,Organic Search,2025-08
U100108,2025-02-10,West,Mobile App,Organic Search,2025-02
U100109,2025-01-28,West,Mobile App,Organic Search,2025-01
U100110,2025-05-15,North,Mobile App,Paid Social,2025-05
U100111,2025-07-20,North,Mobile Web,Referral,2025-07
U100112,2025-11-24,South,Mobile App,Paid Social,2025-11
U100113,2025-09-25,West,Mobile Web,Influencer,2025-09
U100114,2025-02-02,North,Mobile Web,Organic Search,2025-02
U100115,2025-02-17,North,Desktop,Influencer,2025-02
U100116,2025-03-03,West,Mobile Web,Paid Social,2025-03
U100117,2025-08-04,North,Mobile App,Influencer,2025-08
U100118,2025-10-20,South,Mobile Web,Paid Social,2025-10
U100119,2025-04-09,East,Desktop,Influencer,2025-04
U100120,2025-06-21,North,Desktop,Organic Search,2025-06
U100121,2025-12-26,North,Mobile App,Organic Search,2025-12
U100122,2025-08-02,East,Mobile App,Paid Social,2025-08
U100123,2025-02-04,East,Mobile App,Paid Social,2025-02
U100124,2025-08-15,West,Mobile App,Referral,2025-08
U100125,2025-04-11,South,Mobile Web,Organic Search,2025-04
U100126,2025-05-11,North,Desktop,Referral,2025-05
U100127,2025-09-14,East,Mobile App,Paid Social,2025-09
U100128,2025-01-05,South,Desktop,Paid Social,2025-01
U100129,2025-08-06,North,Mobile App,Influencer,2025-08
U100130,2025-09-12,West,Mobile App,Influencer,2025-09
U100131,2025-12-25,North,Mobile App,Paid Social,2025-12
U100132,2025-10-10,North,Mobile App,Referral,2025-10
U100133,2025-07-26,North,Desktop,Influencer,2025-07
U100134,2025-01-15,South,Mobile App,Influencer,2025-01
U100135,2025-12-12,South,Mobile App,Paid Social,2025-12
U100136,2025-02-11,South,Mobile App,Influencer,2025-02
U100137,2025-06-28,East,Mobile App,Organic Search,2025-06
U100138,2025-03-04,West,Desktop,Referral,2025-03
U100139,2025-12-18,North,Mobile App,Organic Search,2025-12
U100140,2025-08-19,North,Mobile App,Organic Search,2025-08
U100141,2025-08-29,North,Mobile Web,Referral,2025-08
U100142,2025-02-21,North,Mobile App,Organic Search,2025-02
U100143,2025-04-06,East,Mobile Web,Organic Search,2025-04
U100144,2025-08-10,East,Mobile App,Referral,2025-08
U100145,2025-08-19,West,Mobile App,Organic Search,2025-08
U100146,2025-08-25,North,Desktop,Paid Social,2025-08
U100147,2025-05-23,South,Mobile Web,Paid Social,2025-05
U100148,2025-06-20,South,Mobile App,Referral,2025-06
U100149,2025-01-29,North,Mobile Web,Influencer,2025-01
U100150,2025-02-05,East,Desktop,Influencer,2025-02
U100151,2025-01-13,West,Mobile App,Paid Social,2025-01
U100152,2025-06-09,South,Mobile App,Organic Search,2025-06
U100153,2025-11-23,East,Mobile App,Paid Social,2025-11
U100154,2025-07-06,South,Mobile App,Email/Push,2025-07
U100155,2025-08-31,North,Mobile App,Paid Social,2025-08
U100156,2025-03-27,South,Desktop,Organic Search,2025-03
U100157,2025-10-11,South,Mobile App,Referral,2025-10
U100158,2025-03-07,North,Mobile Web,Influencer,2025-03
U100159,2025-06-19,East,Mobile App,Paid Social,2025-06
U100160,2025-02-14,West,Mobile App,Paid Social,2025-02
U100161,2025-03-03,South,Mobile Web,Organic Search,2025-03
U100162,2025-05-14,South,Mobile App,Organic Search,2025-05
U100163,2025-10-11,West,Mobile App,Paid Social,2025-10
U100164,2025-01-28,West,Mobile App,Referral,2025-01
U100165,2025-04-18,East,Mobile Web,Organic Search,2025-04
U100166,2025-02-13,North,Mobile App,Influencer,2025-02
U100167,2025-12-06,West,Mobile App,Paid Social,2025-12
U100168,2025-10-13,North,Desktop,Paid Social,2025-10
U100169,2025-11-27,East,Desktop,Influencer,2025-11
U100170,2025-05-08,North,Mobile App,Referral,2025-05
U100171,2025-12-14,East,Mobile App,Influencer,2025-12
U100172,2025-08-19,North,Mobile Web,Influencer,2025-08
U100173,2025-07-09,South,Mobile Web,Paid Social,2025-07
U100174,2025-08-13,South,Mobile App,Paid Social,2025-08
U100175,2025-10-10,North,Mobile App,Paid Social,2025-10
U100176,2025-05-01,East,Mobile Web,Email/Push,2025-05
U100177,2025-04-26,West,Desktop,Organic Search,2025-04
U100178,2025-08-21,West,Mobile Web,Paid Social,2025-08
U100179,2025-09-16,North,Mobile App,Paid Social,2025-09
U100180,2025-12-25,East,Mobile App,Influencer,2025-12
U100181,2025-07-17,East,Mobile App,Influencer,2025-07
U100182,2025-05-17,South,Mobile App,Influencer,2025-05
U100183,2025-11-14,North,Mobile App,Organic Search,2025-11
U100184,2025-06-14,East,Mobile App,Referral,2025-06
U100185,2025-08-13,West,Mobile App,Paid Social,2025-08
U100186,2025-11-03,East,Mobile App,Paid Social,2025-11
U100187,2025-08-22,South,Mobile Web,Paid Social,2025-08
U100188,2025-06-21,South,Mobile Web,Paid Social,2025-06
U100189,2025-06-01,North,Desktop,Organic Search,2025-06
U100190,2025-11-11,East,Mobile Web,Influencer,2025-11
U100191,2025-06-09,East,Mobile App,Paid Social,2025-06
U100192,2025-04-06,North,Mobile App,Influencer,2025-04
U100193,2025-08-21,West,Mobile App,Organic Search,2025-08
U100194,2025-06-29,North,Mobile App,Organic Search,2025-06
U100195,2025-04-23,West,Desktop,Organic Search,2025-04
U100196,2025-11-14,South,Mobile App,Organic Search,2025-11
U100197,2025-02-21,North,Mobile App,Paid Social,2025-02
U100198,2025-09-25,South,Mobile App,Referral,2025-09
U100199,2025-10-22,South,Mobile App,Referral,2025-10
U100200,2025-04-23,North,Mobile Web,Influencer,2025-04
U100201,2025-04-11,South,Mobile App,Organic Search,2025-04
U100202,2025-04-23,South,Mobile App,Influencer,2025-04
U100203,2025-03-22,East,Mobile App,Referral,2025-03
U100204,2025-07-06,North,Desktop,Email/Push,2025-07
U100205,2025-04-23,South,Mobile App,Organic Search,2025-04
U100206,2025-01-02,North,Mobile App,Email/Push,2025-01
U100207,2025-05-10,East,Mobile App,Referral,2025-05
U100208,2025-08-08,North,Mobile App,Influencer,2025-08
U100209,2025-02-23,West,Mobile App,Paid Social,2025-02
U100210,2025-12-09,East,Mobile Web,Organic Search,2025-12
U100211,2025-08-12,South,Mobile Web,Organic Search,2025-08
U100212,2025-08-13,South,Mobile Web,Paid Social,2025-08
U100213,2025-05-06,North,Mobile App,Paid Social,2025-05
U100214,2025-05-10,South,Mobile App,Email/Push,2025-05
U100215,2025-02-22,West,Mobile App,Organic Search,2025-02
U100216,2025-06-21,West,Mobile App,Paid Social,2025-06
U100217,2025-08-06,North,Mobile App,Organic Search,2025-08
U100218,2025-06-09,South,Mobile App,Paid Social,2025-06
U100219,2025-07-17,East,Mobile Web,Organic Search,2025-07
U100220,2025-09-04,East,Mobile Web,Organic Search,2025-09
U100221,2025-11-20,North,Desktop,Organic Search,2025-11
U100222,2025-07-22,North,Mobile Web,Influencer,2025-07
U100223,2025-07-03,North,Mobile App,Paid Social,2025-07
U100224,2025-05-03,West,Mobile App,Influencer,2025-05
U100225,2025-09-12,South,Mobile App,Email/Push,2025-09
U100226,2025-10-21,South,Mobile App,Paid Social,2025-10
U100227,2025-10-07,West,Mobile App,Influencer,2025-10
U100228,2025-11-21,East,Mobile App,Organic Search,2025-11
U100229,2025-04-08,West,Mobile App,Organic Search,2025-04
U100230,2025-07-17,South,Mobile Web,Paid Social,2025-07
U100231,2025-08-28,North,Mobile Web,Organic Search,2025-08
U100232,2025-05-24,West,Mobile App,Email/Push,2025-05
U100233,2025-04-07,South,Mobile App,Paid Social,2025-04
U100234,2025-07-20,North,Mobile App,Paid Social,2025-07
U100235,2025-05-04,South,Mobile Web,Paid Social,2025-05
U100236,2025-07-06,North,Mobile App,Organic Search,2025-07
U100237,2025-11-22,South,Mobile Web,Email/Push,2025-11
U100238,2025-12-15,West,Mobile App,Organic Search,2025-12
U100239,2025-09-16,West,Mobile App,Paid Social,2025-09
U100240,2025-05-28,West,Mobile App,Organic Search,2025-05
U100241,2025-09-09,North,Mobile App,Organic Search,2025-09
U100242,2025-12-12,South,Mobile App,Paid Social,2025-12
U100243,2025-05-27,North,Mobile Web,Organic Search,2025-05
U100244,2025-05-28,West,Mobile App,Paid Social,2025-05
U100245,2025-12-18,South,Mobile App,Influencer,2025-12
U100246,2025-07-18,East,Desktop,Organic Search,2025-07
U100247,2025-11-04,East,Mobile App,Influencer,2025-11
U100248,2025-05-08,South,Mobile App,Email/Push,2025-05
U100249,2025-02-08,South,Mobile App,Email/Push,2025-02
U100250,2025-12-04,West,Mobile Web,Paid Social,2025-12
U100251,2025-12-26,West,Mobile Web,Email/Push,2025-12
U100252,2025-05-09,South,Mobile App,Influencer,2025-05
U100253,2025-09-24,South,Desktop,Influencer,2025-09
U100254,2025-05-31,West,Mobile Web,Paid Social,2025-05
U100255,2025-10-25,North,Mobile App,Paid Social,2025-10
U100256,2025-04-09,South,Mobile Web,Email/Push,2025-04
U100257,2025-09-20,North,Mobile App,Paid Social,2025-09
U100258,2025-09-09,South,Mobile Web,Paid Social,2025-09
U100259,2025-05-24,North,Mobile App,Organic Search,2025-05
U100260,2025-12-12,South,Mobile Web,Influencer,2025-12
U100261,2025-04-22,North,Mobile App,Organic Search,2025-04
U100262,2025-03-01,South,Desktop,Email/Push,2025-03
U100263,2025-01-02,West,Mobile App,Paid Social,2025-01
U100264,2025-10-31,West,Mobile App,Paid Social,2025-10
U100265,2025-09-11,West,Mobile App,Organic Search,2025-09
U100266,2025-05-20,East,Desktop,Organic Search,2025-05
U100267,2025-02-06,North,Mobile Web,Organic Search,2025-02
U100268,2025-06-09,North,Mobile App,Organic Search,2025-06
U100269,2025-01-09,West,Desktop,Paid Social,2025-01
U100270,2025-08-21,South,Mobile App,Paid Social,2025-08
U100271,2025-04-09,North,Mobile Web,Referral,2025-04
U100272,2025-05-27,East,Mobile Web,Organic Search,2025-05
U100273,2025-10-31,South,Mobile App,Paid Social,2025-10
U100274,2025-07-27,North,Desktop,Paid Social,2025-07
U100275,2025-05-11,West,Mobile App,Organic Search,2025-05
U100276,2025-06-01,West,Mobile App,Email/Push,2025-06
U100277,2025-02-23,South,Desktop,Organic Search,2025-02
U100278,2025-04-30,West,Mobile Web,Paid Social,2025-04
U100279,2025-06-10,East,Mobile App,Organic Search,2025-06
U100280,2025-04-26,East,Mobile App,Referral,2025-04
U100281,2025-03-16,North,Mobile Web,Organic Search,2025-03
U100282,2025-04-23,North,Mobile App,Paid Social,2025-04
U100283,2025-04-14,East,Desktop,Referral,2025-04
U100284,2025-12-06,West,Mobile Web,Referral,2025-12
U100285,2025-09-11,East,Mobile App,Paid Social,2025-09
U100286,2025-08-15,North,Mobile App,Paid Social,2025-08
U100287,2025-04-22,North,Mobile App,Organic Search,2025-04
U100288,2025-04-09,West,Mobile App,Referral,2025-04
U100289,2025-06-02,North,Mobile Web,Email/Push,2025-06
U100290,2025-12-15,South,Desktop,Organic Search,2025-12
U100291,2025-12-04,North,Mobile App,Influencer,2025-12
U100292,2025-07-13,North,Mobile App,Paid Social,2025-07
U100293,2025-11-06,East,Mobile App,Influencer,2025-11
U100294,2025-06-12,East,Mobile Web,Referral,2025-06
U100295,2025-07-27,South,Mobile Web,Referral,2025-07
U100296,2025-06-18,North,Mobile Web,Paid Social,2025-06
U100297,2025-06-10,West,Mobile App,Paid Social,2025-06
U100298,2025-03-09,North,Desktop,Referral,2025-03
U100299,2025-10-16,South,Mobile App,Paid Social,2025-10
U100300,2025-10-04,West,Mobile Web,Paid Social,2025-10
U100301,2025-10-31,North,Mobile Web,Paid Social,2025-10
U100302,2025-05-15,West,Mobile Web,Paid Social,2025-05
U100303,2025-07-14,North,Mobile App,Referral,2025-07
U100304,2025-05-08,South,Mobile App,Organic Search,2025-05
U100305,2025-02-02,South,Mobile App,Paid Social,2025-02
U100306,2025-06-25,West,Mobile Web,Organic Search,2025-06
U100307,2025-01-22,North,Mobile App,Influencer,2025-01
U100308,2025-08-26,South,Mobile App,Email/Push,2025-08
U100309,2025-06-07,West,Mobile App,Organic Search,2025-06
U100310,2025-02-07,South,Mobile Web,Organic Search,2025-02
U100311,2025-08-18,South,Mobile App,Paid Social,2025-08
U100312,2025-02-20,North,Mobile Web,Organic Search,2025-02
U100313,2025-09-21,East,Mobile Web,Referral,2025-09
U100314,2025-10-10,North,Mobile Web,Organic Search,2025-10
U100315,2025-01-27,North,Mobile App,Paid Social,2025-01
U100316,2025-08-14,South,Mobile Web,Organic Search,2025-08
U100317,2025-10-04,South,Mobile App,Email/Push,2025-10
U100318,2025-10-13,West,Mobile App,Influencer,2025-10
U100319,2025-04-07,West,Mobile App,Influencer,2025-04
U100320,2025-10-11,East,Mobile App,Paid Social,2025-10
U100321,2025-11-13,West,Mobile App,Paid Social,2025-11
U100322,2025-10-31,East,Mobile App,Influencer,2025-10
U100323,2025-05-27,North,Mobile App,Paid Social,2025-05
U100324,2025-01-04,East,Mobile App,Organic Search,2025-01
U100325,2025-02-04,North,Mobile App,Organic Search,2025-02
U100326,2025-07-11,South,Mobile App,Organic Search,2025-07
U100327,2025-02-18,West,Desktop,Organic Search,2025-02
U100328,2025-01-17,South,Mobile App,Influencer,2025-01
U100329,2025-06-21,West,Mobile App,Paid Social,2025-06
U100330,2025-08-08,North,Mobile App,Influencer,2025-08
U100331,2025-06-07,East,Mobile App,Influencer,2025-06
U100332,2025-02-15,North,Mobile App,Email/Push,2025-02
U100333,2025-01-06,East,Mobile App,Organic Search,2025-01
U100334,2025-04-09,East,Desktop,Organic Search,2025-04
U100335,2025-08-21,South,Mobile Web,Email/Push,2025-08
U100336,2025-02-06,North,Mobile Web,Organic Search,2025-02
U100337,2025-10-07,North,Desktop,Organic Search,2025-10
U100338,2025-12-15,North,Desktop,Paid Social,2025-12
U100339,2025-10-29,East,Mobile Web,Paid Social,2025-10
U100340,2025-06-30,West,Mobile Web,Organic Search,2025-06
U100341,2025-04-05,North,Mobile App,Referral,2025-04
U100342,2025-04-09,East,Mobile App,Referral,2025-04
U100343,2025-07-07,West,Mobile App,Paid Social,2025-07
U100344,2025-04-26,South,Mobile App,Influencer,2025-04
U100345,2025-07-10,East,Desktop,Organic Search,2025-07
U100346,2025-09-10,West,Mobile App,Organic Search,2025-09
U100347,2025-06-10,North,Mobile Web,Email/Push,2025-06
U100348,2025-09-13,South,Mobile App,Paid Social,2025-09
U100349,2025-11-19,North,Mobile App,Influencer,2025-11
U100350,2025-05-08,West,Mobile App,Organic Search,2025-05
U100351,2025-01-18,West,Mobile App,Referral,2025-01
U100352,2025-10-08,East,Mobile App,Organic Search,2025-10
U100353,2025-08-11,North,Mobile App,Paid Social,2025-08
U100354,2025-02-23,South,Mobile App,Organic Search,2025-02
U100355,2025-02-27,North,Mobile App,Organic Search,2025-02
U100356,2025-11-19,North,Mobile App,Paid Social,2025-11
U100357,2025-12-26,East,Mobile App,Influencer,2025-12
U100358,2025-06-23,West,Mobile App,Organic Search,2025-06
U100359,2025-10-07,West,Mobile App,Influencer,2025-10
U100360,2025-04-24,East,Mobile App,Organic Search,2025-04
U100361,2025-10-15,North,Mobile App,Organic Search,2025-10
U100362,2025-12-08,North,Mobile App,Email/Push,2025-12
U100363,2025-05-31,South,Mobile App,Email/Push,2025-05
U100364,2025-05-07,East,Desktop,Paid Social,2025-05
U100365,2025-06-04,West,Mobile App,Influencer,2025-06
U100366,2025-09-30,South,Mobile App,Organic Search,2025-09
U100367,2025-04-14,South,Mobile App,Paid Social,2025-04
U100368,2025-10-26,North,Mobile App,Organic Search,2025-10
U100369,2025-09-03,South,Mobile App,Email/Push,2025-09
U100370,2025-06-25,South,Mobile Web,Email/Push,2025-06
U100371,2025-02-08,North,Mobile Web,Paid Social,2025-02
U100372,2025-06-19,South,Mobile App,Influencer,2025-06
U100373,2025-09-04,West,Desktop,Influencer,2025-09
U100374,2025-01-26,South,Mobile App,Organic Search,2025-01
U100375,2025-12-21,North,Mobile Web,Referral,2025-12
U100376,2025-11-02,North,Mobile Web,Organic Search,2025-11
U100377,2025-01-13,South,Mobile Web,Paid Social,2025-01
U100378,2025-11-12,South,Mobile App,Influencer,2025-11
U100379,2025-11-09,South,Mobile App,Paid Social,2025-11
U100380,2025-02-05,South,Mobile App,Organic Search,2025-02
U100381,2025-06-22,South,Mobile App,Paid Social,2025-06
U100382,2025-01-20,West,Mobile App,Referral,2025-01
U100383,2025-11-17,South,Mobile App,Organic Search,2025-11
U100384,2025-09-21,West,Mobile App,Organic Search,2025-09
U100385,2025-05-22,South,Mobile Web,Organic Search,2025-05
U100386,2025-05-23,North,Mobile App,Paid Social,2025-05
U100387,2025-04-02,South,Mobile Web,Influencer,2025-04
U100388,2025-12-20,South,Mobile App,Organic Search,2025-12
U100389,2025-11-18,West,Desktop,Organic Search,2025-11
U100390,2025-10-15,East,Mobile App,Paid Social,2025-10
U100391,2025-08-03,West,Mobile App,Paid Social,2025-08
U100392,2025-12-08,West,Desktop,Email/Push,2025-12
U100393,2025-02-20,East,Mobile App,Organic Search,2025-02
U100394,2025-06-02,South,Mobile App,Referral,2025-06
U100395,2025-07-05,South,Mobile App,Paid Social,2025-07
U100396,2025-03-04,West,Mobile App,Referral,2025-03
U100397,2025-07-09,East,Mobile App,Email/Push,2025-07
U100398,2025-05-05,North,Mobile App,Paid Social,2025-05
U100399,2025-05-30,East,Desktop,Organic Search,2025-05
U100400,2025-11-10,North,Mobile App,Email/Push,2025-11
U100401,2025-02-27,South,Mobile App,Referral,2025-02
U100402,2025-12-08,North,Mobile Web,Paid Social,2025-12
U100403,2025-11-01,East,Mobile App,Organic Search,2025-11
U100404,2025-06-29,West,Mobile App,Paid Social,2025-06
U100405,2025-06-19,South,Mobile App,Influencer,2025-06
U100406,2025-11-22,North,Mobile Web,Referral,2025-11
U100407,2025-09-28,South,Mobile App,Email/Push,2025-09
U100408,2025-02-23,East,Mobile Web,Paid Social,2025-02
U100409,2025-04-11,South,Mobile App,Organic Search,2025-04
U100410,2025-09-21,North,Desktop,Paid Social,2025-09
U100411,2025-02-22,North,Mobile Web,Organic Search,2025-02
U100412,2025-03-01,South,Mobile App,Paid Social,2025-03
U100413,2025-04-18,North,Mobile Web,Paid Social,2025-04
U100414,2025-01-05,East,Mobile App,Influencer,2025-01
U100415,2025-04-13,North,Mobile App,Paid Social,2025-04
U100416,2025-07-15,East,Mobile App,Organic Search,2025-07
U100417,2025-09-19,North,Mobile App,Email/Push,2025-09
U100418,2025-12-16,South,Mobile Web,Email/Push,2025-12
U100419,2025-02-16,South,Mobile App,Paid Social,2025-02
U100420,2025-12-21,East,Mobile App,Email/Push,2025-12
U100421,2025-11-07,West,Mobile App,Paid Social,2025-11
U100422,2025-11-04,West,Mobile App,Organic Search,2025-11
U100423,2025-05-24,South,Mobile App,Influencer,2025-05
U100424,2025-09-26,South,Mobile Web,Influencer,2025-09
U100425,2025-05-04,West,Desktop,Influencer,2025-05
U100426,2025-04-16,East,Mobile App,Influencer,2025-04
U100427,2025-06-07,North,Mobile App,Paid Social,2025-06
U100428,2025-05-27,West,Mobile App,Organic Search,2025-05
U100429,2025-05-25,South,Mobile Web,Organic Search,2025-05
U100430,2025-04-30,North,Mobile App,Organic Search,2025-04
U100431,2025-11-15,South,Mobile App,Paid Social,2025-11
U100432,2025-10-02,North,Mobile Web,Paid Social,2025-10
U100433,2025-04-02,South,Mobile App,Influencer,2025-04
U100434,2025-02-27,North,Mobile App,Influencer,2025-02
U100435,2025-12-12,North,Mobile Web,Organic Search,2025-12
U100436,2025-08-17,North,Mobile App,Organic Search,2025-08
U100437,2025-04-27,South,Mobile App,Referral,2025-04
U100438,2025-11-14,East,Mobile App,Organic Search,2025-11
U100439,2025-10-06,South,Mobile App,Email/Push,2025-10
U100440,2025-05-07,North,Mobile App,Paid Social,2025-05
U100441,2025-05-09,North,Desktop,Organic Search,2025-05
U100442,2025-02-27,West,Mobile App,Influencer,2025-02
U100443,2025-05-02,South,Mobile Web,Influencer,2025-05
U100444,2025-01-01,South,Mobile App,Organic Search,2025-01
U100445,2025-08-27,North,Mobile App,Paid Social,2025-08
U100446,2025-10-17,East,Mobile App,Influencer,2025-10
U100447,2025-04-06,South,Mobile App,Organic Search,2025-04
U100448,2025-05-06,North,Mobile App,Influencer,2025-05
U100449,2025-04-28,North,Mobile App,Organic Search,2025-04
U100450,2025-02-17,South,Mobile App,Paid Social,2025-02
U100451,2025-03-30,West,Mobile App,Paid Social,2025-03
U100452,2025-08-25,West,Desktop,Organic Search,2025-08
U100453,2025-09-29,East,Mobile App,Paid Social,2025-09
U100454,2025-07-08,East,Mobile App,Paid Social,2025-07
U100455,2025-07-11,North,Mobile App,Organic Search,2025-07
U100456,2025-03-10,South,Mobile App,Organic Search,2025-03
U100457,2025-10-05,East,Mobile Web,Paid Social,2025-10
U100458,2025-12-15,North,Mobile App,Paid Social,2025-12
U100459,2025-09-04,West,Mobile App,Email/Push,2025-09
U100460,2025-03-17,North,Mobile App,Paid Social,2025-03
U100461,2025-06-03,South,Mobile Web,Organic Search,2025-06
U100462,2025-05-24,East,Mobile App,Paid Social,2025-05
U100463,2025-03-27,East,Mobile App,Influencer,2025-03
U100464,2025-07-04,East,Mobile App,Organic Search,2025-07
U100465,2025-10-12,North,Mobile App,Paid Social,2025-10
U100466,2025-08-08,West,Mobile App,Paid Social,2025-08
U100467,2025-03-10,South,Desktop,Referral,2025-03
U100468,2025-02-16,South,Mobile Web,Referral,2025-02
U100469,2025-04-04,West,Mobile App,Organic Search,2025-04
U100470,2025-08-26,East,Mobile App,Paid Social,2025-08
U100471,2025-07-23,North,Mobile App,Organic Search,2025-07
U100472,2025-08-06,East,Mobile App,Organic Search,2025-08
U100473,2025-12-07,North,Mobile App,Referral,2025-12
U100474,2025-02-08,North,Mobile App,Paid Social,2025-02
U100475,2025-04-10,South,Desktop,Organic Search,2025-04
U100476,2025-10-16,West,Mobile App,Paid Social,2025-10
U100477,2025-09-11,North,Desktop,Organic Search,2025-09
U100478,2025-08-10,East,Mobile App,Referral,2025-08
U100479,2025-12-23,North,Mobile App,Influencer,2025-12
U100480,2025-01-23,East,Mobile App,Organic Search,2025-01
U100481,2025-09-07,South,Mobile Web,Organic Search,2025-09
U100482,2025-01-10,East,Mobile App,Paid Social,2025-01
U100483,2025-09-03,North,Mobile Web,Paid Social,2025-09
U100484,2025-11-21,East,Mobile Web,Paid Social,2025-11
U100485,2025-04-10,West,Mobile Web,Paid Social,2025-04
U100486,2025-10-17,East,Mobile Web,Paid Social,2025-10
U100487,2025-06-29,South,Mobile Web,Email/Push,2025-06
U100488,2025-08-11,West,Mobile Web,Referral,2025-08
U100489,2025-09-07,North,Mobile App,Paid Social,2025-09
U100490,2025-05-27,East,Mobile Web,Paid Social,2025-05
U100491,2025-04-06,West,Desktop,Organic Search,2025-04
U100492,2025-09-14,North,Mobile App,Paid Social,2025-09
U100493,2025-11-21,South,Desktop,Paid Social,2025-11
U100494,2025-01-04,North,Mobile App,Organic Search,2025-01
U100495,2025-01-16,South,Mobile App,Influencer,2025-01
U100496,2025-10-07,East,Mobile App,Organic Search,2025-10
U100497,2025-12-02,South,Mobile App,Organic Search,2025-12
U100498,2025-09-04,South,Mobile Web,Influencer,2025-09
U100499,2025-09-15,North,Desktop,Paid Social,2025-09
U100500,2025-06-09,South,Mobile Web,Paid Social,2025-06
U100501,2025-12-06,North,Desktop,Organic Search,2025-12
U100502,2025-06-01,West,Mobile App,Referral,2025-06
U100503,2025-06-27,North,Mobile App,Organic Search,2025-06
U100504,2025-06-12,West,Mobile App,Paid Social,2025-06
U100505,2025-02-02,South,Mobile Web,Email/Push,2025-02
U100506,2025-06-28,South,Mobile App,Paid Social,2025-06
U100507,2025-04-11,East,Desktop,Influencer,2025-04
U100508,2025-09-25,South,Mobile App,Influencer,2025-09
U100509,2025-11-19,South,Desktop,Organic Search,2025-11
U100510,2025-03-06,North,Mobile App,Influencer,2025-03
U100511,2025-06-17,South,Mobile App,Referral,2025-06
U100512,2025-11-26,North,Mobile Web,Influencer,2025-11
U100513,2025-02-12,North,Mobile Web,Paid Social,2025-02
U100514,2025-02-13,South,Mobile App,Email/Push,2025-02
U100515,2025-10-12,North,Desktop,Paid Social,2025-10
U100516,2025-01-12,North,Desktop,Influencer,2025-01
U100517,2025-04-05,North,Mobile App,Organic Search,2025-04
U100518,2025-10-29,North,Mobile App,Paid Social,2025-10
U100519,2025-09-10,North,Mobile App,Paid Social,2025-09
U100520,2025-08-30,West,Mobile App,Organic Search,2025-08
U100521,2025-02-04,North,Mobile Web,Organic Search,2025-02
U100522,2025-08-03,East,Mobile App,Paid Social,2025-08
U100523,2025-12-03,North,Mobile Web,Paid Social,2025-12
U100524,2025-03-31,West,Mobile App,Organic Search,2025-03
U100525,2025-09-21,North,Mobile App,Organic Search,2025-09
U100526,2025-04-03,West,Mobile App,Organic Search,2025-04
U100527,2025-03-31,East,Mobile App,Influencer,2025-03
U100528,2025-04-25,North,Mobile App,Organic Search,2025-04
U100529,2025-04-15,West,Mobile App,Paid Social,2025-04
U100530,2025-07-15,South,Desktop,Organic Search,2025-07
U100531,2025-11-10,North,Mobile App,Influencer,2025-11
U100532,2025-04-24,East,Mobile App,Paid Social,2025-04
U100533,2025-03-16,West,Mobile App,Organic Search,2025-03
U100534,2025-08-05,South,Mobile App,Organic Search,2025-08
U100535,2025-10-04,South,Mobile App,Email/Push,2025-10
U100536,2025-09-06,West,Mobile Web,Organic Search,2025-09
U100537,2025-06-13,East,Mobile App,Referral,2025-06
U100538,2025-12-23,West,Desktop,Paid Social,2025-12
U100539,2025-07-11,East,Mobile App,Influencer,2025-07
U100540,2025-08-15,North,Desktop,Paid Social,2025-08
U100541,2025-06-26,West,Desktop,Organic Search,2025-06
U100542,2025-04-09,North,Mobile App,Organic Search,2025-04
U100543,2025-02-05,North,Mobile App,Email/Push,2025-02
U100544,2025-04-06,South,Mobile App,Paid Social,2025-04
U100545,2025-06-01,South,Mobile Web,Paid Social,2025-06
U100546,2025-05-31,North,Desktop,Referral,2025-05
U100547,2025-07-09,West,Mobile App,Organic Search,2025-07
U100548,2025-08-12,South,Mobile App,Paid Social,2025-08
U100549,2025-02-06,South,Mobile Web,Paid Social,2025-02
U100550,2025-09-25,West,Desktop,Organic Search,2025-09
U100551,2025-07-02,South,Mobile Web,Organic Search,2025-07
U100552,2025-01-13,North,Desktop,Influencer,2025-01
U100553,2025-10-06,North,Mobile App,Paid Social,2025-10
U100554,2025-08-05,West,Mobile Web,Influencer,2025-08
U100555,2025-12-21,North,Mobile Web,Organic Search,2025-12
U100556,2025-12-27,South,Mobile Web,Paid Social,2025-12
U100557,2025-10-13,South,Mobile App,Organic Search,2025-10
U100558,2025-09-30,South,Mobile App,Referral,2025-09
U100559,2025-03-03,North,Mobile App,Paid Social,2025-03
U100560,2025-03-25,South,Mobile App,Referral,2025-03
U100561,2025-08-05,South,Mobile App,Influencer,2025-08
U100562,2025-12-08,West,Mobile Web,Paid Social,2025-12
U100563,2025-07-06,North,Mobile App,Paid Social,2025-07
U100564,2025-01-19,South,Mobile App,Paid Social,2025-01
U100565,2025-06-26,South,Mobile Web,Influencer,2025-06
U100566,2025-04-10,South,Desktop,Paid Social,2025-04
U100567,2025-08-21,East,Mobile App,Influencer,2025-08
U100568,2025-03-17,North,Mobile App,Organic Search,2025-03
U100569,2025-09-22,North,Desktop,Influencer,2025-09
U100570,2025-10-11,East,Desktop,Organic Search,2025-10
U100571,2025-07-25,South,Mobile App,Paid Social,2025-07
U100572,2025-08-11,South,Mobile App,Influencer,2025-08
U100573,2025-02-21,North,Mobile App,Referral,2025-02
U100574,2025-12-05,North,Mobile Web,Organic Search,2025-12
U100575,2025-05-24,North,Mobile App,Referral,2025-05
U100576,2025-03-10,North,Mobile App,Organic Search,2025-03
U100577,2025-04-09,South,Mobile App,Organic Search,2025-04
U100578,2025-01-25,West,Desktop,Organic Search,2025-01
U100579,2025-02-22,South,Mobile App,Paid Social,2025-02
U100580,2025-05-31,South,Mobile App,Email/Push,2025-05
U100581,2025-05-24,North,Desktop,Organic Search,2025-05
U100582,2025-02-26,South,Mobile App,Paid Social,2025-02
U100583,2025-02-08,North,Mobile App,Organic Search,2025-02
U100584,2025-04-19,West,Mobile Web,Paid Social,2025-04
U100585,2025-06-30,East,Mobile App,Paid Social,2025-06
U100586,2025-02-11,West,Mobile Web,Organic Search,2025-02
U100587,2025-07-05,West,Mobile App,Organic Search,2025-07
U100588,2025-08-11,South,Mobile App,Email/Push,2025-08
U100589,2025-05-02,South,Desktop,Email/Push,2025-05
U100590,2025-05-13,North,Mobile App,Paid Social,2025-05
U100591,2025-06-12,South,Mobile Web,Organic Search,2025-06
U100592,2025-08-03,West,Mobile App,Influencer,2025-08
U100593,2025-08-09,North,Mobile App,Paid Social,2025-08
U100594,2025-08-23,West,Mobile Web,Referral,2025-08
U100595,2025-11-27,South,Mobile App,Influencer,2025-11
U100596,2025-05-26,West,Mobile App,Referral,2025-05
U100597,2025-08-27,West,Mobile App,Paid Social,2025-08
U100598,2025-03-17,East,Mobile App,Email/Push,2025-03
U100599,2025-01-09,East,Mobile Web,Influencer,2025-01
U100600,2025-03-15,South,Mobile Web,Referral,2025-03
U100601,2025-09-10,West,Mobile Web,Organic Search,2025-09
U100602,2025-08-18,West,Mobile Web,Influencer,2025-08
U100603,2025-01-07,East,Mobile App,Paid Social,2025-01
U100604,2025-06-23,East,Mobile App,Paid Social,2025-06
U100605,2025-05-21,East,Mobile Web,Organic Search,2025-05
U100606,2025-06-17,West,Mobile App,Email/Push,2025-06
U100607,2025-06-19,South,Mobile App,Influencer,2025-06
U100608,2025-10-10,West,Desktop,Referral,2025-10
U100609,2025-05-02,South,Mobile App,Organic Search,2025-05
U100610,2025-07-13,North,Mobile App,Paid Social,2025-07
U100611,2025-01-05,South,Mobile App,Influencer,2025-01
U100612,2025-01-29,South,Mobile Web,Organic Search,2025-01
U100613,2025-06-14,North,Mobile App,Influencer,2025-06
U100614,2025-12-05,North,Mobile App,Organic Search,2025-12
U100615,2025-05-16,South,Desktop,Referral,2025-05
U100616,2025-11-17,North,Mobile Web,Influencer,2025-11
U100617,2025-12-08,South,Mobile Web,Organic Search,2025-12
U100618,2025-05-25,East,Mobile App,Paid Social,2025-05
U100619,2025-11-23,West,Mobile App,Paid Social,2025-11
U100620,2025-08-05,East,Mobile App,Influencer,2025-08
U100621,2025-10-28,West,Mobile App,Referral,2025-10
U100622,2025-05-12,East,Mobile App,Referral,2025-05
U100623,2025-10-19,South,Mobile App,Paid Social,2025-10
U100624,2025-03-11,East,Mobile App,Referral,2025-03
U100625,2025-09-09,East,Mobile Web,Referral,2025-09
U100626,2025-10-02,South,Mobile Web,Paid Social,2025-10
U100627,2025-12-30,North,Mobile App,Email/Push,2025-12
U100628,2025-07-01,East,Mobile App,Organic Search,2025-07
U100629,2025-06-16,North,Mobile App,Paid Social,2025-06
U100630,2025-04-01,East,Mobile App,Organic Search,2025-04
U100631,2025-07-21,North,Mobile App,Paid Social,2025-07
U100632,2025-12-12,South,Mobile App,Referral,2025-12
U100633,2025-01-19,South,Desktop,Paid Social,2025-01
U100634,2025-02-08,North,Mobile Web,Influencer,2025-02
U100635,2025-05-06,South,Mobile Web,Organic Search,2025-05
U100636,2025-06-22,East,Desktop,Organic Search,2025-06
U100637,2025-05-21,West,Mobile Web,Referral,2025-05
U100638,2025-08-30,West,Mobile Web,Influencer,2025-08
U100639,2025-08-08,South,Mobile App,Paid Social,2025-08
U100640,2025-05-06,East,Mobile App,Email/Push,2025-05
U100641,2025-02-27,South,Mobile Web,Referral,2025-02
U100642,2025-05-28,South,Mobile App,Paid Social,2025-05
U100643,2025-11-13,North,Mobile Web,Organic Search,2025-11
U100644,2025-12-27,South,Desktop,Organic Search,2025-12
U100645,2025-01-01,South,Mobile Web,Influencer,2025-01
U100646,2025-12-14,North,Mobile App,Paid Social,2025-12
U100647,2025-07-09,East,Mobile App,Paid Social,2025-07
U100648,2025-07-10,East,Mobile Web,Paid Social,2025-07
U100649,2025-11-08,South,Desktop,Paid Social,2025-11
U100650,2025-04-27,North,Mobile App,Referral,2025-04
U100651,2025-05-14,South,Mobile Web,Referral,2025-05
U100652,2025-02-27,South,Desktop,Paid Social,2025-02
U100653,2025-02-13,East,Mobile App,Paid Social,2025-02
U100654,2025-06-22,South,Mobile Web,Organic Search,2025-06
U100655,2025-06-09,East,Mobile App,Referral,2025-06
U100656,2025-06-22,West,Mobile App,Influencer,2025-06
U100657,2025-11-13,North,Mobile App,Paid Social,2025-11
U100658,2025-10-30,West,Mobile Web,Paid Social,2025-10
U100659,2025-05-29,South,Mobile Web,Organic Search,2025-05
U100660,2025-03-21,North,Mobile App,Influencer,2025-03
U100661,2025-08-01,South,Desktop,Organic Search,2025-08
U100662,2025-07-22,North,Mobile Web,Paid Social,2025-07
U100663,2025-09-09,North,Mobile Web,Organic Search,2025-09
U100664,2025-08-17,South,Mobile App,Organic Search,2025-08
U100665,2025-06-13,East,Mobile App,Referral,2025-06
U100666,2025-08-15,West,Mobile App,Paid Social,2025-08
U100667,2025-05-27,East,Desktop,Organic Search,2025-05
U100668,2025-01-20,North,Mobile App,Referral,2025-01
U100669,2025-02-16,East,Desktop,Paid Social,2025-02
U100670,2025-08-21,East,Mobile Web,Organic Search,2025-08
U100671,2025-11-01,West,Mobile Web,Organic Search,2025-11
U100672,2025-01-14,West,Mobile Web,Referral,2025-01
U100673,2025-05-23,West,Mobile App,Paid Social,2025-05
U100674,2025-01-01,South,Mobile Web,Influencer,2025-01
U100675,2025-02-23,East,Mobile App,Paid Social,2025-02
U100676,2025-09-16,North,Mobile Web,Paid Social,2025-09
U100677,2025-05-24,West,Mobile Web,Influencer,2025-05
U100678,2025-01-12,North,Mobile Web,Influencer,2025-01
U100679,2025-11-26,North,Mobile Web,Paid Social,2025-11
U100680,2025-08-12,North,Mobile App,Influencer,2025-08
U100681,2025-09-29,East,Mobile App,Paid Social,2025-09
U100682,2025-12-24,South,Mobile Web,Organic Search,2025-12
U100683,2025-06-05,South,Mobile App,Paid Social,2025-06
U100684,2025-01-08,West,Mobile App,Organic Search,2025-01
U100685,2025-05-02,West,Mobile App,Organic Search,2025-05
U100686,2025-12-14,South,Mobile App,Organic Search,2025-12
U100687,2025-06-13,North,Mobile App,Organic Search,2025-06
U100688,2025-03-31,West,Mobile Web,Organic Search,2025-03
U100689,2025-05-16,West,Mobile App,Email/Push,2025-05
U100690,2025-07-05,South,Mobile App,Paid Social,2025-07
U100691,2025-11-12,East,Desktop,Paid Social,2025-11
U100692,2025-06-27,North,Mobile App,Referral,2025-06
U100693,2025-01-28,West,Mobile App,Paid Social,2025-01
U100694,2025-08-08,East,Mobile Web,Organic Search,2025-08
U100695,2025-12-23,South,Mobile Web,Organic Search,2025-12
U100696,2025-02-10,North,Mobile App,Paid Social,2025-02
U100697,2025-08-16,West,Desktop,Email/Push,2025-08
U100698,2025-07-11,East,Desktop,Paid Social,2025-07
U100699,2025-05-25,North,Mobile App,Paid Social,2025-05
U100700,2025-07-20,East,Mobile App,Paid Social,2025-07
U100701,2025-07-31,East,Mobile Web,Paid Social,2025-07
U100702,2025-08-08,South,Mobile App,Organic Search,2025-08
U100703,2025-08-28,East,Mobile App,Referral,2025-08
U100704,2025-02-15,South,Mobile Web,Referral,2025-02
U100705,2025-02-04,West,Mobile App,Influencer,2025-02
U100706,2025-09-10,North,Mobile App,Paid Social,2025-09
U100707,2025-03-23,North,Mobile App,Paid Social,2025-03
U100708,2025-09-13,North,Mobile Web,Email/Push,2025-09
U100709,2025-07-16,East,Mobile App,Paid Social,2025-07
U100710,2025-10-30,East,Mobile App,Email/Push,2025-10
U100711,2025-01-10,West,Mobile App,Influencer,2025-01
U100712,2025-11-08,East,Mobile App,Influencer,2025-11
U100713,2025-10-13,South,Desktop,Organic Search,2025-10
U100714,2025-08-30,West,Desktop,Paid Social,2025-08
U100715,2025-09-08,North,Mobile App,Organic Search,2025-09
U100716,2025-01-05,West,Mobile Web,Referral,2025-01
U100717,2025-04-29,South,Mobile Web,Paid Social,2025-04
U100718,2025-10-16,East,Mobile Web,Influencer,2025-10
U100719,2025-03-06,East,Mobile App,Paid Social,2025-03
U100720,2025-05-26,East,Mobile App,Organic Search,2025-05
U100721,2025-08-12,North,Mobile Web,Influencer,2025-08
U100722,2025-08-27,South,Mobile App,Paid Social,2025-08
U100723,2025-06-26,South,Mobile App,Paid Social,2025-06
U100724,2025-09-24,West,Mobile App,Paid Social,2025-09
U100725,2025-12-07,South,Desktop,Paid Social,2025-12
U100726,2025-10-09,West,Mobile App,Paid Social,2025-10
U100727,2025-03-04,South,Mobile Web,Paid Social,2025-03
U100728,2025-08-05,South,Mobile App,Paid Social,2025-08
U100729,2025-12-08,West,Desktop,Influencer,2025-12
U100730,2025-11-11,South,Mobile App,Influencer,2025-11
U100731,2025-10-10,West,Mobile App,Organic Search,2025-10
U100732,2025-06-26,East,Mobile App,Paid Social,2025-06
U100733,2025-04-08,South,Mobile App,Paid Social,2025-04
U100734,2025-04-15,North,Mobile App,Referral,2025-04
U100735,2025-04-09,South,Mobile App,Referral,2025-04
U100736,2025-11-07,South,Mobile Web,Email/Push,2025-11
U100737,2025-01-06,East,Mobile App,Paid Social,2025-01
U100738,2025-07-16,North,Mobile Web,Referral,2025-07
U100739,2025-12-17,North,Mobile App,Organic Search,2025-12
U100740,2025-05-13,North,Mobile App,Influencer,2025-05
U100741,2025-12-24,North,Mobile App,Organic Search,2025-12
U100742,2025-09-16,South,Mobile App,Organic Search,2025-09
U100743,2025-01-23,West,Mobile App,Referral,2025-01
U100744,2025-02-22,East,Mobile App,Influencer,2025-02
U100745,2025-06-14,East,Mobile Web,Paid Social,2025-06
U100746,2025-07-21,West,Mobile Web,Paid Social,2025-07
U100747,2025-03-24,North,Mobile App,Organic Search,2025-03
U100748,2025-05-25,West,Mobile App,Paid Social,2025-05
U100749,2025-03-26,North,Mobile App,Organic Search,2025-03
U100750,2025-03-19,South,Mobile App,Email/Push,2025-03
U100751,2025-01-01,South,Mobile Web,Organic Search,2025-01
U100752,2025-02-20,North,Mobile App,Referral,2025-02
U100753,2025-06-22,East,Mobile App,Referral,2025-06
U100754,2025-07-24,South,Mobile App,Influencer,2025-07
U100755,2025-09-17,West,Mobile App,Email/Push,2025-09
U100756,2025-10-15,South,Mobile App,Referral,2025-10
U100757,2025-02-03,North,Mobile App,Organic Search,2025-02
U100758,2025-12-14,East,Mobile App,Paid Social,2025-12
U100759,2025-04-05,North,Mobile App,Organic Search,2025-04
U100760,2025-03-13,South,Mobile App,Paid Social,2025-03
U100761,2025-02-08,North,Mobile Web,Paid Social,2025-02
U100762,2025-06-03,East,Mobile App,Referral,2025-06
U100763,2025-09-07,East,Mobile App,Organic Search,2025-09
U100764,2025-06-11,South,Mobile App,Paid Social,2025-06
U100765,2025-04-28,West,Mobile App,Email/Push,2025-04
U100766,2025-09-16,West,Mobile App,Organic Search,2025-09
U100767,2025-11-02,East,Mobile Web,Organic Search,2025-11
U100768,2025-09-25,East,Desktop,Referral,2025-09
U100769,2025-02-23,North,Mobile App,Organic Search,2025-02
U100770,2025-08-24,East,Mobile Web,Paid Social,2025-08
U100771,2025-08-10,North,Mobile App,Influencer,2025-08
U100772,2025-09-08,North,Mobile App,Paid Social,2025-09
U100773,2025-11-09,West,Desktop,Organic Search,2025-11
U100774,2025-04-22,East,Mobile Web,Paid Social,2025-04
U100775,2025-09-12,South,Desktop,Organic Search,2025-09
U100776,2025-10-30,South,Mobile App,Paid Social,2025-10
U100777,2025-07-26,East,Mobile App,Influencer,2025-07
U100778,2025-08-17,North,Mobile App,Paid Social,2025-08
U100779,2025-12-07,North,Mobile Web,Influencer,2025-12
U100780,2025-03-07,North,Mobile App,Influencer,2025-03
U100781,2025-03-16,South,Desktop,Organic Search,2025-03
U100782,2025-04-13,East,Mobile App,Organic Search,2025-04
U100783,2025-07-11,North,Mobile App,Referral,2025-07
U100784,2025-09-09,East,Mobile App,Paid Social,2025-09
U100785,2025-08-14,North,Mobile Web,Paid Social,2025-08
U100786,2025-10-21,East,Mobile App,Paid Social,2025-10
U100787,2025-11-02,West,Desktop,Organic Search,2025-11
U100788,2025-04-08,East,Mobile App,Paid Social,2025-04
U100789,2025-12-04,West,Mobile App,Paid Social,2025-12
U100790,2025-10-13,West,Desktop,Referral,2025-10
U100791,2025-12-01,South,Desktop,Paid Social,2025-12
U100792,2025-12-13,East,Mobile Web,Paid Social,2025-12
U100793,2025-11-04,West,Desktop,Email/Push,2025-11
U100794,2025-09-06,South,Mobile Web,Referral,2025-09
U100795,2025-06-15,North,Desktop,Paid Social,2025-06
U100796,2025-12-01,West,Mobile App,Paid Social,2025-12
U100797,2025-01-30,East,Mobile Web,Organic Search,2025-01
U100798,2025-09-04,North,Mobile Web,Paid Social,2025-09
U100799,2025-04-16,South,Mobile App,Email/Push,2025-04
U100800,2025-02-20,West,Mobile App,Referral,2025-02
U100801,2025-03-22,South,Mobile App,Email/Push,2025-03
U100802,2025-05-13,East,Mobile Web,Influencer,2025-05
U100803,2025-10-12,East,Mobile App,Organic Search,2025-10
U100804,2025-05-18,East,Mobile Web,Referral,2025-05
U100805,2025-07-03,South,Mobile App,Influencer,2025-07
U100806,2025-11-26,East,Mobile App,Organic Search,2025-11
U100807,2025-09-30,East,Desktop,Paid Social,2025-09
U100808,2025-12-06,East,Mobile App,Organic Search,2025-12
U100809,2025-03-10,South,Mobile App,Paid Social,2025-03
U100810,2025-02-03,South,Mobile App,Referral,2025-02
U100811,2025-09-19,West,Mobile Web,Referral,2025-09
U100812,2025-02-22,North,Desktop,Email/Push,2025-02
U100813,2025-07-24,North,Desktop,Referral,2025-07
U100814,2025-05-06,South,Mobile Web,Influencer,2025-05
U100815,2025-08-23,West,Mobile App,Paid Social,2025-08
U100816,2025-02-12,North,Mobile App,Organic Search,2025-02
U100817,2025-08-28,North,Mobile App,Influencer,2025-08
U100818,2025-04-21,North,Mobile App,Referral,2025-04
U100819,2025-09-06,East,Mobile App,Referral,2025-09
U100820,2025-05-31,North,Mobile App,Paid Social,2025-05
U100821,2025-07-02,South,Mobile App,Referral,2025-07
U100822,2025-12-02,South,Mobile App,Influencer,2025-12
U100823,2025-04-05,West,Mobile Web,Paid Social,2025-04
U100824,2025-01-08,South,Desktop,Referral,2025-01
U100825,2025-12-26,North,Mobile Web,Organic Search,2025-12
U100826,2025-07-03,South,Mobile Web,Paid Social,2025-07
U100827,2025-10-08,West,Mobile Web,Influencer,2025-10
U100828,2025-07-14,East,Mobile App,Paid Social,2025-07
U100829,2025-12-18,West,Mobile App,Paid Social,2025-12
U100830,2025-07-14,West,Mobile App,Influencer,2025-07
U100831,2025-06-04,North,Mobile App,Referral,2025-06
U100832,2025-04-03,East,Mobile Web,Paid Social,2025-04
U100833,2025-06-09,South,Desktop,Email/Push,2025-06
U100834,2025-03-02,South,Desktop,Paid Social,2025-03
U100835,2025-05-02,North,Mobile App,Email/Push,2025-05
U100836,2025-02-20,South,Desktop,Referral,2025-02
U100837,2025-10-04,West,Mobile App,Organic Search,2025-10
U100838,2025-01-05,North,Mobile Web,Paid Social,2025-01
U100839,2025-04-02,West,Mobile App,Paid Social,2025-04
U100840,2025-06-19,North,Mobile App,Paid Social,2025-06
U100841,2025-11-13,North,Mobile App,Referral,2025-11
U100842,2025-01-22,West,Desktop,Organic Search,2025-01
U100843,2025-11-22,East,Mobile App,Paid Social,2025-11
U100844,2025-01-01,East,Mobile App,Referral,2025-01
U100845,2025-05-13,North,Desktop,Paid Social,2025-05
U100846,2025-08-21,South,Desktop,Organic Search,2025-08
U100847,2025-01-12,East,Mobile App,Paid Social,2025-01
U100848,2025-12-12,East,Mobile Web,Referral,2025-12
U100849,2025-02-15,South,Mobile App,Referral,2025-02
U100850,2025-02-03,West,Mobile App,Influencer,2025-02
U100851,2025-03-19,East,Mobile App,Paid Social,2025-03
U100852,2025-08-06,West,Mobile App,Paid Social,2025-08
U100853,2025-10-28,East,Mobile App,Paid Social,2025-10
U100854,2025-03-14,East,Mobile App,Paid Social,2025-03
U100855,2025-10-09,North,Mobile App,Paid Social,2025-10
U100856,2025-09-06,South,Mobile Web,Organic Search,2025-09
U100857,2025-02-16,West,Mobile Web,Organic Search,2025-02
U100858,2025-05-01,North,Mobile App,Influencer,2025-05
U100859,2025-08-02,North,Mobile App,Organic Search,2025-08
U100860,2025-08-27,South,Mobile Web,Organic Search,2025-08
U100861,2025-02-25,North,Mobile Web,Email/Push,2025-02
U100862,2025-12-16,West,Mobile Web,Organic Search,2025-12
U100863,2025-04-17,West,Mobile App,Organic Search,2025-04
U100864,2025-11-15,South,Mobile App,Email/Push,2025-11
U100865,2025-02-17,North,Mobile Web,Email/Push,2025-02
U100866,2025-03-02,East,Mobile App,Organic Search,2025-03
U100867,2025-12-03,East,Desktop,Referral,2025-12
U100868,2025-01-26,West,Mobile Web,Organic Search,2025-01
U100869,2025-10-19,South,Mobile App,Referral,2025-10
U100870,2025-09-14,South,Mobile App,Email/Push,2025-09
U100871,2025-01-08,South,Mobile Web,Paid Social,2025-01
U100872,2025-04-23,West,Mobile App,Influencer,2025-04
U100873,2025-12-21,East,Mobile App,Referral,2025-12
U100874,2025-09-10,East,Mobile Web,Paid Social,2025-09
U100875,2025-06-29,North,Mobile Web,Influencer,2025-06
U100876,2025-07-26,East,Mobile App,Organic Search,2025-07
U100877,2025-10-30,East,Mobile App,Paid Social,2025-10
U100878,2025-05-07,South,Desktop,Email/Push,2025-05
U100879,2025-02-25,South,Desktop,Organic Search,2025-02
U100880,2025-08-02,South,Mobile Web,Organic Search,2025-08
U100881,2025-01-14,North,Desktop,Influencer,2025-01
U100882,2025-01-28,North,Mobile App,Email/Push,2025-01
U100883,2025-03-19,South,Mobile App,Influencer,2025-03
U100884,2025-08-04,South,Mobile App,Organic Search,2025-08
U100885,2025-06-03,North,Mobile App,Organic Search,2025-06
U100886,2025-01-14,South,Mobile App,Paid Social,2025-01
U100887,2025-07-06,West,Mobile App,Organic Search,2025-07
U100888,2025-11-08,South,Mobile Web,Email/Push,2025-11
U100889,2025-01-07,East,Mobile Web,Referral,2025-01
U100890,2025-01-03,South,Mobile App,Paid Social,2025-01
U100891,2025-04-21,East,Mobile App,Paid Social,2025-04
U100892,2025-08-26,North,Mobile App,Email/Push,2025-08
U100893,2025-12-29,West,Mobile App,Influencer,2025-12
U100894,2025-08-27,North,Mobile Web,Organic Search,2025-08
U100895,2025-10-01,East,Mobile App,Organic Search,2025-10
U100896,2025-10-21,South,Mobile App,Paid Social,2025-10
U100897,2025-08-15,East,Mobile App,Influencer,2025-08
U100898,2025-01-15,South,Mobile Web,Organic Search,2025-01
U100899,2025-07-11,South,Desktop,Referral,2025-07
U100900,2025-04-29,North,Mobile Web,Organic Search,2025-04
U100901,2025-01-28,East,Mobile App,Organic Search,2025-01
U100902,2025-07-21,West,Mobile App,Paid Social,2025-07
U100903,2025-02-08,West,Mobile App,Email/Push,2025-02
U100904,2025-09-30,North,Mobile App,Email/Push,2025-09
U100905,2025-08-19,South,Mobile App,Influencer,2025-08
U100906,2025-03-27,West,Mobile App,Email/Push,2025-03
U100907,2025-05-06,South,Mobile App,Referral,2025-05
U100908,2025-10-27,East,Mobile App,Paid Social,2025-10
U100909,2025-01-25,West,Mobile App,Influencer,2025-01
U100910,2025-05-25,West,Mobile Web,Paid Social,2025-05
U100911,2025-01-13,South,Desktop,Organic Search,2025-01
U100912,2025-07-31,South,Desktop,Paid Social,2025-07
U100913,2025-01-25,South,Mobile App,Organic Search,2025-01
U100914,2025-03-09,East,Mobile App,Referral,2025-03
U100915,2025-03-08,South,Desktop,Paid Social,2025-03
U100916,2025-08-21,North,Mobile App,Paid Social,2025-08
U100917,2025-04-19,South,Mobile Web,Referral,2025-04
U100918,2025-05-26,North,Mobile App,Influencer,2025-05
U100919,2025-04-21,East,Desktop,Organic Search,2025-04
U100920,2025-08-16,East,Desktop,Paid Social,2025-08
U100921,2025-04-21,South,Mobile Web,Organic Search,2025-04
U100922,2025-02-03,South,Mobile Web,Referral,2025-02
U100923,2025-04-21,West,Mobile App,Referral,2025-04
U100924,2025-09-21,North,Mobile App,Paid Social,2025-09
U100925,2025-08-24,East,Mobile App,Email/Push,2025-08
U100926,2025-03-24,West,Mobile App,Paid Social,2025-03
U100927,2025-02-11,South,Mobile App,Paid Social,2025-02
U100928,2025-04-11,South,Mobile App,Organic Search,2025-04
U100929,2025-01-06,West,Desktop,Paid Social,2025-01
U100930,2025-06-29,North,Mobile App,Email/Push,2025-06
U100931,2025-10-09,South,Mobile App,Paid Social,2025-10
U100932,2025-11-16,South,Mobile App,Paid Social,2025-11
U100933,2025-08-14,North,Mobile App,Organic Search,2025-08
U100934,2025-11-11,West,Mobile App,Organic Search,2025-11
U100935,2025-08-17,West,Desktop,Paid Social,2025-08
U100936,2025-10-16,West,Mobile App,Paid Social,2025-10
U100937,2025-05-30,North,Mobile App,Paid Social,2025-05
U100938,2025-10-04,North,Mobile App,Organic Search,2025-10
U100939,2025-07-17,East,Mobile App,Influencer,2025-07
U100940,2025-03-11,North,Mobile Web,Referral,2025-03
U100941,2025-04-22,East,Mobile App,Organic Search,2025-04
U100942,2025-01-04,South,Mobile App,Organic Search,2025-01
U100943,2025-12-16,East,Mobile App,Influencer,2025-12
U100944,2025-11-27,South,Desktop,Organic Search,2025-11
U100945,2025-11-14,South,Mobile App,Paid Social,2025-11
U100946,2025-12-16,North,Desktop,Referral,2025-12
U100947,2025-04-05,South,Mobile App,Referral,2025-04
U100948,2025-06-01,South,Mobile App,Organic Search,2025-06
U100949,2025-11-07,East,Mobile Web,Paid Social,2025-11
U100950,2025-05-17,East,Mobile App,Paid Social,2025-05
U100951,2025-09-04,East,Mobile App,Influencer,2025-09
U100952,2025-08-31,West,Mobile App,Paid Social,2025-08
U100953,2025-01-31,South,Mobile App,Organic Search,2025-01
U100954,2025-02-09,North,Mobile Web,Paid Social,2025-02
U100955,2025-08-17,South,Mobile App,Paid Social,2025-08
U100956,2025-02-05,East,Mobile Web,Paid Social,2025-02
U100957,2025-08-11,South,Mobile App,Paid Social,2025-08
U100958,2025-01-06,West,Mobile App,Paid Social,2025-01
U100959,2025-11-18,South,Mobile Web,Referral,2025-11
U100960,2025-08-08,West,Mobile App,Organic Search,2025-08
U100961,2025-03-16,West,Mobile App,Influencer,2025-03
U100962,2025-01-04,North,Mobile App,Paid Social,2025-01
U100963,2025-12-01,South,Mobile App,Influencer,2025-12
U100964,2025-05-14,East,Desktop,Email/Push,2025-05
U100965,2025-04-28,North,Mobile App,Paid Social,2025-04
U100966,2025-04-04,South,Mobile App,Email/Push,2025-04
U100967,2025-03-03,East,Mobile Web,Paid Social,2025-03
U100968,2025-07-13,North,Mobile App,Referral,2025-07
U100969,2025-12-01,East,Mobile App,Paid Social,2025-12
U100970,2025-07-22,East,Mobile App,Organic Search,2025-07
U100971,2025-01-26,North,Desktop,Organic Search,2025-01
U100972,2025-06-22,South,Desktop,Organic Search,2025-06
U100973,2025-10-27,North,Mobile Web,Referral,2025-10
U100974,2025-05-13,East,Mobile App,Organic Search,2025-05
U100975,2025-11-22,North,Mobile Web,Organic Search,2025-11
U100976,2025-04-28,West,Mobile App,Email/Push,2025-04
U100977,2025-11-20,South,Mobile App,Email/Push,2025-11
U100978,2025-10-02,North,Desktop,Email/Push,2025-10
U100979,2025-07-31,South,Mobile App,Influencer,2025-07
U100980,2025-08-13,South,Mobile App,Paid Social,2025-08
U100981,2025-01-20,South,Desktop,Organic Search,2025-01
U100982,2025-04-23,South,Mobile Web,Paid Social,2025-04
U100983,2025-05-20,South,Mobile App,Email/Push,2025-05
U100984,2025-02-16,North,Mobile App,Paid Social,2025-02
U100985,2025-01-01,North,Mobile App,Organic Search,2025-01
U100986,2025-03-31,East,Mobile App,Paid Social,2025-03
U100987,2025-05-22,South,Mobile App,Paid Social,2025-05
U100988,2025-11-16,South,Mobile App,Paid Social,2025-11
U100989,2025-02-07,West,Desktop,Referral,2025-02
U100990,2025-10-20,South,Mobile App,Paid Social,2025-10
U100991,2025-05-19,West,Mobile App,Organic Search,2025-05
U100992,2025-12-22,South,Mobile App,Influencer,2025-12
U100993,2025-11-29,North,Mobile App,Influencer,2025-11
U100994,2025-09-16,West,Mobile App,Paid Social,2025-09
U100995,2025-06-10,South,Desktop,Influencer,2025-06
U100996,2025-06-27,West,Desktop,Influencer,2025-06
U100997,2025-01-10,North,Mobile App,Paid Social,2025-01
U100998,2025-09-18,East,Desktop,Referral,2025-09
U100999,2025-05-18,West,Mobile App,Referral,2025-05
U101000,2025-06-21,North,Mobile Web,Organic Search,2025-06
U101001,2025-01-13,West,Mobile App,Paid Social,2025-01
U101002,2025-06-17,South,Desktop,Organic Search,2025-06
U101003,2025-05-10,East,Mobile App,Influencer,2025-05
U101004,2025-03-25,South,Mobile App,Paid Social,2025-03
U101005,2025-11-17,West,Mobile Web,Referral,2025-11
U101006,2025-11-15,North,Mobile App,Organic Search,2025-11
U101007,2025-04-11,North,Mobile App,Organic Search,2025-04
U101008,2025-11-25,West,Mobile App,Organic Search,2025-11
U101009,2025-09-30,East,Mobile Web,Paid Social,2025-09
U101010,2025-09-22,North,Mobile App,Influencer,2025-09
U101011,2025-02-07,South,Mobile App,Referral,2025-02
U101012,2025-04-04,South,Desktop,Organic Search,2025-04
U101013,2025-04-05,South,Mobile App,Organic Search,2025-04
U101014,2025-11-01,South,Mobile App,Referral,2025-11
U101015,2025-03-10,East,Mobile Web,Influencer,2025-03
U101016,2025-11-14,North,Mobile Web,Referral,2025-11
U101017,2025-08-24,West,Desktop,Organic Search,2025-08
U101018,2025-11-30,West,Mobile App,Email/Push,2025-11
U101019,2025-05-17,South,Mobile App,Influencer,2025-05
U101020,2025-03-17,South,Mobile Web,Paid Social,2025-03
U101021,2025-02-04,South,Mobile Web,Organic Search,2025-02
U101022,2025-01-01,South,Mobile Web,Organic Search,2025-01
U101023,2025-10-23,East,Mobile App,Influencer,2025-10
U101024,2025-11-16,South,Mobile App,Paid Social,2025-11
U101025,2025-03-01,East,Mobile App,Organic Search,2025-03
U101026,2025-11-16,South,Desktop,Paid Social,2025-11
U101027,2025-12-15,South,Mobile App,Paid Social,2025-12
U101028,2025-11-24,North,Mobile App,Organic Search,2025-11
U101029,2025-09-24,North,Mobile App,Referral,2025-09
U101030,2025-12-27,North,Mobile App,Organic Search,2025-12
U101031,2025-08-17,South,Mobile App,Organic Search,2025-08
U101032,2025-09-27,West,Mobile Web,Organic Search,2025-09
U101033,2025-11-12,West,Mobile App,Organic Search,2025-11
U101034,2025-10-13,North,Mobile App,Organic Search,2025-10
U101035,2025-10-18,North,Mobile App,Paid Social,2025-10
U101036,2025-08-01,North,Mobile Web,Paid Social,2025-08
U101037,2025-06-14,South,Desktop,Influencer,2025-06
U101038,2025-01-05,South,Mobile Web,Organic Search,2025-01
U101039,2025-12-05,South,Mobile Web,Referral,2025-12
U101040,2025-03-19,North,Mobile App,Organic Search,2025-03
U101041,2025-03-03,North,Mobile Web,Paid Social,2025-03
U101042,2025-05-12,North,Desktop,Influencer,2025-05
U101043,2025-03-30,North,Mobile App,Paid Social,2025-03
U101044,2025-08-25,East,Mobile App,Email/Push,2025-08
U101045,2025-02-11,North,Desktop,Paid Social,2025-02
U101046,2025-03-30,South,Mobile Web,Organic Search,2025-03
U101047,2025-10-23,South,Mobile App,Paid Social,2025-10
U101048,2025-11-24,West,Desktop,Influencer,2025-11
U101049,2025-10-22,West,Mobile App,Email/Push,2025-10
U101050,2025-04-14,East,Mobile App,Paid Social,2025-04
U101051,2025-01-14,North,Mobile App,Paid Social,2025-01
U101052,2025-10-15,South,Mobile App,Paid Social,2025-10
U101053,2025-06-28,West,Mobile Web,Influencer,2025-06
U101054,2025-05-05,North,Mobile App,Paid Social,2025-05
U101055,2025-12-19,South,Mobile App,Organic Search,2025-12
U101056,2025-01-23,West,Mobile App,Paid Social,2025-01
U101057,2025-03-04,South,Mobile App,Referral,2025-03
U101058,2025-05-23,North,Mobile App,Organic Search,2025-05
U101059,2025-06-02,North,Desktop,Referral,2025-06
U101060,2025-05-25,South,Mobile App,Influencer,2025-05
U101061,2025-08-13,North,Mobile App,Paid Social,2025-08
U101062,2025-11-05,East,Mobile App,Organic Search,2025-11
U101063,2025-04-14,East,Mobile Web,Referral,2025-04
U101064,2025-04-14,North,Mobile App,Organic Search,2025-04
U101065,2025-02-08,West,Mobile App,Paid Social,2025-02
U101066,2025-07-17,South,Mobile App,Influencer,2025-07
U101067,2025-05-14,North,Mobile App,Email/Push,2025-05
U101068,2025-03-08,East,Mobile App,Email/Push,2025-03
U101069,2025-06-28,West,Mobile Web,Influencer,2025-06
U101070,2025-02-11,East,Desktop,Organic Search,2025-02
U101071,2025-01-15,West,Mobile App,Paid Social,2025-01
U101072,2025-04-21,East,Desktop,Paid Social,2025-04
U101073,2025-06-06,West,Desktop,Organic Search,2025-06
U101074,2025-10-16,South,Desktop,Paid Social,2025-10
U101075,2025-08-19,East,Desktop,Paid Social,2025-08
U101076,2025-06-06,West,Mobile Web,Influencer,2025-06
U101077,2025-02-07,East,Mobile App,Email/Push,2025-02
U101078,2025-04-07,North,Mobile App,Email/Push,2025-04
U101079,2025-10-16,South,Mobile App,Paid Social,2025-10
U101080,2025-09-11,South,Desktop,Influencer,2025-09
U101081,2025-07-15,North,Mobile App,Paid Social,2025-07
U101082,2025-03-27,West,Mobile App,Organic Search,2025-03
U101083,2025-11-18,North,Mobile App,Referral,2025-11
U101084,2025-01-10,North,Mobile Web,Organic Search,2025-01
U101085,2025-01-05,West,Mobile Web,Email/Push,2025-01
U101086,2025-05-03,South,Mobile App,Paid Social,2025-05
U101087,2025-11-26,North,Mobile App,Organic Search,2025-11
U101088,2025-12-19,South,Mobile Web,Paid Social,2025-12
U101089,2025-04-28,East,Mobile App,Influencer,2025-04
U101090,2025-10-21,North,Mobile App,Organic Search,2025-10
U101091,2025-06-08,West,Mobile App,Referral,2025-06
U101092,2025-10-30,South,Desktop,Referral,2025-10
U101093,2025-08-16,South,Mobile App,Referral,2025-08
U101094,2025-08-04,South,Mobile App,Organic Search,2025-08
U101095,2025-07-03,East,Mobile Web,Paid Social,2025-07
U101096,2025-01-15,North,Mobile App,Referral,2025-01
U101097,2025-06-06,South,Mobile App,Email/Push,2025-06
U101098,2025-05-16,South,Mobile App,Influencer,2025-05
U101099,2025-09-18,West,Desktop,Paid Social,2025-09
U101100,2025-06-06,North,Mobile App,Paid Social,2025-06
U101101,2025-02-16,East,Mobile Web,Organic Search,2025-02
U101102,2025-11-20,West,Desktop,Influencer,2025-11
U101103,2025-11-28,North,Mobile Web,Paid Social,2025-11
U101104,2025-06-22,North,Mobile Web,Referral,2025-06
U101105,2025-05-10,South,Mobile Web,Email/Push,2025-05
U101106,2025-04-05,South,Desktop,Organic Search,2025-04
U101107,2025-04-25,North,Desktop,Paid Social,2025-04
U101108,2025-08-31,South,Desktop,Influencer,2025-08
U101109,2025-10-19,South,Mobile Web,Organic Search,2025-10
U101110,2025-10-09,South,Mobile App,Organic Search,2025-10
U101111,2025-10-26,North,Mobile App,Organic Search,2025-10
U101112,2025-10-10,South,Mobile App,Organic Search,2025-10
U101113,2025-03-10,East,Desktop,Referral,2025-03
U101114,2025-05-28,West,Desktop,Organic Search,2025-05
U101115,2025-01-11,West,Mobile App,Paid Social,2025-01
U101116,2025-09-11,South,Mobile App,Referral,2025-09
U101117,2025-11-26,South,Mobile App,Paid Social,2025-11
U101118,2025-12-26,South,Mobile App,Paid Social,2025-12
U101119,2025-02-07,North,Mobile Web,Referral,2025-02
U101120,2025-05-14,North,Mobile App,Influencer,2025-05
U101121,2025-07-19,East,Mobile App,Paid Social,2025-07
U101122,2025-01-23,North,Mobile App,Paid Social,2025-01
U101123,2025-10-30,North,Mobile App,Referral,2025-10
U101124,2025-12-12,West,Desktop,Referral,2025-12
U101125,2025-10-29,North,Mobile App,Organic Search,2025-10
U101126,2025-12-29,North,Desktop,Paid Social,2025-12
U101127,2025-08-06,North,Mobile App,Paid Social,2025-08
U101128,2025-05-21,South,Mobile App,Influencer,2025-05
U101129,2025-04-14,East,Mobile App,Organic Search,2025-04
U101130,2025-07-29,South,Mobile Web,Influencer,2025-07
U101131,2025-04-21,South,Mobile App,Organic Search,2025-04
U101132,2025-04-14,West,Mobile App,Organic Search,2025-04
U101133,2025-11-12,West,Mobile App,Email/Push,2025-11
U101134,2025-06-20,West,Mobile App,Paid Social,2025-06
U101135,2025-12-22,West,Mobile App,Organic Search,2025-12
U101136,2025-11-20,South,Mobile App,Paid Social,2025-11
U101137,2025-05-13,North,Mobile Web,Organic Search,2025-05
U101138,2025-10-20,North,Mobile App,Paid Social,2025-10
U101139,2025-11-24,North,Mobile App,Paid Social,2025-11
U101140,2025-05-07,East,Mobile App,Email/Push,2025-05
U101141,2025-04-16,West,Desktop,Organic Search,2025-04
U101142,2025-04-02,South,Mobile App,Influencer,2025-04
U101143,2025-10-14,North,Desktop,Organic Search,2025-10
U101144,2025-02-20,South,Mobile App,Organic Search,2025-02
U101145,2025-01-29,West,Mobile Web,Paid Social,2025-01
U101146,2025-10-23,South,Mobile App,Organic Search,2025-10
U101147,2025-10-24,West,Mobile App,Organic Search,2025-10
U101148,2025-08-02,West,Mobile Web,Paid Social,2025-08
U101149,2025-09-24,West,Mobile Web,Influencer,2025-09
U101150,2025-09-14,East,Mobile Web,Paid Social,2025-09
U101151,2025-10-29,East,Mobile Web,Organic Search,2025-10
U101152,2025-04-11,North,Mobile App,Organic Search,2025-04
U101153,2025-12-12,North,Mobile App,Email/Push,2025-12
U101154,2025-04-20,South,Mobile App,Paid Social,2025-04
U101155,2025-07-01,North,Desktop,Organic Search,2025-07
U101156,2025-11-09,West,Mobile App,Organic Search,2025-11
U101157,2025-01-01,South,Desktop,Paid Social,2025-01
U101158,2025-11-15,West,Mobile App,Referral,2025-11
U101159,2025-02-24,South,Mobile Web,Paid Social,2025-02
U101160,2025-05-29,South,Mobile App,Paid Social,2025-05
U101161,2025-11-05,West,Mobile App,Paid Social,2025-11
U101162,2025-05-17,South,Mobile Web,Influencer,2025-05
U101163,2025-07-21,South,Mobile App,Paid Social,2025-07
U101164,2025-11-09,North,Desktop,Organic Search,2025-11
U101165,2025-04-27,East,Mobile Web,Paid Social,2025-04
U101166,2025-06-03,South,Mobile App,Paid Social,2025-06
U101167,2025-10-18,South,Desktop,Paid Social,2025-10
U101168,2025-03-04,South,Mobile Web,Organic Search,2025-03
U101169,2025-09-01,East,Mobile Web,Paid Social,2025-09
U101170,2025-01-25,East,Mobile App,Paid Social,2025-01
U101171,2025-03-31,South,Mobile App,Influencer,2025-03
U101172,2025-03-16,South,Mobile Web,Organic Search,2025-03
U101173,2025-10-21,West,Desktop,Paid Social,2025-10
U101174,2025-07-29,South,Mobile App,Organic Search,2025-07
U101175,2025-12-13,South,Mobile App,Paid Social,2025-12
U101176,2025-01-17,South,Mobile App,Organic Search,2025-01
U101177,2025-05-08,West,Mobile App,Organic Search,2025-05
U101178,2025-12-30,South,Mobile Web,Paid Social,2025-12
U101179,2025-09-08,South,Mobile Web,Paid Social,2025-09
U101180,2025-06-28,East,Mobile App,Organic Search,2025-06
U101181,2025-07-01,East,Desktop,Influencer,2025-07
U101182,2025-06-01,North,Mobile App,Paid Social,2025-06
U101183,2025-01-25,South,Mobile Web,Paid Social,2025-01
U101184,2025-06-29,East,Mobile App,Organic Search,2025-06
U101185,2025-07-17,West,Mobile App,Organic Search,2025-07
U101186,2025-12-10,East,Desktop,Paid Social,2025-12
U101187,2025-06-10,South,Mobile App,Paid Social,2025-06
U101188,2025-06-26,North,Mobile App,Paid Social,2025-06
U101189,2025-10-12,West,Mobile App,Paid Social,2025-10
U101190,2025-03-04,West,Mobile App,Paid Social,2025-03
U101191,2025-05-30,North,Mobile App,Paid Social,2025-05
U101192,2025-06-03,North,Mobile App,Referral,2025-06
U101193,2025-06-05,East,Desktop,Email/Push,2025-06
U101194,2025-02-18,South,Mobile Web,Referral,2025-02
U101195,2025-12-03,South,Mobile App,Organic Search,2025-12
U101196,2025-03-25,North,Mobile Web,Referral,2025-03
U101197,2025-12-27,North,Mobile App,Organic Search,2025-12
U101198,2025-06-26,South,Mobile App,Influencer,2025-06
U101199,2025-05-28,East,Mobile App,Referral,2025-05
U101200,2025-04-28,South,Mobile App,Referral,2025-04
U101201,2025-12-08,South,Desktop,Paid Social,2025-12
U101202,2025-03-04,South,Mobile App,Organic Search,2025-03
U101203,2025-07-08,South,Mobile Web,Organic Search,2025-07
U101204,2025-12-26,North,Mobile App,Paid Social,2025-12
U101205,2025-02-18,South,Mobile App,Paid Social,2025-02
U101206,2025-11-23,East,Mobile Web,Organic Search,2025-11
U101207,2025-09-14,North,Mobile App,Organic Search,2025-09
U101208,2025-08-12,North,Mobile App,Email/Push,2025-08
U101209,2025-05-21,North,Mobile App,Paid Social,2025-05
U101210,2025-08-03,South,Mobile App,Paid Social,2025-08
U101211,2025-07-30,West,Desktop,Influencer,2025-07
U101212,2025-11-14,North,Mobile App,Email/Push,2025-11
U101213,2025-02-01,West,Mobile App,Organic Search,2025-02
U101214,2025-06-07,North,Desktop,Paid Social,2025-06
U101215,2025-10-12,West,Mobile App,Organic Search,2025-10
U101216,2025-11-01,South,Mobile App,Paid Social,2025-11
U101217,2025-10-13,East,Mobile App,Influencer,2025-10
U101218,2025-05-24,South,Mobile App,Referral,2025-05
U101219,2025-01-19,South,Mobile App,Paid Social,2025-01
U101220,2025-01-18,West,Mobile App,Influencer,2025-01
U101221,2025-09-14,East,Desktop,Referral,2025-09
U101222,2025-03-19,South,Mobile App,Email/Push,2025-03
U101223,2025-06-24,North,Mobile App,Email/Push,2025-06
U101224,2025-07-13,North,Mobile App,Paid Social,2025-07
U101225,2025-04-23,West,Mobile App,Paid Social,2025-04
U101226,2025-04-24,South,Desktop,Organic Search,2025-04
U101227,2025-08-10,South,Mobile App,Email/Push,2025-08
U101228,2025-06-15,East,Mobile App,Email/Push,2025-06
U101229,2025-11-15,West,Mobile App,Organic Search,2025-11
U101230,2025-05-12,East,Mobile App,Paid Social,2025-05
U101231,2025-09-21,East,Mobile Web,Paid Social,2025-09
U101232,2025-02-24,East,Mobile App,Influencer,2025-02
U101233,2025-12-25,South,Mobile App,Organic Search,2025-12
U101234,2025-05-11,North,Mobile App,Organic Search,2025-05
U101235,2025-10-15,West,Mobile App,Organic Search,2025-10
U101236,2025-09-23,South,Mobile App,Referral,2025-09
U101237,2025-06-11,West,Mobile App,Influencer,2025-06
U101238,2025-03-28,North,Desktop,Paid Social,2025-03
U101239,2025-02-24,North,Mobile App,Paid Social,2025-02
U101240,2025-10-15,West,Desktop,Referral,2025-10
U101241,2025-06-27,East,Mobile App,Influencer,2025-06
U101242,2025-12-15,South,Mobile Web,Organic Search,2025-12
U101243,2025-01-08,East,Mobile App,Paid Social,2025-01
U101244,2025-11-17,East,Mobile Web,Paid Social,2025-11
U101245,2025-11-09,South,Mobile App,Paid Social,2025-11
U101246,2025-09-04,North,Mobile App,Paid Social,2025-09
U101247,2025-11-19,West,Mobile Web,Organic Search,2025-11
U101248,2025-09-12,West,Mobile App,Paid Social,2025-09
U101249,2025-11-24,North,Mobile App,Organic Search,2025-11
U101250,2025-02-23,West,Mobile App,Paid Social,2025-02
U101251,2025-09-06,West,Mobile App,Paid Social,2025-09
U101252,2025-08-27,South,Mobile App,Organic Search,2025-08
U101253,2025-08-17,East,Mobile App,Organic Search,2025-08
U101254,2025-03-08,South,Mobile App,Paid Social,2025-03
U101255,2025-02-20,South,Mobile App,Influencer,2025-02
U101256,2025-04-07,East,Mobile App,Paid Social,2025-04
U101257,2025-04-02,West,Mobile App,Organic Search,2025-04
U101258,2025-09-21,East,Mobile App,Organic Search,2025-09
U101259,2025-10-18,South,Desktop,Influencer,2025-10
U101260,2025-04-06,North,Mobile App,Organic Search,2025-04
U101261,2025-03-29,North,Desktop,Organic Search,2025-03
U101262,2025-03-19,South,Mobile Web,Organic Search,2025-03
U101263,2025-10-15,North,Desktop,Paid Social,2025-10
U101264,2025-04-30,South,Mobile Web,Referral,2025-04
U101265,2025-10-29,South,Mobile Web,Paid Social,2025-10
U101266,2025-06-14,East,Mobile App,Influencer,2025-06
U101267,2025-07-01,South,Mobile App,Paid Social,2025-07
U101268,2025-08-11,South,Mobile App,Email/Push,2025-08
U101269,2025-11-07,South,Desktop,Paid Social,2025-11
U101270,2025-01-07,North,Desktop,Influencer,2025-01
U101271,2025-11-26,North,Mobile Web,Organic Search,2025-11
U101272,2025-09-20,South,Desktop,Paid Social,2025-09
U101273,2025-06-10,West,Desktop,Paid Social,2025-06
U101274,2025-05-31,North,Mobile App,Influencer,2025-05
U101275,2025-03-26,East,Mobile Web,Paid Social,2025-03
U101276,2025-05-27,West,Mobile App,Paid Social,2025-05
U101277,2025-04-22,West,Mobile App,Paid Social,2025-04
U101278,2025-02-05,North,Mobile App,Email/Push,2025-02
U101279,2025-10-12,West,Mobile App,Paid Social,2025-10
U101280,2025-07-07,North,Mobile Web,Paid Social,2025-07
U101281,2025-03-23,South,Mobile App,Email/Push,2025-03
U101282,2025-01-02,West,Desktop,Influencer,2025-01
U101283,2025-10-30,East,Mobile App,Paid Social,2025-10
U101284,2025-07-16,South,Mobile App,Influencer,2025-07
U101285,2025-01-11,South,Mobile Web,Paid Social,2025-01
U101286,2025-08-22,South,Mobile Web,Paid Social,2025-08
U101287,2025-07-14,South,Mobile App,Influencer,2025-07
U101288,2025-04-29,South,Mobile App,Influencer,2025-04
U101289,2025-01-20,West,Mobile App,Paid Social,2025-01
U101290,2025-09-18,West,Desktop,Paid Social,2025-09
U101291,2025-10-20,West,Mobile App,Paid Social,2025-10
U101292,2025-09-13,South,Mobile App,Influencer,2025-09
U101293,2025-08-10,East,Mobile App,Email/Push,2025-08
U101294,2025-08-14,West,Desktop,Paid Social,2025-08
U101295,2025-02-22,West,Mobile Web,Influencer,2025-02
U101296,2025-12-21,South,Mobile Web,Paid Social,2025-12
U101297,2025-12-08,North,Mobile App,Referral,2025-12
U101298,2025-12-30,North,Desktop,Paid Social,2025-12
U101299,2025-10-07,South,Mobile Web,Organic Search,2025-10
U101300,2025-03-22,East,Mobile Web,Paid Social,2025-03
U101301,2025-07-21,West,Mobile App,Email/Push,2025-07
U101302,2025-06-07,South,Desktop,Paid Social,2025-06
U101303,2025-04-30,North,Mobile Web,Organic Search,2025-04
U101304,2025-02-28,South,Desktop,Influencer,2025-02
U101305,2025-08-03,South,Mobile App,Organic Search,2025-08
U101306,2025-05-08,North,Mobile App,Paid Social,2025-05
U101307,2025-08-12,East,Mobile App,Organic Search,2025-08
U101308,2025-07-28,South,Mobile App,Influencer,2025-07
U101309,2025-04-25,East,Mobile App,Organic Search,2025-04
U101310,2025-07-28,South,Mobile App,Paid Social,2025-07
U101311,2025-01-14,South,Mobile App,Organic Search,2025-01
U101312,2025-01-09,South,Mobile Web,Email/Push,2025-01
U101313,2025-02-09,West,Mobile App,Paid Social,2025-02
U101314,2025-08-25,North,Mobile App,Organic Search,2025-08
U101315,2025-10-08,West,Desktop,Referral,2025-10
U101316,2025-12-25,South,Mobile App,Paid Social,2025-12
U101317,2025-07-20,West,Mobile App,Organic Search,2025-07
U101318,2025-09-03,West,Mobile App,Email/Push,2025-09
U101319,2025-10-05,South,Mobile App,Paid Social,2025-10
U101320,2025-08-23,East,Mobile App,Referral,2025-08
U101321,2025-01-04,North,Mobile App,Influencer,2025-01
U101322,2025-06-03,West,Desktop,Paid Social,2025-06
U101323,2025-01-29,South,Mobile App,Paid Social,2025-01
U101324,2025-04-19,South,Mobile App,Influencer,2025-04
U101325,2025-04-08,East,Mobile Web,Influencer,2025-04
U101326,2025-08-03,West,Mobile App,Paid Social,2025-08
U101327,2025-10-20,North,Mobile App,Paid Social,2025-10
U101328,2025-03-16,East,Desktop,Referral,2025-03
U101329,2025-11-22,South,Mobile App,Organic Search,2025-11
U101330,2025-05-26,South,Desktop,Organic Search,2025-05
U101331,2025-05-08,East,Mobile App,Email/Push,2025-05
U101332,2025-12-07,South,Mobile Web,Organic Search,2025-12
U101333,2025-02-11,South,Mobile App,Influencer,2025-02
U101334,2025-12-22,West,Mobile App,Referral,2025-12
U101335,2025-02-10,North,Mobile Web,Paid Social,2025-02
U101336,2025-02-03,East,Desktop,Referral,2025-02
U101337,2025-01-17,North,Mobile Web,Organic Search,2025-01
U101338,2025-06-14,North,Mobile App,Paid Social,2025-06
U101339,2025-06-02,North,Desktop,Paid Social,2025-06
U101340,2025-03-17,East,Mobile App,Organic Search,2025-03
U101341,2025-03-28,East,Mobile App,Organic Search,2025-03
U101342,2025-04-27,North,Mobile App,Email/Push,2025-04
U101343,2025-12-28,North,Mobile Web,Influencer,2025-12
U101344,2025-12-08,West,Mobile Web,Paid Social,2025-12
U101345,2025-01-27,North,Mobile Web,Influencer,2025-01
U101346,2025-11-09,West,Desktop,Paid Social,2025-11
U101347,2025-10-14,North,Mobile Web,Paid Social,2025-10
U101348,2025-05-14,East,Mobile App,Paid Social,2025-05
U101349,2025-08-07,South,Mobile App,Organic Search,2025-08
U101350,2025-06-17,West,Desktop,Paid Social,2025-06
U101351,2025-04-08,East,Mobile App,Organic Search,2025-04
U101352,2025-09-25,South,Mobile App,Paid Social,2025-09
U101353,2025-08-25,North,Mobile App,Paid Social,2025-08
U101354,2025-11-05,East,Mobile App,Email/Push,2025-11
U101355,2025-06-22,East,Mobile Web,Email/Push,2025-06
U101356,2025-07-09,North,Mobile App,Referral,2025-07
U101357,2025-05-02,North,Desktop,Organic Search,2025-05
U101358,2025-02-15,West,Mobile App,Referral,2025-02
U101359,2025-03-05,North,Mobile Web,Influencer,2025-03
U101360,2025-05-10,East,Mobile Web,Referral,2025-05
U101361,2025-11-06,South,Mobile Web,Paid Social,2025-11
U101362,2025-12-29,West,Desktop,Paid Social,2025-12
U101363,2025-07-12,West,Mobile App,Organic Search,2025-07
U101364,2025-11-03,West,Mobile App,Organic Search,2025-11
U101365,2025-06-30,North,Mobile App,Organic Search,2025-06
U101366,2025-10-19,West,Desktop,Influencer,2025-10
U101367,2025-10-09,North,Desktop,Referral,2025-10
U101368,2025-01-29,South,Mobile App,Paid Social,2025-01
U101369,2025-05-29,South,Mobile Web,Paid Social,2025-05
U101370,2025-09-24,North,Mobile App,Referral,2025-09
U101371,2025-10-23,West,Mobile App,Paid Social,2025-10
U101372,2025-01-11,North,Mobile Web,Paid Social,2025-01
U101373,2025-06-13,East,Mobile App,Influencer,2025-06
U101374,2025-04-23,West,Mobile App,Organic Search,2025-04
U101375,2025-07-06,West,Mobile Web,Influencer,2025-07
U101376,2025-10-22,North,Mobile Web,Influencer,2025-10
U101377,2025-08-20,South,Mobile App,Influencer,2025-08
U101378,2025-08-15,West,Mobile Web,Paid Social,2025-08
U101379,2025-11-06,South,Mobile App,Paid Social,2025-11
U101380,2025-04-08,South,Mobile App,Paid Social,2025-04
U101381,2025-02-24,North,Mobile Web,Paid Social,2025-02
U101382,2025-04-21,South,Mobile App,Organic Search,2025-04
U101383,2025-06-01,West,Mobile App,Influencer,2025-06
U101384,2025-09-03,South,Mobile App,Email/Push,2025-09
U101385,2025-03-10,South,Desktop,Influencer,2025-03
U101386,2025-11-08,South,Mobile App,Organic Search,2025-11
U101387,2025-10-16,South,Mobile App,Referral,2025-10
U101388,2025-09-07,North,Mobile App,Paid Social,2025-09
U101389,2025-02-05,South,Mobile App,Organic Search,2025-02
U101390,2025-08-27,South,Mobile App,Influencer,2025-08
U101391,2025-05-28,East,Mobile App,Paid Social,2025-05
U101392,2025-08-15,South,Mobile Web,Organic Search,2025-08
U101393,2025-09-01,South,Mobile Web,Influencer,2025-09
U101394,2025-12-03,South,Mobile Web,Paid Social,2025-12
U101395,2025-07-20,North,Mobile App,Email/Push,2025-07
U101396,2025-06-03,West,Mobile App,Paid Social,2025-06
U101397,2025-03-14,South,Mobile App,Influencer,2025-03
U101398,2025-07-20,North,Mobile App,Organic Search,2025-07
U101399,2025-10-23,North,Mobile App,Paid Social,2025-10
U101400,2025-01-17,West,Mobile Web,Paid Social,2025-01
U101401,2025-05-09,North,Mobile App,Referral,2025-05
U101402,2025-08-05,West,Mobile App,Influencer,2025-08
U101403,2025-03-02,North,Mobile App,Referral,2025-03
U101404,2025-04-14,West,Mobile App,Email/Push,2025-04
U101405,2025-02-11,West,Desktop,Influencer,2025-02
U101406,2025-01-25,South,Mobile App,Paid Social,2025-01
U101407,2025-02-08,North,Desktop,Referral,2025-02
U101408,2025-10-18,North,Mobile App,Paid Social,2025-10
U101409,2025-05-11,South,Desktop,Organic Search,2025-05
U101410,2025-08-17,South,Mobile App,Paid Social,2025-08
U101411,2025-04-18,South,Desktop,Paid Social,2025-04
U101412,2025-06-21,North,Mobile App,Referral,2025-06
U101413,2025-04-12,South,Mobile App,Paid Social,2025-04
U101414,2025-12-20,South,Mobile App,Referral,2025-12
U101415,2025-01-12,South,Mobile App,Email/Push,2025-01
U101416,2025-10-02,North,Mobile App,Paid Social,2025-10
U101417,2025-04-11,West,Mobile App,Influencer,2025-04
U101418,2025-02-13,South,Mobile App,Referral,2025-02
U101419,2025-11-01,East,Mobile App,Paid Social,2025-11
U101420,2025-01-17,South,Mobile Web,Influencer,2025-01
U101421,2025-11-26,North,Mobile App,Paid Social,2025-11
U101422,2025-02-26,South,Mobile App,Paid Social,2025-02
U101423,2025-11-07,South,Desktop,Paid Social,2025-11
U101424,2025-10-30,West,Desktop,Organic Search,2025-10
U101425,2025-01-12,East,Desktop,Organic Search,2025-01
U101426,2025-11-14,North,Mobile Web,Organic Search,2025-11
U101427,2025-03-21,West,Mobile App,Paid Social,2025-03
U101428,2025-08-04,South,Desktop,Influencer,2025-08
U101429,2025-12-05,West,Mobile App,Influencer,2025-12
U101430,2025-09-21,West,Mobile App,Organic Search,2025-09
U101431,2025-05-29,North,Mobile Web,Paid Social,2025-05
U101432,2025-03-22,South,Mobile App,Paid Social,2025-03
U101433,2025-08-03,South,Mobile App,Influencer,2025-08
U101434,2025-07-17,East,Mobile App,Paid Social,2025-07
U101435,2025-07-19,South,Mobile App,Paid Social,2025-07
U101436,2025-01-25,West,Mobile App,Organic Search,2025-01
U101437,2025-03-30,East,Mobile App,Referral,2025-03
U101438,2025-09-25,North,Mobile App,Organic Search,2025-09
U101439,2025-05-23,North,Mobile App,Paid Social,2025-05
U101440,2025-02-28,East,Mobile App,Referral,2025-02
U101441,2025-01-26,North,Mobile App,Referral,2025-01
U101442,2025-02-16,West,Desktop,Referral,2025-02
U101443,2025-10-15,South,Mobile App,Paid Social,2025-10
U101444,2025-09-23,South,Desktop,Influencer,2025-09
U101445,2025-01-16,North,Mobile App,Organic Search,2025-01
U101446,2025-07-18,East,Mobile App,Organic Search,2025-07
U101447,2025-10-09,North,Mobile App,Organic Search,2025-10
U101448,2025-03-27,East,Mobile App,Paid Social,2025-03
U101449,2025-09-07,South,Mobile App,Paid Social,2025-09
U101450,2025-09-27,West,Mobile App,Paid Social,2025-09
U101451,2025-12-01,South,Mobile App,Organic Search,2025-12
U101452,2025-04-27,North,Mobile App,Organic Search,2025-04
U101453,2025-01-07,East,Mobile Web,Referral,2025-01
U101454,2025-05-17,North,Desktop,Paid Social,2025-05
U101455,2025-06-25,South,Mobile App,Email/Push,2025-06
U101456,2025-11-24,North,Mobile Web,Paid Social,2025-11
U101457,2025-11-11,East,Mobile Web,Organic Search,2025-11
U101458,2025-08-03,West,Mobile App,Paid Social,2025-08
U101459,2025-03-23,South,Desktop,Referral,2025-03
U101460,2025-08-11,South,Desktop,Referral,2025-08
U101461,2025-04-13,East,Mobile App,Email/Push,2025-04
U101462,2025-09-30,North,Mobile Web,Paid Social,2025-09
U101463,2025-01-14,West,Mobile Web,Paid Social,2025-01
U101464,2025-06-08,North,Mobile App,Referral,2025-06
U101465,2025-06-01,West,Mobile App,Referral,2025-06
U101466,2025-04-18,East,Desktop,Email/Push,2025-04
U101467,2025-07-07,East,Mobile Web,Paid Social,2025-07
U101468,2025-10-28,East,Mobile App,Referral,2025-10
U101469,2025-04-08,South,Mobile App,Paid Social,2025-04
U101470,2025-05-11,South,Desktop,Organic Search,2025-05
U101471,2025-10-20,North,Mobile App,Paid Social,2025-10
U101472,2025-06-20,East,Mobile Web,Referral,2025-06
U101473,2025-07-02,East,Mobile App,Organic Search,2025-07
U101474,2025-12-30,West,Mobile App,Paid Social,2025-12
U101475,2025-02-08,South,Mobile App,Paid Social,2025-02
U101476,2025-01-15,North,Mobile App,Organic Search,2025-01
U101477,2025-01-04,South,Mobile App,Paid Social,2025-01
U101478,2025-12-15,East,Mobile App,Paid Social,2025-12
U101479,2025-07-29,North,Mobile Web,Paid Social,2025-07
U101480,2025-06-10,South,Mobile App,Influencer,2025-06
U101481,2025-01-16,West,Mobile Web,Organic Search,2025-01
U101482,2025-04-18,South,Mobile App,Paid Social,2025-04
U101483,2025-11-07,South,Mobile App,Email/Push,2025-11
U101484,2025-08-15,South,Mobile App,Paid Social,2025-08
U101485,2025-06-19,East,Mobile App,Influencer,2025-06
U101486,2025-02-03,South,Desktop,Organic Search,2025-02
U101487,2025-09-08,East,Mobile Web,Email/Push,2025-09
U101488,2025-09-04,North,Mobile App,Organic Search,2025-09
U101489,2025-09-26,West,Mobile Web,Referral,2025-09
U101490,2025-05-21,South,Mobile App,Paid Social,2025-05
U101491,2025-10-01,South,Mobile App,Email/Push,2025-10
U101492,2025-04-06,East,Mobile App,Organic Search,2025-04
U101493,2025-08-15,East,Mobile Web,Organic Search,2025-08
U101494,2025-02-08,North,Mobile App,Paid Social,2025-02
U101495,2025-10-29,East,Desktop,Email/Push,2025-10
U101496,2025-01-29,North,Mobile App,Referral,2025-01
U101497,2025-11-14,West,Mobile App,Paid Social,2025-11
U101498,2025-09-02,West,Desktop,Paid Social,2025-09
U101499,2025-08-24,South,Mobile App,Organic Search,2025-08
U101500,2025-07-04,West,Mobile Web,Paid Social,2025-07
U101501,2025-09-29,South,Mobile Web,Paid Social,2025-09
U101502,2025-08-24,North,Desktop,Email/Push,2025-08
U101503,2025-08-27,West,Mobile App,Referral,2025-08
U101504,2025-09-23,East,Mobile App,Email/Push,2025-09
U101505,2025-12-25,South,Mobile Web,Organic Search,2025-12
U101506,2025-12-06,South,Mobile App,Referral,2025-12
U101507,2025-03-06,South,Mobile App,Organic Search,2025-03
U101508,2025-06-26,West,Mobile App,Paid Social,2025-06
U101509,2025-01-03,North,Mobile App,Organic Search,2025-01
U101510,2025-05-22,South,Mobile App,Organic Search,2025-05
U101511,2025-06-07,South,Mobile App,Email/Push,2025-06
U101512,2025-11-20,South,Mobile App,Organic Search,2025-11
U101513,2025-05-26,South,Mobile App,Influencer,2025-05
U101514,2025-10-20,North,Mobile App,Referral,2025-10
U101515,2025-06-02,North,Mobile Web,Organic Search,2025-06
U101516,2025-07-12,North,Mobile Web,Organic Search,2025-07
U101517,2025-03-14,West,Mobile App,Organic Search,2025-03
U101518,2025-11-01,North,Mobile App,Paid Social,2025-11
U101519,2025-12-10,East,Mobile App,Influencer,2025-12
U101520,2025-05-20,East,Mobile App,Influencer,2025-05
U101521,2025-07-06,West,Mobile Web,Paid Social,2025-07
U101522,2025-10-20,West,Mobile Web,Email/Push,2025-10
U101523,2025-03-02,North,Desktop,Paid Social,2025-03
U101524,2025-07-17,North,Mobile App,Organic Search,2025-07
U101525,2025-10-22,South,Mobile App,Organic Search,2025-10
U101526,2025-11-15,North,Mobile App,Paid Social,2025-11
U101527,2025-10-29,East,Mobile App,Paid Social,2025-10
U101528,2025-12-10,East,Mobile App,Organic Search,2025-12
U101529,2025-01-11,West,Mobile App,Paid Social,2025-01
U101530,2025-03-03,North,Mobile App,Paid Social,2025-03
U101531,2025-11-29,West,Mobile App,Paid Social,2025-11
U101532,2025-08-14,South,Mobile App,Paid Social,2025-08
U101533,2025-06-02,South,Mobile App,Paid Social,2025-06
U101534,2025-07-18,South,Desktop,Organic Search,2025-07
U101535,2025-02-21,East,Mobile App,Influencer,2025-02
U101536,2025-09-17,South,Mobile App,Paid Social,2025-09
U101537,2025-02-28,West,Mobile App,Paid Social,2025-02
U101538,2025-03-13,West,Desktop,Referral,2025-03
U101539,2025-05-28,West,Mobile App,Paid Social,2025-05
U101540,2025-12-15,North,Desktop,Referral,2025-12
U101541,2025-03-04,West,Mobile App,Paid Social,2025-03
U101542,2025-11-06,West,Mobile Web,Paid Social,2025-11
U101543,2025-08-31,North,Mobile App,Paid Social,2025-08
U101544,2025-11-26,North,Mobile App,Paid Social,2025-11
U101545,2025-04-17,North,Mobile App,Influencer,2025-04
U101546,2025-08-14,North,Mobile App,Paid Social,2025-08
U101547,2025-11-09,South,Mobile Web,Email/Push,2025-11
U101548,2025-08-06,West,Mobile Web,Paid Social,2025-08
U101549,2025-08-29,South,Mobile App,Email/Push,2025-08
U101550,2025-09-16,South,Desktop,Paid Social,2025-09
U101551,2025-09-19,West,Mobile App,Paid Social,2025-09
U101552,2025-01-05,North,Desktop,Organic Search,2025-01
U101553,2025-09-18,West,Mobile App,Paid Social,2025-09
U101554,2025-02-23,South,Desktop,Influencer,2025-02
U101555,2025-02-16,South,Mobile App,Organic Search,2025-02
U101556,2025-08-03,South,Mobile App,Referral,2025-08
U101557,2025-06-26,South,Mobile App,Paid Social,2025-06
U101558,2025-01-09,North,Mobile App,Referral,2025-01
U101559,2025-04-09,East,Mobile App,Organic Search,2025-04
U101560,2025-01-20,South,Mobile App,Referral,2025-01
U101561,2025-08-29,West,Desktop,Paid Social,2025-08
U101562,2025-03-02,South,Desktop,Email/Push,2025-03
U101563,2025-06-27,North,Desktop,Email/Push,2025-06
U101564,2025-12-04,East,Desktop,Influencer,2025-12
U101565,2025-03-03,North,Mobile Web,Organic Search,2025-03
U101566,2025-05-25,East,Desktop,Organic Search,2025-05
U101567,2025-08-04,West,Desktop,Paid Social,2025-08
U101568,2025-01-03,East,Mobile App,Email/Push,2025-01
U101569,2025-06-09,North,Mobile Web,Email/Push,2025-06
U101570,2025-08-15,South,Desktop,Paid Social,2025-08
U101571,2025-09-26,East,Mobile Web,Organic Search,2025-09
U101572,2025-04-30,West,Mobile App,Influencer,2025-04
U101573,2025-03-30,North,Mobile App,Paid Social,2025-03
U101574,2025-11-25,South,Mobile Web,Paid Social,2025-11
U101575,2025-03-09,South,Desktop,Email/Push,2025-03
U101576,2025-12-23,North,Mobile App,Influencer,2025-12
U101577,2025-04-08,South,Mobile App,Influencer,2025-04
U101578,2025-09-24,South,Mobile App,Paid Social,2025-09
U101579,2025-04-15,West,Mobile App,Paid Social,2025-04
U101580,2025-11-19,West,Mobile App,Organic Search,2025-11
U101581,2025-05-03,East,Mobile App,Organic Search,2025-05
U101582,2025-01-29,South,Desktop,Paid Social,2025-01
U101583,2025-05-17,North,Mobile Web,Influencer,2025-05
U101584,2025-07-14,West,Mobile App,Influencer,2025-07
U101585,2025-08-14,West,Desktop,Paid Social,2025-08
U101586,2025-11-28,West,Mobile App,Paid Social,2025-11
U101587,2025-06-19,West,Mobile App,Paid Social,2025-06
U101588,2025-01-09,South,Mobile App,Organic Search,2025-01
U101589,2025-02-09,West,Mobile Web,Paid Social,2025-02
U101590,2025-01-25,South,Mobile Web,Organic Search,2025-01
U101591,2025-09-18,South,Desktop,Organic Search,2025-09
U101592,2025-08-14,East,Mobile App,Influencer,2025-08
U101593,2025-05-04,North,Mobile App,Paid Social,2025-05
U101594,2025-02-07,North,Mobile App,Organic Search,2025-02
U101595,2025-11-24,South,Mobile Web,Referral,2025-11
U101596,2025-09-08,South,Mobile Web,Organic Search,2025-09
U101597,2025-06-25,West,Mobile App,Email/Push,2025-06
U101598,2025-03-31,North,Mobile App,Organic Search,2025-03
U101599,2025-02-06,North,Desktop,Influencer,2025-02
U101600,2025-11-12,North,Desktop,Paid Social,2025-11
U101601,2025-06-25,North,Mobile App,Organic Search,2025-06
U101602,2025-10-11,North,Mobile Web,Organic Search,2025-10
U101603,2025-03-22,East,Mobile Web,Email/Push,2025-03
U101604,2025-04-24,South,Mobile App,Paid Social,2025-04
U101605,2025-02-09,East,Mobile App,Paid Social,2025-02
U101606,2025-10-28,West,Mobile App,Organic Search,2025-10
U101607,2025-08-12,East,Mobile App,Paid Social,2025-08
U101608,2025-11-14,North,Mobile App,Referral,2025-11
U101609,2025-12-15,North,Mobile App,Email/Push,2025-12
U101610,2025-04-25,West,Mobile App,Email/Push,2025-04
U101611,2025-07-05,South,Mobile App,Paid Social,2025-07
U101612,2025-11-19,West,Mobile App,Paid Social,2025-11
U101613,2025-02-25,West,Mobile Web,Organic Search,2025-02
U101614,2025-02-09,West,Mobile App,Organic Search,2025-02
U101615,2025-12-20,West,Mobile App,Referral,2025-12
U101616,2025-02-09,South,Desktop,Referral,2025-02
U101617,2025-12-13,South,Mobile App,Organic Search,2025-12
U101618,2025-08-25,West,Mobile Web,Paid Social,2025-08
U101619,2025-10-16,South,Mobile App,Influencer,2025-10
U101620,2025-09-19,North,Desktop,Paid Social,2025-09
U101621,2025-08-04,East,Mobile Web,Paid Social,2025-08
U101622,2025-05-27,South,Mobile App,Influencer,2025-05
U101623,2025-12-02,West,Mobile Web,Organic Search,2025-12
U101624,2025-06-17,East,Mobile App,Referral,2025-06
U101625,2025-04-02,South,Desktop,Organic Search,2025-04
U101626,2025-12-19,West,Mobile App,Paid Social,2025-12
U101627,2025-02-28,West,Mobile Web,Paid Social,2025-02
U101628,2025-02-28,East,Mobile App,Organic Search,2025-02
U101629,2025-10-31,South,Mobile Web,Paid Social,2025-10
U101630,2025-06-18,South,Desktop,Referral,2025-06
U101631,2025-09-26,East,Desktop,Influencer,2025-09
U101632,2025-12-29,North,Mobile App,Organic Search,2025-12
U101633,2025-02-14,North,Mobile App,Influencer,2025-02
U101634,2025-12-11,East,Mobile App,Influencer,2025-12
U101635,2025-06-30,South,Mobile App,Influencer,2025-06
U101636,2025-06-19,South,Mobile App,Referral,2025-06
U101637,2025-12-22,North,Mobile App,Paid Social,2025-12
U101638,2025-07-10,South,Mobile App,Organic Search,2025-07
U101639,2025-06-04,East,Mobile App,Referral,2025-06
U101640,2025-07-07,North,Mobile App,Paid Social,2025-07
U101641,2025-01-07,North,Mobile App,Referral,2025-01
U101642,2025-05-13,East,Mobile App,Organic Search,2025-05
U101643,2025-08-23,West,Mobile Web,Paid Social,2025-08
U101644,2025-02-14,East,Mobile App,Organic Search,2025-02
U101645,2025-11-10,North,Mobile App,Paid Social,2025-11
U101646,2025-09-06,South,Mobile App,Paid Social,2025-09
U101647,2025-01-31,West,Mobile App,Influencer,2025-01
U101648,2025-01-23,North,Mobile Web,Organic Search,2025-01
U101649,2025-06-09,East,Mobile App,Organic Search,2025-06
U101650,2025-12-29,South,Mobile App,Paid Social,2025-12
U101651,2025-06-07,North,Desktop,Organic Search,2025-06
U101652,2025-02-08,West,Desktop,Paid Social,2025-02
U101653,2025-03-23,East,Mobile App,Referral,2025-03
U101654,2025-12-22,East,Mobile App,Influencer,2025-12
U101655,2025-09-15,North,Mobile App,Influencer,2025-09
U101656,2025-07-25,North,Mobile App,Paid Social,2025-07
U101657,2025-03-18,South,Mobile App,Organic Search,2025-03
U101658,2025-01-12,South,Mobile Web,Influencer,2025-01
U101659,2025-10-22,North,Mobile App,Paid Social,2025-10
U101660,2025-08-12,North,Desktop,Paid Social,2025-08
U101661,2025-01-13,North,Mobile App,Influencer,2025-01
U101662,2025-02-15,West,Mobile App,Influencer,2025-02
U101663,2025-06-04,West,Mobile Web,Organic Search,2025-06
U101664,2025-04-23,West,Mobile App,Paid Social,2025-04
U101665,2025-08-21,North,Mobile App,Organic Search,2025-08
U101666,2025-01-17,West,Mobile App,Organic Search,2025-01
U101667,2025-12-26,North,Mobile App,Organic Search,2025-12
U101668,2025-08-11,South,Mobile App,Organic Search,2025-08
U101669,2025-12-20,West,Mobile App,Organic Search,2025-12
U101670,2025-07-07,South,Mobile App,Referral,2025-07
U101671,2025-12-10,South,Mobile App,Influencer,2025-12
U101672,2025-06-12,North,Desktop,Referral,2025-06
U101673,2025-11-22,North,Mobile App,Paid Social,2025-11
U101674,2025-03-15,East,Mobile App,Organic Search,2025-03
U101675,2025-08-21,East,Desktop,Paid Social,2025-08
U101676,2025-08-12,East,Mobile Web,Organic Search,2025-08
U101677,2025-11-15,South,Mobile App,Email/Push,2025-11
U101678,2025-03-01,East,Mobile App,Referral,2025-03
U101679,2025-12-01,North,Mobile Web,Paid Social,2025-12
U101680,2025-08-10,North,Mobile App,Paid Social,2025-08
U101681,2025-02-06,West,Mobile Web,Paid Social,2025-02
U101682,2025-10-05,North,Desktop,Paid Social,2025-10
U101683,2025-07-15,East,Mobile App,Organic Search,2025-07
U101684,2025-12-18,North,Mobile App,Organic Search,2025-12
U101685,2025-08-30,East,Mobile Web,Paid Social,2025-08
U101686,2025-11-20,East,Mobile App,Paid Social,2025-11
U101687,2025-08-07,North,Mobile App,Referral,2025-08
U101688,2025-07-11,North,Mobile App,Organic Search,2025-07
U101689,2025-01-17,East,Mobile Web,Influencer,2025-01
U101690,2025-01-12,South,Mobile App,Paid Social,2025-01
U101691,2025-07-12,North,Desktop,Influencer,2025-07
U101692,2025-01-22,East,Mobile Web,Organic Search,2025-01
U101693,2025-04-30,North,Mobile App,Paid Social,2025-04
U101694,2025-07-29,West,Mobile Web,Paid Social,2025-07
U101695,2025-11-02,South,Mobile App,Organic Search,2025-11
U101696,2025-09-27,North,Mobile Web,Organic Search,2025-09
U101697,2025-07-11,East,Mobile App,Paid Social,2025-07
U101698,2025-06-24,South,Mobile App,Influencer,2025-06
U101699,2025-10-12,South,Mobile Web,Paid Social,2025-10
U101700,2025-07-23,South,Mobile App,Organic Search,2025-07
U101701,2025-06-13,South,Mobile Web,Organic Search,2025-06
U101702,2025-09-08,North,Mobile Web,Organic Search,2025-09
U101703,2025-08-15,North,Mobile App,Influencer,2025-08
U101704,2025-01-07,South,Mobile App,Email/Push,2025-01
U101705,2025-01-29,North,Desktop,Paid Social,2025-01
U101706,2025-02-02,East,Mobile App,Organic Search,2025-02
U101707,2025-05-14,East,Mobile Web,Influencer,2025-05
U101708,2025-03-20,South,Mobile Web,Paid Social,2025-03
U101709,2025-02-27,East,Desktop,Referral,2025-02
U101710,2025-01-26,West,Mobile Web,Email/Push,2025-01
U101711,2025-08-14,South,Mobile App,Referral,2025-08
U101712,2025-10-12,East,Desktop,Paid Social,2025-10
U101713,2025-01-04,South,Mobile Web,Influencer,2025-01
U101714,2025-04-09,West,Mobile Web,Email/Push,2025-04
U101715,2025-02-08,North,Mobile App,Referral,2025-02
U101716,2025-09-28,South,Mobile App,Organic Search,2025-09
U101717,2025-10-12,East,Mobile Web,Email/Push,2025-10
U101718,2025-06-06,North,Mobile App,Email/Push,2025-06
U101719,2025-03-16,North,Mobile App,Email/Push,2025-03
U101720,2025-10-15,South,Mobile App,Organic Search,2025-10
U101721,2025-05-10,South,Mobile App,Influencer,2025-05
U101722,2025-06-24,East,Mobile App,Referral,2025-06
U101723,2025-03-25,West,Mobile App,Paid Social,2025-03
U101724,2025-01-22,North,Mobile App,Organic Search,2025-01
U101725,2025-01-27,North,Mobile Web,Referral,2025-01
U101726,2025-07-14,East,Mobile App,Influencer,2025-07
U101727,2025-12-03,South,Mobile App,Influencer,2025-12
U101728,2025-08-24,East,Mobile App,Paid Social,2025-08
U101729,2025-04-02,North,Mobile App,Organic Search,2025-04
U101730,2025-01-21,South,Mobile Web,Organic Search,2025-01
U101731,2025-10-30,South,Mobile Web,Influencer,2025-10
U101732,2025-12-23,South,Mobile App,Paid Social,2025-12
U101733,2025-03-25,South,Mobile App,Referral,2025-03
U101734,2025-09-19,South,Desktop,Organic Search,2025-09
U101735,2025-05-27,South,Mobile App,Email/Push,2025-05
U101736,2025-09-14,North,Mobile App,Organic Search,2025-09
U101737,2025-02-27,North,Mobile App,Referral,2025-02
U101738,2025-01-15,South,Mobile App,Email/Push,2025-01
U101739,2025-06-11,South,Mobile App,Referral,2025-06
U101740,2025-06-12,South,Mobile App,Paid Social,2025-06
U101741,2025-11-16,South,Mobile App,Paid Social,2025-11
U101742,2025-10-08,East,Mobile App,Influencer,2025-10
U101743,2025-10-07,West,Mobile App,Paid Social,2025-10
U101744,2025-01-12,South,Mobile App,Referral,2025-01
U101745,2025-10-01,North,Mobile App,Referral,2025-10
U101746,2025-09-28,North,Mobile App,Email/Push,2025-09
U101747,2025-07-27,East,Mobile App,Organic Search,2025-07
U101748,2025-01-27,South,Mobile Web,Referral,2025-01
U101749,2025-03-13,North,Mobile Web,Paid Social,2025-03
U101750,2025-03-01,East,Mobile App,Organic Search,2025-03
U101751,2025-05-25,North,Mobile App,Paid Social,2025-05
U101752,2025-04-03,South,Mobile App,Influencer,2025-04
U101753,2025-11-05,South,Mobile App,Influencer,2025-11
U101754,2025-01-08,East,Mobile App,Paid Social,2025-01
U101755,2025-03-20,North,Mobile Web,Paid Social,2025-03
U101756,2025-01-27,West,Desktop,Referral,2025-01
U101757,2025-06-23,East,Mobile App,Referral,2025-06
U101758,2025-02-19,North,Mobile App,Referral,2025-02
U101759,2025-07-18,North,Desktop,Email/Push,2025-07
U101760,2025-12-15,South,Mobile App,Influencer,2025-12
U101761,2025-06-30,West,Desktop,Organic Search,2025-06
U101762,2025-01-24,West,Mobile App,Paid Social,2025-01
U101763,2025-11-12,South,Mobile App,Organic Search,2025-11
U101764,2025-02-15,West,Mobile App,Influencer,2025-02
U101765,2025-01-15,North,Desktop,Organic Search,2025-01
U101766,2025-06-02,North,Desktop,Referral,2025-06
U101767,2025-08-10,West,Mobile App,Paid Social,2025-08
U101768,2025-07-25,East,Mobile Web,Email/Push,2025-07
U101769,2025-09-30,South,Mobile App,Influencer,2025-09
U101770,2025-08-24,East,Mobile Web,Organic Search,2025-08
U101771,2025-12-06,West,Mobile Web,Organic Search,2025-12
U101772,2025-08-16,East,Mobile App,Paid Social,2025-08
U101773,2025-01-09,West,Mobile App,Influencer,2025-01
U101774,2025-06-15,East,Desktop,Influencer,2025-06
U101775,2025-11-15,North,Desktop,Referral,2025-11
U101776,2025-08-02,West,Mobile App,Paid Social,2025-08
U101777,2025-04-27,North,Mobile App,Paid Social,2025-04
U101778,2025-12-10,West,Desktop,Organic Search,2025-12
U101779,2025-03-13,South,Mobile App,Paid Social,2025-03
U101780,2025-03-05,East,Mobile App,Organic Search,2025-03
U101781,2025-07-24,South,Mobile App,Paid Social,2025-07
U101782,2025-07-28,North,Desktop,Organic Search,2025-07
U101783,2025-03-13,South,Mobile App,Referral,2025-03
U101784,2025-10-04,West,Mobile App,Influencer,2025-10
U101785,2025-10-01,West,Mobile App,Organic Search,2025-10
U101786,2025-11-16,South,Desktop,Referral,2025-11
U101787,2025-12-04,West,Mobile Web,Paid Social,2025-12
U101788,2025-04-05,West,Mobile Web,Organic Search,2025-04
U101789,2025-06-15,East,Mobile App,Email/Push,2025-06
U101790,2025-02-01,North,Desktop,Paid Social,2025-02
U101791,2025-01-11,West,Mobile Web,Paid Social,2025-01
U101792,2025-10-28,South,Mobile Web,Paid Social,2025-10
U101793,2025-08-05,West,Desktop,Organic Search,2025-08
U101794,2025-10-16,West,Mobile App,Referral,2025-10
U101795,2025-04-12,West,Mobile App,Paid Social,2025-04
U101796,2025-09-24,East,Desktop,Paid Social,2025-09
U101797,2025-08-02,South,Mobile Web,Influencer,2025-08
U101798,2025-06-28,South,Mobile App,Organic Search,2025-06
U101799,2025-03-29,South,Mobile App,Organic Search,2025-03
U101800,2025-02-10,North,Mobile Web,Email/Push,2025-02
U101801,2025-03-17,South,Mobile App,Paid Social,2025-03
U101802,2025-02-15,East,Mobile App,Influencer,2025-02
U101803,2025-06-09,West,Desktop,Email/Push,2025-06
U101804,2025-03-21,North,Mobile App,Paid Social,2025-03
U101805,2025-11-06,South,Mobile App,Organic Search,2025-11
U101806,2025-03-27,North,Mobile Web,Organic Search,2025-03
U101807,2025-04-02,North,Mobile App,Influencer,2025-04
U101808,2025-05-28,North,Mobile App,Paid Social,2025-05
U101809,2025-06-10,East,Mobile App,Influencer,2025-06
U101810,2025-07-21,North,Mobile App,Email/Push,2025-07
U101811,2025-08-30,East,Mobile App,Influencer,2025-08
U101812,2025-12-19,North,Mobile App,Influencer,2025-12
U101813,2025-01-02,West,Mobile App,Referral,2025-01
U101814,2025-08-13,West,Mobile App,Influencer,2025-08
U101815,2025-10-16,West,Mobile App,Paid Social,2025-10
U101816,2025-08-21,West,Desktop,Referral,2025-08
U101817,2025-03-18,West,Mobile App,Referral,2025-03
U101818,2025-04-26,West,Mobile Web,Organic Search,2025-04
U101819,2025-06-03,East,Mobile App,Paid Social,2025-06
U101820,2025-04-13,North,Mobile Web,Referral,2025-04
U101821,2025-07-13,North,Mobile Web,Paid Social,2025-07
U101822,2025-06-15,North,Mobile App,Organic Search,2025-06
U101823,2025-12-25,East,Mobile App,Organic Search,2025-12
U101824,2025-03-31,South,Mobile App,Email/Push,2025-03
U101825,2025-06-23,West,Mobile Web,Paid Social,2025-06
U101826,2025-05-02,West,Mobile App,Influencer,2025-05
U101827,2025-05-23,South,Desktop,Paid Social,2025-05
U101828,2025-04-16,South,Mobile App,Organic Search,2025-04
U101829,2025-11-01,West,Mobile App,Organic Search,2025-11
U101830,2025-12-26,North,Mobile App,Referral,2025-12
U101831,2025-11-13,West,Desktop,Influencer,2025-11
U101832,2025-05-03,North,Mobile App,Influencer,2025-05
U101833,2025-01-09,East,Mobile Web,Influencer,2025-01
U101834,2025-09-19,North,Mobile App,Organic Search,2025-09
U101835,2025-03-14,West,Mobile App,Referral,2025-03
U101836,2025-12-25,South,Mobile Web,Organic Search,2025-12
U101837,2025-08-11,North,Desktop,Paid Social,2025-08
U101838,2025-02-10,North,Mobile App,Influencer,2025-02
U101839,2025-07-23,South,Mobile App,Influencer,2025-07
U101840,2025-09-21,West,Mobile Web,Paid Social,2025-09
U101841,2025-11-24,East,Mobile App,Influencer,2025-11
U101842,2025-06-27,South,Mobile Web,Referral,2025-06
U101843,2025-12-14,South,Mobile App,Organic Search,2025-12
U101844,2025-11-14,South,Mobile App,Paid Social,2025-11
U101845,2025-03-25,East,Mobile Web,Email/Push,2025-03
U101846,2025-11-14,West,Mobile App,Referral,2025-11
U101847,2025-04-21,South,Desktop,Organic Search,2025-04
U101848,2025-09-08,East,Mobile Web,Referral,2025-09
U101849,2025-01-07,East,Mobile Web,Organic Search,2025-01
U101850,2025-03-25,West,Mobile App,Organic Search,2025-03
U101851,2025-07-27,West,Desktop,Referral,2025-07
U101852,2025-11-10,West,Mobile Web,Organic Search,2025-11
U101853,2025-01-22,East,Mobile App,Referral,2025-01
U101854,2025-01-03,North,Mobile App,Influencer,2025-01
U101855,2025-05-07,West,Mobile App,Email/Push,2025-05
U101856,2025-10-24,South,Desktop,Referral,2025-10
U101857,2025-07-07,North,Desktop,Email/Push,2025-07
U101858,2025-12-28,South,Desktop,Influencer,2025-12
U101859,2025-01-14,West,Mobile Web,Paid Social,2025-01
U101860,2025-01-12,North,Mobile App,Email/Push,2025-01
U101861,2025-03-28,South,Mobile App,Paid Social,2025-03
U101862,2025-01-12,South,Mobile App,Paid Social,2025-01
U101863,2025-01-25,North,Mobile App,Referral,2025-01
U101864,2025-10-28,North,Mobile App,Organic Search,2025-10
U101865,2025-08-31,West,Desktop,Organic Search,2025-08
U101866,2025-05-02,West,Desktop,Influencer,2025-05
U101867,2025-05-27,South,Mobile App,Paid Social,2025-05
U101868,2025-02-24,West,Mobile Web,Email/Push,2025-02
U101869,2025-08-26,East,Mobile App,Organic Search,2025-08
U101870,2025-12-22,South,Mobile App,Email/Push,2025-12
U101871,2025-06-22,East,Mobile Web,Organic Search,2025-06
U101872,2025-08-09,West,Mobile App,Organic Search,2025-08
U101873,2025-04-29,South,Desktop,Organic Search,2025-04
U101874,2025-11-05,North,Mobile Web,Referral,2025-11
U101875,2025-07-02,West,Mobile Web,Paid Social,2025-07
U101876,2025-10-15,East,Mobile App,Organic Search,2025-10
U101877,2025-11-03,North,Mobile App,Paid Social,2025-11
U101878,2025-10-27,South,Mobile App,Organic Search,2025-10
U101879,2025-03-23,South,Mobile Web,Email/Push,2025-03
U101880,2025-07-30,West,Desktop,Paid Social,2025-07
U101881,2025-05-30,South,Mobile App,Referral,2025-05
U101882,2025-02-06,North,Mobile Web,Influencer,2025-02
U101883,2025-12-18,East,Mobile App,Paid Social,2025-12
U101884,2025-11-08,South,Mobile App,Paid Social,2025-11
U101885,2025-12-27,North,Mobile Web,Paid Social,2025-12
U101886,2025-02-28,South,Mobile Web,Paid Social,2025-02
U101887,2025-05-11,West,Mobile App,Paid Social,2025-05
U101888,2025-07-21,North,Mobile App,Organic Search,2025-07
U101889,2025-08-31,East,Mobile App,Organic Search,2025-08
U101890,2025-02-04,South,Mobile App,Influencer,2025-02
U101891,2025-04-03,South,Desktop,Influencer,2025-04
U101892,2025-07-26,South,Mobile App,Influencer,2025-07
U101893,2025-12-19,South,Mobile App,Organic Search,2025-12
U101894,2025-11-28,West,Mobile App,Paid Social,2025-11
U101895,2025-11-01,North,Desktop,Organic Search,2025-11
U101896,2025-12-16,East,Mobile Web,Paid Social,2025-12
U101897,2025-08-01,North,Mobile Web,Organic Search,2025-08
U101898,2025-06-08,West,Mobile App,Email/Push,2025-06
U101899,2025-01-24,East,Desktop,Paid Social,2025-01
U101900,2025-10-20,East,Mobile App,Organic Search,2025-10
U101901,2025-01-04,South,Mobile Web,Referral,2025-01
U101902,2025-08-08,South,Desktop,Influencer,2025-08
U101903,2025-12-30,North,Mobile App,Paid Social,2025-12
U101904,2025-01-20,West,Mobile App,Paid Social,2025-01
U101905,2025-06-01,South,Mobile App,Influencer,2025-06
U101906,2025-02-19,East,Mobile App,Paid Social,2025-02
U101907,2025-06-26,East,Mobile App,Organic Search,2025-06
U101908,2025-04-06,South,Desktop,Influencer,2025-04
U101909,2025-04-15,East,Mobile App,Email/Push,2025-04
U101910,2025-09-07,East,Mobile Web,Paid Social,2025-09
U101911,2025-04-27,East,Desktop,Organic Search,2025-04
U101912,2025-12-20,South,Desktop,Paid Social,2025-12
U101913,2025-08-16,South,Mobile App,Organic Search,2025-08
U101914,2025-03-07,North,Mobile App,Referral,2025-03
U101915,2025-12-01,West,Mobile App,Email/Push,2025-12
U101916,2025-09-19,East,Mobile App,Organic Search,2025-09
U101917,2025-10-22,South,Mobile App,Organic Search,2025-10
U101918,2025-08-31,West,Mobile App,Organic Search,2025-08
U101919,2025-07-05,North,Mobile App,Paid Social,2025-07
U101920,2025-09-03,West,Mobile App,Paid Social,2025-09
U101921,2025-05-05,West,Mobile App,Paid Social,2025-05
U101922,2025-09-25,West,Mobile App,Influencer,2025-09
U101923,2025-05-11,West,Mobile App,Organic Search,2025-05
U101924,2025-08-25,South,Mobile App,Paid Social,2025-08
U101925,2025-01-18,North,Mobile App,Organic Search,2025-01
U101926,2025-02-09,East,Mobile Web,Paid Social,2025-02
U101927,2025-01-21,South,Mobile App,Paid Social,2025-01
U101928,2025-08-13,North,Mobile Web,Influencer,2025-08
U101929,2025-12-21,West,Mobile App,Email/Push,2025-12
U101930,2025-10-09,South,Mobile App,Paid Social,2025-10
U101931,2025-01-08,West,Mobile App,Influencer,2025-01
U101932,2025-04-10,West,Mobile App,Organic Search,2025-04
U101933,2025-08-28,West,Mobile Web,Organic Search,2025-08
U101934,2025-03-28,East,Mobile App,Referral,2025-03
U101935,2025-10-25,West,Mobile Web,Paid Social,2025-10
U101936,2025-01-14,West,Mobile App,Paid Social,2025-01
U101937,2025-11-30,East,Desktop,Paid Social,2025-11
U101938,2025-01-02,South,Mobile Web,Paid Social,2025-01
U101939,2025-10-20,West,Mobile Web,Paid Social,2025-10
U101940,2025-11-21,West,Mobile App,Paid Social,2025-11
U101941,2025-02-10,South,Desktop,Organic Search,2025-02
U101942,2025-11-14,North,Desktop,Referral,2025-11
U101943,2025-11-12,East,Mobile App,Paid Social,2025-11
U101944,2025-04-21,North,Mobile App,Paid Social,2025-04
U101945,2025-01-14,West,Mobile App,Paid Social,2025-01
U101946,2025-08-19,West,Mobile App,Influencer,2025-08
U101947,2025-03-25,North,Mobile App,Paid Social,2025-03
U101948,2025-05-10,East,Mobile App,Influencer,2025-05
U101949,2025-08-19,North,Desktop,Organic Search,2025-08
U101950,2025-11-22,East,Mobile App,Email/Push,2025-11
U101951,2025-05-25,South,Mobile Web,Organic Search,2025-05
U101952,2025-12-11,East,Mobile App,Paid Social,2025-12
U101953,2025-01-28,South,Mobile Web,Organic Search,2025-01
U101954,2025-03-07,North,Mobile App,Organic Search,2025-03
U101955,2025-06-12,South,Mobile Web,Referral,2025-06
U101956,2025-08-17,North,Mobile App,Organic Search,2025-08
U101957,2025-09-18,South,Mobile App,Paid Social,2025-09
U101958,2025-06-13,North,Desktop,Referral,2025-06
U101959,2025-10-28,South,Mobile App,Email/Push,2025-10
U101960,2025-10-30,West,Mobile App,Email/Push,2025-10
U101961,2025-10-14,West,Mobile App,Organic Search,2025-10
U101962,2025-01-10,West,Desktop,Paid Social,2025-01
U101963,2025-07-14,West,Mobile App,Paid Social,2025-07
U101964,2025-04-28,North,Mobile Web,Influencer,2025-04
U101965,2025-09-27,North,Mobile App,Influencer,2025-09
U101966,2025-03-21,South,Mobile App,Email/Push,2025-03
U101967,2025-04-03,West,Desktop,Organic Search,2025-04
U101968,2025-09-23,West,Mobile App,Influencer,2025-09
U101969,2025-11-28,North,Mobile Web,Influencer,2025-11
U101970,2025-12-16,South,Mobile App,Organic Search,2025-12
U101971,2025-12-27,North,Mobile App,Influencer,2025-12
U101972,2025-09-14,East,Mobile App,Paid Social,2025-09
U101973,2025-05-13,East,Mobile App,Referral,2025-05
U101974,2025-10-03,North,Mobile App,Email/Push,2025-10
U101975,2025-09-21,South,Mobile Web,Paid Social,2025-09
U101976,2025-06-20,East,Mobile App,Referral,2025-06
U101977,2025-01-01,East,Mobile App,Paid Social,2025-01
U101978,2025-11-09,North,Mobile App,Influencer,2025-11
U101979,2025-03-05,West,Mobile Web,Referral,2025-03
U101980,2025-10-11,South,Mobile Web,Email/Push,2025-10
U101981,2025-05-01,West,Mobile App,Referral,2025-05
U101982,2025-04-17,West,Mobile App,Organic Search,2025-04
U101983,2025-06-24,North,Mobile App,Paid Social,2025-06
U101984,2025-07-23,North,Desktop,Influencer,2025-07
U101985,2025-06-14,East,Mobile Web,Organic Search,2025-06
U101986,2025-11-01,North,Mobile App,Referral,2025-11
U101987,2025-04-30,West,Mobile App,Paid Social,2025-04
U101988,2025-02-13,East,Mobile App,Influencer,2025-02
U101989,2025-11-08,West,Mobile App,Organic Search,2025-11
U101990,2025-06-05,South,Mobile Web,Influencer,2025-06
U101991,2025-07-26,South,Mobile App,Referral,2025-07
U101992,2025-04-18,East,Desktop,Paid Social,2025-04
U101993,2025-09-08,North,Mobile App,Organic Search,2025-09
U101994,2025-11-30,East,Mobile App,Influencer,2025-11
U101995,2025-05-10,West,Mobile Web,Influencer,2025-05
U101996,2025-10-20,South,Mobile App,Organic Search,2025-10
U101997,2025-01-20,East,Desktop,Email/Push,2025-01
U101998,2025-10-09,North,Mobile App,Paid Social,2025-10
U101999,2025-10-12,South,Mobile App,Organic Search,2025-10
U102000,2025-01-01,West,Mobile Web,Referral,2025-01
U102001,2025-04-29,West,Mobile App,Paid Social,2025-04
U102002,2025-02-04,South,Mobile App,Organic Search,2025-02
U102003,2025-07-17,West,Desktop,Referral,2025-07
U102004,2025-09-02,South,Mobile App,Referral,2025-09
U102005,2025-02-28,South,Mobile App,Paid Social,2025-02
U102006,2025-11-21,North,Desktop,Referral,2025-11
U102007,2025-06-10,West,Mobile App,Organic Search,2025-06
U102008,2025-06-28,North,Mobile App,Organic Search,2025-06
U102009,2025-07-25,South,Mobile App,Influencer,2025-07
U102010,2025-01-12,South,Mobile App,Paid Social,2025-01
U102011,2025-10-03,East,Desktop,Referral,2025-10
U102012,2025-06-30,South,Mobile App,Influencer,2025-06
U102013,2025-08-30,North,Mobile App,Referral,2025-08
U102014,2025-08-04,North,Mobile App,Organic Search,2025-08
U102015,2025-09-08,East,Mobile App,Organic Search,2025-09
U102016,2025-10-26,East,Mobile App,Organic Search,2025-10
U102017,2025-05-06,South,Mobile App,Referral,2025-05
U102018,2025-08-05,East,Mobile Web,Organic Search,2025-08
U102019,2025-11-02,North,Mobile App,Paid Social,2025-11
U102020,2025-10-12,West,Mobile Web,Referral,2025-10
U102021,2025-07-04,South,Mobile App,Influencer,2025-07
U102022,2025-02-08,North,Mobile App,Paid Social,2025-02
U102023,2025-08-11,South,Mobile App,Email/Push,2025-08
U102024,2025-07-03,West,Mobile App,Paid Social,2025-07
U102025,2025-06-27,West,Mobile App,Organic Search,2025-06
U102026,2025-10-21,North,Mobile App,Organic Search,2025-10
U102027,2025-12-06,East,Mobile App,Paid Social,2025-12
U102028,2025-05-31,North,Mobile Web,Influencer,2025-05
U102029,2025-05-06,North,Mobile App,Organic Search,2025-05
U102030,2025-10-28,South,Desktop,Paid Social,2025-10
U102031,2025-11-04,East,Mobile App,Referral,2025-11
U102032,2025-12-02,West,Desktop,Referral,2025-12
U102033,2025-08-22,South,Mobile App,Email/Push,2025-08
U102034,2025-01-08,North,Desktop,Organic Search,2025-01
U102035,2025-12-07,South,Mobile App,Paid Social,2025-12
U102036,2025-05-09,North,Mobile App,Paid Social,2025-05
U102037,2025-09-21,North,Desktop,Referral,2025-09
U102038,2025-06-06,South,Mobile App,Organic Search,2025-06
U102039,2025-12-18,South,Mobile App,Email/Push,2025-12
U102040,2025-12-24,North,Mobile Web,Referral,2025-12
U102041,2025-01-05,South,Mobile App,Email/Push,2025-01
U102042,2025-03-27,North,Mobile App,Email/Push,2025-03
U102043,2025-06-24,North,Mobile App,Organic Search,2025-06
U102044,2025-10-17,East,Mobile Web,Paid Social,2025-10
U102045,2025-07-12,North,Mobile App,Paid Social,2025-07
U102046,2025-11-07,East,Desktop,Paid Social,2025-11
U102047,2025-04-29,North,Mobile Web,Organic Search,2025-04
U102048,2025-08-06,South,Mobile Web,Paid Social,2025-08
U102049,2025-04-24,North,Mobile App,Paid Social,2025-04
U102050,2025-05-25,North,Desktop,Paid Social,2025-05
U102051,2025-01-26,South,Mobile App,Paid Social,2025-01
U102052,2025-05-16,West,Desktop,Organic Search,2025-05
U102053,2025-10-30,North,Mobile App,Paid Social,2025-10
U102054,2025-08-20,South,Mobile Web,Organic Search,2025-08
U102055,2025-03-17,East,Mobile App,Paid Social,2025-03
U102056,2025-11-24,South,Mobile App,Influencer,2025-11
U102057,2025-12-11,West,Mobile App,Paid Social,2025-12
U102058,2025-10-29,North,Mobile App,Influencer,2025-10
U102059,2025-10-16,West,Mobile App,Organic Search,2025-10
U102060,2025-01-01,South,Mobile App,Organic Search,2025-01
U102061,2025-05-27,South,Mobile App,Organic Search,2025-05
U102062,2025-10-14,West,Mobile App,Organic Search,2025-10
U102063,2025-05-22,South,Mobile App,Paid Social,2025-05
U102064,2025-02-22,South,Mobile App,Influencer,2025-02
U102065,2025-10-31,East,Mobile Web,Email/Push,2025-10
U102066,2025-03-10,South,Desktop,Email/Push,2025-03
U102067,2025-12-27,North,Mobile App,Referral,2025-12
U102068,2025-03-31,East,Mobile App,Organic Search,2025-03
U102069,2025-08-08,North,Mobile App,Organic Search,2025-08
U102070,2025-07-11,West,Mobile Web,Referral,2025-07
U102071,2025-03-04,West,Mobile Web,Influencer,2025-03
U102072,2025-03-14,South,Mobile App,Organic Search,2025-03
U102073,2025-06-10,South,Mobile App,Influencer,2025-06
U102074,2025-06-18,North,Mobile Web,Paid Social,2025-06
U102075,2025-03-30,North,Mobile App,Organic Search,2025-03
U102076,2025-06-25,West,Mobile App,Email/Push,2025-06
U102077,2025-09-26,North,Mobile App,Email/Push,2025-09
U102078,2025-03-14,South,Mobile App,Referral,2025-03
U102079,2025-09-02,West,Mobile App,Paid Social,2025-09
U102080,2025-03-18,West,Mobile Web,Paid Social,2025-03
U102081,2025-06-08,South,Desktop,Paid Social,2025-06
U102082,2025-11-20,South,Mobile App,Referral,2025-11
U102083,2025-04-08,East,Desktop,Organic Search,2025-04
U102084,2025-04-12,West,Mobile Web,Organic Search,2025-04
U102085,2025-05-12,East,Mobile App,Organic Search,2025-05
U102086,2025-04-12,South,Desktop,Organic Search,2025-04
U102087,2025-01-19,North,Mobile Web,Organic Search,2025-01
U102088,2025-03-23,North,Mobile App,Influencer,2025-03
U102089,2025-10-06,South,Desktop,Paid Social,2025-10
U102090,2025-12-05,West,Mobile Web,Influencer,2025-12
U102091,2025-11-27,West,Mobile Web,Organic Search,2025-11
U102092,2025-05-09,West,Desktop,Referral,2025-05
U102093,2025-12-10,South,Mobile App,Email/Push,2025-12
U102094,2025-11-06,West,Mobile Web,Paid Social,2025-11
U102095,2025-03-30,West,Mobile Web,Paid Social,2025-03
U102096,2025-08-01,East,Mobile App,Paid Social,2025-08
U102097,2025-05-23,South,Mobile App,Paid Social,2025-05
U102098,2025-03-06,South,Mobile Web,Referral,2025-03
U102099,2025-03-17,West,Mobile App,Paid Social,2025-03
U102100,2025-07-18,South,Mobile Web,Paid Social,2025-07
U102101,2025-05-23,West,Desktop,Referral,2025-05
U102102,2025-11-12,North,Mobile App,Organic Search,2025-11
U102103,2025-04-03,East,Mobile App,Organic Search,2025-04
U102104,2025-11-01,East,Mobile App,Organic Search,2025-11
U102105,2025-08-12,East,Mobile App,Referral,2025-08
U102106,2025-10-18,South,Desktop,Paid Social,2025-10
U102107,2025-04-12,West,Mobile App,Organic Search,2025-04
U102108,2025-09-24,East,Mobile App,Influencer,2025-09
U102109,2025-12-21,South,Mobile Web,Organic Search,2025-12
U102110,2025-04-20,East,Mobile Web,Influencer,2025-04
U102111,2025-11-26,South,Mobile App,Influencer,2025-11
U102112,2025-09-22,South,Mobile Web,Influencer,2025-09
U102113,2025-01-03,South,Mobile App,Referral,2025-01
U102114,2025-03-26,West,Mobile Web,Referral,2025-03
U102115,2025-10-09,South,Mobile App,Influencer,2025-10
U102116,2025-11-24,East,Mobile App,Referral,2025-11
U102117,2025-10-31,South,Desktop,Organic Search,2025-10
U102118,2025-04-27,North,Mobile App,Paid Social,2025-04
U102119,2025-08-09,West,Mobile App,Paid Social,2025-08
U102120,2025-06-03,East,Desktop,Paid Social,2025-06
U102121,2025-06-02,West,Mobile Web,Organic Search,2025-06
U102122,2025-01-12,North,Mobile App,Organic Search,2025-01
U102123,2025-05-13,North,Mobile App,Email/Push,2025-05
U102124,2025-10-31,West,Desktop,Email/Push,2025-10
U102125,2025-10-20,East,Mobile Web,Influencer,2025-10
U102126,2025-10-27,North,Mobile App,Email/Push,2025-10
U102127,2025-08-16,North,Mobile Web,Email/Push,2025-08
U102128,2025-09-28,West,Mobile App,Influencer,2025-09
U102129,2025-02-12,South,Mobile Web,Paid Social,2025-02
U102130,2025-12-09,East,Mobile App,Organic Search,2025-12
U102131,2025-11-22,South,Mobile Web,Organic Search,2025-11
U102132,2025-10-29,South,Mobile App,Paid Social,2025-10
U102133,2025-12-30,West,Mobile Web,Influencer,2025-12
U102134,2025-01-21,North,Desktop,Paid Social,2025-01
U102135,2025-04-17,South,Mobile App,Organic Search,2025-04
U102136,2025-12-02,West,Mobile App,Paid Social,2025-12
U102137,2025-10-30,North,Mobile App,Organic Search,2025-10
U102138,2025-04-27,South,Mobile Web,Organic Search,2025-04
U102139,2025-05-04,East,Mobile App,Referral,2025-05
U102140,2025-10-08,South,Mobile Web,Paid Social,2025-10
U102141,2025-10-19,South,Desktop,Organic Search,2025-10
U102142,2025-07-22,South,Mobile Web,Referral,2025-07
U102143,2025-02-20,South,Mobile Web,Influencer,2025-02
U102144,2025-09-28,East,Mobile App,Paid Social,2025-09
U102145,2025-11-20,East,Desktop,Paid Social,2025-11
U102146,2025-10-04,North,Mobile App,Paid Social,2025-10
U102147,2025-05-21,East,Mobile App,Influencer,2025-05
U102148,2025-10-02,West,Mobile App,Organic Search,2025-10
U102149,2025-10-17,South,Mobile Web,Paid Social,2025-10
U102150,2025-11-30,East,Desktop,Paid Social,2025-11
U102151,2025-02-21,South,Mobile App,Influencer,2025-02
U102152,2025-01-27,West,Mobile Web,Organic Search,2025-01
U102153,2025-06-06,West,Mobile Web,Organic Search,2025-06
U102154,2025-08-27,North,Mobile App,Referral,2025-08
U102155,2025-06-05,South,Mobile Web,Paid Social,2025-06
U102156,2025-10-18,South,Mobile App,Paid Social,2025-10
U102157,2025-05-16,South,Mobile App,Organic Search,2025-05
U102158,2025-05-24,North,Desktop,Paid Social,2025-05
U102159,2025-04-16,West,Mobile App,Influencer,2025-04
U102160,2025-06-07,North,Mobile App,Organic Search,2025-06
U102161,2025-05-26,South,Mobile Web,Referral,2025-05
U102162,2025-01-02,East,Desktop,Paid Social,2025-01
U102163,2025-03-18,North,Mobile Web,Paid Social,2025-03
U102164,2025-05-12,West,Mobile App,Paid Social,2025-05
U102165,2025-03-31,West,Mobile App,Referral,2025-03
U102166,2025-12-11,South,Mobile Web,Organic Search,2025-12
U102167,2025-12-16,South,Mobile App,Organic Search,2025-12
U102168,2025-09-20,North,Mobile App,Referral,2025-09
U102169,2025-12-17,East,Mobile App,Email/Push,2025-12
U102170,2025-04-18,North,Mobile App,Paid Social,2025-04
U102171,2025-03-15,East,Mobile App,Paid Social,2025-03
U102172,2025-02-08,West,Mobile App,Paid Social,2025-02
U102173,2025-06-08,North,Mobile App,Referral,2025-06
U102174,2025-03-12,West,Mobile App,Paid Social,2025-03
U102175,2025-11-08,North,Mobile App,Organic Search,2025-11
U102176,2025-08-29,West,Mobile App,Organic Search,2025-08
U102177,2025-10-25,North,Mobile App,Paid Social,2025-10
U102178,2025-02-05,East,Mobile App,Paid Social,2025-02
U102179,2025-03-25,North,Mobile App,Organic Search,2025-03
U102180,2025-09-20,West,Mobile App,Paid Social,2025-09
U102181,2025-11-06,South,Mobile App,Paid Social,2025-11
U102182,2025-06-21,North,Mobile App,Organic Search,2025-06
U102183,2025-06-22,South,Mobile App,Referral,2025-06
U102184,2025-12-28,South,Mobile App,Paid Social,2025-12
U102185,2025-02-16,East,Desktop,Organic Search,2025-02
U102186,2025-05-21,West,Mobile App,Paid Social,2025-05
U102187,2025-04-28,South,Desktop,Referral,2025-04
U102188,2025-10-04,South,Mobile App,Influencer,2025-10
U102189,2025-08-02,North,Mobile App,Influencer,2025-08
U102190,2025-08-08,South,Mobile Web,Organic Search,2025-08
U102191,2025-01-26,South,Mobile App,Organic Search,2025-01
U102192,2025-01-09,South,Mobile App,Influencer,2025-01
U102193,2025-09-28,North,Desktop,Paid Social,2025-09
U102194,2025-01-10,South,Mobile App,Organic Search,2025-01
U102195,2025-05-01,West,Mobile App,Influencer,2025-05
U102196,2025-05-05,South,Mobile App,Organic Search,2025-05
U102197,2025-06-19,South,Desktop,Organic Search,2025-06
U102198,2025-03-13,East,Desktop,Referral,2025-03
U102199,2025-06-01,East,Mobile App,Paid Social,2025-06
U102200,2025-07-27,South,Mobile App,Organic Search,2025-07
U102201,2025-02-18,East,Mobile Web,Paid Social,2025-02
U102202,2025-06-03,West,Mobile App,Paid Social,2025-06
U102203,2025-12-13,North,Mobile App,Paid Social,2025-12
U102204,2025-10-20,South,Mobile Web,Organic Search,2025-10
U102205,2025-03-09,North,Mobile App,Paid Social,2025-03
U102206,2025-02-19,South,Mobile Web,Organic Search,2025-02
U102207,2025-06-01,South,Desktop,Organic Search,2025-06
U102208,2025-01-19,East,Mobile Web,Paid Social,2025-01
U102209,2025-04-10,North,Mobile App,Paid Social,2025-04
U102210,2025-03-01,South,Mobile App,Paid Social,2025-03
U102211,2025-06-16,South,Mobile App,Organic Search,2025-06
U102212,2025-07-21,South,Mobile App,Paid Social,2025-07
U102213,2025-12-11,East,Mobile App,Referral,2025-12
U102214,2025-05-26,South,Mobile App,Paid Social,2025-05
U102215,2025-06-13,West,Mobile App,Organic Search,2025-06
U102216,2025-08-30,South,Mobile App,Referral,2025-08
U102217,2025-03-10,South,Mobile App,Organic Search,2025-03
U102218,2025-06-24,West,Mobile App,Organic Search,2025-06
U102219,2025-02-18,North,Mobile App,Influencer,2025-02
U102220,2025-04-18,North,Mobile App,Paid Social,2025-04
U102221,2025-08-14,East,Mobile Web,Email/Push,2025-08
U102222,2025-06-10,South,Mobile Web,Influencer,2025-06
U102223,2025-04-29,West,Mobile App,Paid Social,2025-04
U102224,2025-05-29,West,Mobile App,Influencer,2025-05
U102225,2025-05-30,South,Mobile App,Referral,2025-05
U102226,2025-10-20,South,Mobile App,Email/Push,2025-10
U102227,2025-05-23,South,Mobile App,Referral,2025-05
U102228,2025-06-09,South,Desktop,Referral,2025-06
U102229,2025-01-11,West,Mobile App,Paid Social,2025-01
U102230,2025-05-18,East,Mobile Web,Organic Search,2025-05
U102231,2025-03-19,South,Mobile App,Paid Social,2025-03
U102232,2025-03-18,North,Mobile App,Paid Social,2025-03
U102233,2025-09-11,South,Mobile App,Email/Push,2025-09
U102234,2025-09-15,South,Mobile Web,Paid Social,2025-09
U102235,2025-11-16,West,Mobile App,Referral,2025-11
U102236,2025-10-18,North,Mobile App,Paid Social,2025-10
U102237,2025-09-20,West,Desktop,Paid Social,2025-09
U102238,2025-03-26,East,Mobile App,Organic Search,2025-03
U102239,2025-05-26,East,Mobile App,Paid Social,2025-05
U102240,2025-11-19,South,Mobile App,Email/Push,2025-11
U102241,2025-02-11,East,Mobile App,Paid Social,2025-02
U102242,2025-05-05,East,Mobile App,Paid Social,2025-05
U102243,2025-06-16,East,Mobile App,Paid Social,2025-06
U102244,2025-08-29,South,Mobile App,Paid Social,2025-08
U102245,2025-10-07,South,Mobile App,Paid Social,2025-10
U102246,2025-07-07,East,Mobile App,Organic Search,2025-07
U102247,2025-10-29,North,Mobile App,Organic Search,2025-10
U102248,2025-01-19,South,Mobile App,Paid Social,2025-01
U102249,2025-03-09,West,Mobile App,Paid Social,2025-03
U102250,2025-08-06,North,Mobile App,Influencer,2025-08
U102251,2025-04-12,South,Mobile App,Organic Search,2025-04
U102252,2025-02-11,South,Mobile App,Organic Search,2025-02
U102253,2025-10-15,East,Mobile App,Referral,2025-10
U102254,2025-06-16,North,Desktop,Referral,2025-06
U102255,2025-04-19,East,Mobile App,Influencer,2025-04
U102256,2025-02-05,North,Desktop,Influencer,2025-02
U102257,2025-08-20,North,Mobile App,Paid Social,2025-08
U102258,2025-08-17,East,Mobile App,Paid Social,2025-08
U102259,2025-12-19,South,Mobile App,Organic Search,2025-12
U102260,2025-06-13,West,Mobile App,Influencer,2025-06
U102261,2025-03-14,North,Mobile App,Paid Social,2025-03
U102262,2025-05-16,South,Mobile App,Organic Search,2025-05
U102263,2025-12-19,North,Desktop,Referral,2025-12
U102264,2025-03-11,South,Mobile App,Organic Search,2025-03
U102265,2025-07-15,West,Mobile App,Paid Social,2025-07
U102266,2025-09-26,West,Mobile Web,Paid Social,2025-09
U102267,2025-02-18,North,Mobile Web,Paid Social,2025-02
U102268,2025-11-12,South,Mobile Web,Paid Social,2025-11
U102269,2025-05-10,East,Mobile App,Paid Social,2025-05
U102270,2025-01-05,North,Mobile App,Referral,2025-01
U102271,2025-01-27,North,Mobile App,Influencer,2025-01
U102272,2025-06-09,West,Mobile App,Referral,2025-06
U102273,2025-05-29,West,Mobile App,Referral,2025-05
U102274,2025-09-21,West,Mobile App,Organic Search,2025-09
U102275,2025-08-18,West,Desktop,Paid Social,2025-08
U102276,2025-07-19,East,Desktop,Paid Social,2025-07
U102277,2025-02-19,South,Mobile App,Organic Search,2025-02
U102278,2025-03-08,North,Mobile App,Referral,2025-03
U102279,2025-10-27,North,Mobile App,Email/Push,2025-10
U102280,2025-02-27,East,Mobile App,Organic Search,2025-02
U102281,2025-09-16,West,Mobile App,Organic Search,2025-09
U102282,2025-12-08,West,Desktop,Organic Search,2025-12
U102283,2025-11-22,West,Mobile App,Organic Search,2025-11
U102284,2025-05-10,West,Mobile App,Referral,2025-05
U102285,2025-08-03,West,Mobile App,Referral,2025-08
U102286,2025-06-21,North,Desktop,Influencer,2025-06
U102287,2025-09-15,East,Desktop,Referral,2025-09
U102288,2025-04-12,South,Mobile Web,Organic Search,2025-04
U102289,2025-07-28,North,Mobile App,Email/Push,2025-07
U102290,2025-10-18,West,Mobile App,Referral,2025-10
U102291,2025-12-20,West,Mobile App,Organic Search,2025-12
U102292,2025-10-13,North,Mobile App,Organic Search,2025-10
U102293,2025-04-26,North,Mobile Web,Influencer,2025-04
U102294,2025-09-21,East,Mobile App,Organic Search,2025-09
U102295,2025-05-30,East,Mobile App,Organic Search,2025-05
U102296,2025-10-27,West,Mobile App,Paid Social,2025-10
U102297,2025-02-05,North,Mobile App,Influencer,2025-02
U102298,2025-11-29,North,Mobile App,Organic Search,2025-11
U102299,2025-10-14,North,Mobile App,Organic Search,2025-10
U102300,2025-10-30,North,Mobile App,Influencer,2025-10
U102301,2025-11-07,North,Mobile App,Email/Push,2025-11
U102302,2025-07-27,West,Desktop,Influencer,2025-07
U102303,2025-04-16,South,Mobile App,Paid Social,2025-04
U102304,2025-06-07,South,Mobile App,Organic Search,2025-06
U102305,2025-05-01,North,Mobile App,Organic Search,2025-05
U102306,2025-02-24,North,Mobile App,Paid Social,2025-02
U102307,2025-01-12,West,Mobile Web,Influencer,2025-01
U102308,2025-05-25,East,Mobile App,Influencer,2025-05
U102309,2025-05-16,East,Mobile App,Organic Search,2025-05
U102310,2025-01-03,South,Desktop,Paid Social,2025-01
U102311,2025-05-24,South,Mobile Web,Paid Social,2025-05
U102312,2025-01-30,South,Mobile App,Organic Search,2025-01
U102313,2025-08-25,South,Mobile App,Paid Social,2025-08
U102314,2025-10-06,West,Mobile App,Organic Search,2025-10
U102315,2025-12-14,South,Mobile Web,Organic Search,2025-12
U102316,2025-04-25,East,Mobile App,Influencer,2025-04
U102317,2025-04-14,North,Mobile App,Paid Social,2025-04
U102318,2025-04-28,East,Mobile App,Organic Search,2025-04
U102319,2025-01-05,West,Mobile App,Influencer,2025-01
U102320,2025-12-26,East,Mobile Web,Organic Search,2025-12
U102321,2025-09-05,South,Desktop,Paid Social,2025-09
U102322,2025-12-30,West,Mobile App,Paid Social,2025-12
U102323,2025-11-17,East,Mobile Web,Influencer,2025-11
U102324,2025-05-01,North,Mobile App,Referral,2025-05
U102325,2025-10-13,South,Desktop,Influencer,2025-10
U102326,2025-05-29,East,Mobile Web,Paid Social,2025-05
U102327,2025-03-25,East,Desktop,Influencer,2025-03
U102328,2025-08-19,South,Desktop,Referral,2025-08
U102329,2025-10-15,South,Mobile App,Paid Social,2025-10
U102330,2025-06-10,West,Mobile Web,Email/Push,2025-06
U102331,2025-09-29,North,Mobile App,Organic Search,2025-09
U102332,2025-02-07,South,Mobile App,Influencer,2025-02
U102333,2025-08-14,North,Mobile App,Influencer,2025-08
U102334,2025-05-22,West,Mobile App,Paid Social,2025-05
U102335,2025-10-19,North,Mobile Web,Organic Search,2025-10
U102336,2025-05-31,East,Mobile App,Organic Search,2025-05
U102337,2025-04-24,North,Desktop,Referral,2025-04
U102338,2025-08-25,East,Mobile App,Organic Search,2025-08
U102339,2025-03-07,West,Mobile Web,Influencer,2025-03
U102340,2025-12-27,South,Mobile App,Paid Social,2025-12
U102341,2025-12-07,South,Mobile App,Referral,2025-12
U102342,2025-09-15,South,Mobile App,Paid Social,2025-09
U102343,2025-09-06,South,Mobile App,Paid Social,2025-09
U102344,2025-11-27,West,Mobile Web,Influencer,2025-11
U102345,2025-11-19,North,Mobile Web,Paid Social,2025-11
U102346,2025-06-29,East,Mobile App,Paid Social,2025-06
U102347,2025-07-09,North,Mobile Web,Paid Social,2025-07
U102348,2025-06-03,North,Mobile App,Organic Search,2025-06
U102349,2025-07-15,South,Mobile App,Paid Social,2025-07
U102350,2025-11-07,South,Mobile App,Referral,2025-11
U102351,2025-09-19,South,Mobile App,Referral,2025-09
U102352,2025-05-23,East,Mobile Web,Paid Social,2025-05
U102353,2025-12-08,North,Mobile Web,Organic Search,2025-12
U102354,2025-11-12,North,Mobile Web,Paid Social,2025-11
U102355,2025-04-11,East,Mobile App,Referral,2025-04
U102356,2025-09-01,West,Mobile App,Organic Search,2025-09
U102357,2025-01-12,North,Mobile App,Paid Social,2025-01
U102358,2025-08-27,East,Desktop,Paid Social,2025-08
U102359,2025-02-18,South,Mobile App,Paid Social,2025-02
U102360,2025-02-11,West,Mobile App,Referral,2025-02
U102361,2025-06-15,West,Desktop,Paid Social,2025-06
U102362,2025-03-23,West,Mobile Web,Paid Social,2025-03
U102363,2025-10-18,East,Mobile Web,Paid Social,2025-10
U102364,2025-06-07,North,Desktop,Email/Push,2025-06
U102365,2025-08-04,West,Mobile App,Referral,2025-08
U102366,2025-06-07,South,Mobile App,Paid Social,2025-06
U102367,2025-05-14,North,Mobile App,Paid Social,2025-05
U102368,2025-03-08,South,Mobile App,Influencer,2025-03
U102369,2025-12-02,West,Mobile App,Paid Social,2025-12
U102370,2025-01-07,West,Mobile App,Email/Push,2025-01
U102371,2025-01-14,North,Mobile Web,Paid Social,2025-01
U102372,2025-03-14,East,Mobile App,Paid Social,2025-03
U102373,2025-06-12,West,Mobile App,Referral,2025-06
U102374,2025-03-07,North,Mobile Web,Organic Search,2025-03
U102375,2025-12-13,South,Mobile App,Email/Push,2025-12
U102376,2025-05-10,East,Mobile Web,Influencer,2025-05
U102377,2025-07-25,South,Desktop,Organic Search,2025-07
U102378,2025-10-03,North,Mobile Web,Referral,2025-10
U102379,2025-09-13,East,Mobile App,Influencer,2025-09
U102380,2025-09-23,West,Desktop,Organic Search,2025-09
U102381,2025-01-25,East,Mobile App,Paid Social,2025-01
U102382,2025-10-08,East,Mobile Web,Paid Social,2025-10
U102383,2025-09-10,South,Mobile App,Paid Social,2025-09
U102384,2025-11-06,North,Mobile App,Influencer,2025-11
U102385,2025-10-16,East,Desktop,Organic Search,2025-10
U102386,2025-06-13,South,Mobile App,Paid Social,2025-06
U102387,2025-04-05,West,Mobile Web,Influencer,2025-04
U102388,2025-09-27,North,Mobile App,Paid Social,2025-09
U102389,2025-11-17,South,Mobile Web,Organic Search,2025-11
U102390,2025-04-20,South,Desktop,Influencer,2025-04
U102391,2025-12-02,West,Mobile App,Organic Search,2025-12
U102392,2025-11-06,North,Mobile App,Paid Social,2025-11
U102393,2025-08-26,North,Mobile Web,Organic Search,2025-08
U102394,2025-01-25,North,Desktop,Referral,2025-01
U102395,2025-05-21,West,Mobile App,Organic Search,2025-05
U102396,2025-04-27,North,Mobile App,Paid Social,2025-04
U102397,2025-01-25,North,Mobile App,Paid Social,2025-01
U102398,2025-03-20,North,Mobile App,Referral,2025-03
U102399,2025-03-09,East,Mobile App,Organic Search,2025-03
U102400,2025-06-22,North,Mobile Web,Influencer,2025-06
U102401,2025-01-12,South,Desktop,Referral,2025-01
U102402,2025-10-15,South,Mobile App,Organic Search,2025-10
U102403,2025-05-08,South,Mobile App,Influencer,2025-05
U102404,2025-04-06,East,Mobile Web,Paid Social,2025-04
U102405,2025-04-02,South,Mobile App,Paid Social,2025-04
U102406,2025-05-21,West,Desktop,Referral,2025-05
U102407,2025-01-31,West,Mobile App,Paid Social,2025-01
U102408,2025-11-30,South,Mobile App,Referral,2025-11
U102409,2025-01-20,East,Mobile App,Email/Push,2025-01
U102410,2025-05-26,East,Desktop,Influencer,2025-05
U102411,2025-11-12,West,Desktop,Organic Search,2025-11
U102412,2025-06-09,South,Mobile App,Influencer,2025-06
U102413,2025-12-15,South,Mobile App,Paid Social,2025-12
U102414,2025-02-12,South,Mobile App,Organic Search,2025-02
U102415,2025-09-11,West,Mobile Web,Organic Search,2025-09
U102416,2025-05-10,North,Mobile App,Paid Social,2025-05
U102417,2025-03-01,North,Desktop,Paid Social,2025-03
U102418,2025-05-31,South,Mobile Web,Influencer,2025-05
U102419,2025-10-14,North,Desktop,Influencer,2025-10
U102420,2025-01-05,South,Mobile App,Referral,2025-01
U102421,2025-09-23,North,Mobile App,Paid Social,2025-09
U102422,2025-12-11,South,Mobile Web,Organic Search,2025-12
U102423,2025-05-10,West,Mobile App,Email/Push,2025-05
U102424,2025-09-24,South,Mobile App,Organic Search,2025-09
U102425,2025-06-27,East,Mobile App,Organic Search,2025-06
U102426,2025-09-10,North,Mobile App,Influencer,2025-09
U102427,2025-02-25,North,Mobile App,Organic Search,2025-02
U102428,2025-03-24,West,Mobile App,Organic Search,2025-03
U102429,2025-04-09,East,Mobile App,Organic Search,2025-04
U102430,2025-05-29,South,Mobile App,Organic Search,2025-05
U102431,2025-11-25,West,Mobile App,Referral,2025-11
U102432,2025-06-05,West,Mobile Web,Paid Social,2025-06
U102433,2025-07-09,West,Mobile App,Organic Search,2025-07
U102434,2025-09-20,South,Mobile Web,Paid Social,2025-09
U102435,2025-03-21,North,Mobile Web,Paid Social,2025-03
U102436,2025-09-09,East,Mobile Web,Organic Search,2025-09
U102437,2025-04-07,East,Mobile Web,Paid Social,2025-04
U102438,2025-09-17,North,Mobile App,Influencer,2025-09
U102439,2025-09-17,West,Mobile App,Paid Social,2025-09
U102440,2025-04-13,North,Mobile Web,Organic Search,2025-04
U102441,2025-02-09,South,Mobile App,Paid Social,2025-02
U102442,2025-09-30,South,Mobile App,Paid Social,2025-09
U102443,2025-04-11,East,Mobile App,Organic Search,2025-04
U102444,2025-12-25,South,Desktop,Influencer,2025-12
U102445,2025-11-04,West,Mobile App,Organic Search,2025-11
U102446,2025-08-09,South,Mobile App,Influencer,2025-08
U102447,2025-11-04,West,Desktop,Paid Social,2025-11
U102448,2025-05-04,West,Mobile Web,Paid Social,2025-05
U102449,2025-08-19,East,Mobile App,Influencer,2025-08
U102450,2025-06-27,West,Desktop,Organic Search,2025-06
U102451,2025-03-04,North,Mobile App,Organic Search,2025-03
U102452,2025-04-26,South,Mobile Web,Paid Social,2025-04
U102453,2025-07-10,North,Mobile App,Paid Social,2025-07
U102454,2025-03-03,North,Mobile App,Organic Search,2025-03
U102455,2025-09-13,West,Mobile Web,Influencer,2025-09
U102456,2025-01-07,North,Mobile App,Paid Social,2025-01
U102457,2025-06-04,South,Mobile App,Email/Push,2025-06
U102458,2025-04-02,South,Mobile Web,Paid Social,2025-04
U102459,2025-01-14,South,Mobile App,Organic Search,2025-01
U102460,2025-08-17,South,Desktop,Paid Social,2025-08
U102461,2025-03-27,West,Mobile App,Organic Search,2025-03
U102462,2025-05-13,North,Mobile App,Paid Social,2025-05
U102463,2025-07-02,South,Mobile Web,Paid Social,2025-07
U102464,2025-03-03,East,Mobile App,Email/Push,2025-03
U102465,2025-08-07,East,Mobile App,Referral,2025-08
U102466,2025-09-03,South,Mobile App,Referral,2025-09
U102467,2025-08-18,West,Desktop,Paid Social,2025-08
U102468,2025-03-20,South,Mobile App,Email/Push,2025-03
U102469,2025-05-29,South,Mobile App,Organic Search,2025-05
U102470,2025-05-18,North,Mobile App,Influencer,2025-05
U102471,2025-11-10,South,Mobile App,Paid Social,2025-11
U102472,2025-03-06,East,Mobile App,Paid Social,2025-03
U102473,2025-01-13,North,Mobile Web,Email/Push,2025-01
U102474,2025-08-01,South,Desktop,Organic Search,2025-08
U102475,2025-08-30,West,Mobile App,Influencer,2025-08
U102476,2025-08-01,South,Mobile App,Paid Social,2025-08
U102477,2025-06-30,North,Desktop,Organic Search,2025-06
U102478,2025-12-04,East,Mobile App,Influencer,2025-12
U102479,2025-06-22,North,Mobile App,Organic Search,2025-06
U102480,2025-06-09,West,Desktop,Referral,2025-06
U102481,2025-06-13,North,Mobile Web,Paid Social,2025-06
U102482,2025-07-07,East,Mobile App,Paid Social,2025-07
U102483,2025-07-10,South,Mobile App,Paid Social,2025-07
U102484,2025-11-04,West,Mobile App,Organic Search,2025-11
U102485,2025-09-13,North,Mobile App,Influencer,2025-09
U102486,2025-07-02,East,Mobile Web,Organic Search,2025-07
U102487,2025-04-27,South,Mobile App,Organic Search,2025-04
U102488,2025-10-09,South,Mobile Web,Influencer,2025-10
U102489,2025-07-15,South,Mobile App,Paid Social,2025-07
U102490,2025-02-03,East,Mobile App,Influencer,2025-02
U102491,2025-02-21,West,Mobile App,Email/Push,2025-02
U102492,2025-04-22,North,Mobile Web,Paid Social,2025-04
U102493,2025-09-09,North,Mobile Web,Paid Social,2025-09
U102494,2025-03-23,West,Mobile App,Paid Social,2025-03
U102495,2025-08-20,North,Mobile App,Influencer,2025-08
U102496,2025-08-15,West,Mobile Web,Paid Social,2025-08
U102497,2025-08-21,East,Mobile App,Referral,2025-08
U102498,2025-08-09,East,Mobile App,Organic Search,2025-08
U102499,2025-02-11,North,Mobile App,Influencer,2025-02
U102500,2025-01-21,North,Mobile App,Influencer,2025-01
U102501,2025-02-11,East,Mobile Web,Email/Push,2025-02
U102502,2025-04-23,West,Mobile App,Paid Social,2025-04
U102503,2025-04-15,West,Mobile Web,Paid Social,2025-04
U102504,2025-07-11,North,Desktop,Paid Social,2025-07
U102505,2025-01-17,North,Desktop,Organic Search,2025-01
U102506,2025-04-30,North,Mobile App,Organic Search,2025-04
U102507,2025-05-09,West,Mobile App,Email/Push,2025-05
U102508,2025-05-10,South,Mobile App,Influencer,2025-05
U102509,2025-03-01,North,Mobile App,Paid Social,2025-03
U102510,2025-02-17,North,Mobile Web,Influencer,2025-02
U102511,2025-01-29,South,Desktop,Paid Social,2025-01
U102512,2025-04-07,West,Mobile Web,Paid Social,2025-04
U102513,2025-01-10,South,Mobile App,Influencer,2025-01
U102514,2025-08-30,North,Mobile App,Email/Push,2025-08
U102515,2025-11-10,South,Mobile App,Paid Social,2025-11
U102516,2025-08-20,South,Mobile Web,Influencer,2025-08
U102517,2025-10-04,North,Mobile App,Influencer,2025-10
U102518,2025-10-11,North,Mobile App,Paid Social,2025-10
U102519,2025-07-22,East,Mobile App,Paid Social,2025-07
U102520,2025-09-04,North,Desktop,Referral,2025-09
U102521,2025-10-17,North,Mobile Web,Influencer,2025-10
U102522,2025-09-21,South,Desktop,Organic Search,2025-09
U102523,2025-08-02,East,Mobile Web,Paid Social,2025-08
U102524,2025-07-19,South,Mobile App,Referral,2025-07
U102525,2025-03-20,East,Mobile App,Referral,2025-03
U102526,2025-12-09,South,Mobile App,Organic Search,2025-12
U102527,2025-12-10,East,Mobile App,Paid Social,2025-12
U102528,2025-06-22,North,Desktop,Influencer,2025-06
U102529,2025-03-10,West,Mobile App,Referral,2025-03
U102530,2025-03-28,North,Mobile App,Influencer,2025-03
U102531,2025-04-11,South,Mobile App,Email/Push,2025-04
U102532,2025-01-08,East,Mobile App,Influencer,2025-01
U102533,2025-11-29,South,Mobile App,Email/Push,2025-11
U102534,2025-07-19,West,Mobile App,Email/Push,2025-07
U102535,2025-03-28,South,Mobile App,Organic Search,2025-03
U102536,2025-02-12,West,Mobile App,Referral,2025-02
U102537,2025-04-19,West,Mobile App,Referral,2025-04
U102538,2025-06-01,West,Mobile App,Referral,2025-06
U102539,2025-01-17,West,Mobile App,Paid Social,2025-01
U102540,2025-05-13,West,Desktop,Organic Search,2025-05
U102541,2025-05-28,East,Mobile App,Paid Social,2025-05
U102542,2025-10-04,South,Mobile App,Paid Social,2025-10
U102543,2025-08-20,North,Mobile App,Paid Social,2025-08
U102544,2025-11-10,East,Mobile App,Email/Push,2025-11
U102545,2025-08-16,West,Mobile App,Organic Search,2025-08
U102546,2025-05-19,East,Desktop,Paid Social,2025-05
U102547,2025-07-30,West,Mobile Web,Organic Search,2025-07
U102548,2025-01-28,West,Mobile App,Paid Social,2025-01
U102549,2025-02-20,North,Mobile App,Influencer,2025-02
U102550,2025-09-18,North,Mobile App,Paid Social,2025-09
U102551,2025-09-18,South,Mobile App,Paid Social,2025-09
U102552,2025-12-16,North,Mobile App,Influencer,2025-12
U102553,2025-12-18,South,Desktop,Organic Search,2025-12
U102554,2025-01-08,West,Mobile App,Influencer,2025-01
U102555,2025-11-16,East,Mobile App,Organic Search,2025-11
U102556,2025-05-18,South,Desktop,Organic Search,2025-05
U102557,2025-02-07,North,Mobile Web,Organic Search,2025-02
U102558,2025-04-21,South,Desktop,Paid Social,2025-04
U102559,2025-08-08,South,Mobile App,Paid Social,2025-08
U102560,2025-12-03,South,Mobile App,Paid Social,2025-12
U102561,2025-08-11,North,Mobile Web,Influencer,2025-08
U102562,2025-05-16,South,Mobile App,Referral,2025-05
U102563,2025-09-13,North,Mobile App,Paid Social,2025-09
U102564,2025-12-26,West,Mobile Web,Paid Social,2025-12
U102565,2025-11-25,North,Mobile Web,Email/Push,2025-11
U102566,2025-02-18,North,Desktop,Paid Social,2025-02
U102567,2025-10-19,North,Desktop,Organic Search,2025-10
U102568,2025-11-20,South,Desktop,Organic Search,2025-11
U102569,2025-03-19,East,Mobile App,Referral,2025-03
U102570,2025-04-15,East,Mobile Web,Paid Social,2025-04
U102571,2025-06-18,South,Mobile Web,Email/Push,2025-06
U102572,2025-08-05,East,Desktop,Organic Search,2025-08
U102573,2025-04-29,South,Mobile App,Paid Social,2025-04
U102574,2025-07-09,East,Mobile App,Paid Social,2025-07
U102575,2025-09-12,North,Desktop,Organic Search,2025-09
U102576,2025-09-23,South,Mobile App,Paid Social,2025-09
U102577,2025-05-29,West,Mobile App,Email/Push,2025-05
U102578,2025-06-13,West,Mobile App,Paid Social,2025-06
U102579,2025-05-20,East,Mobile App,Influencer,2025-05
U102580,2025-12-13,North,Mobile Web,Organic Search,2025-12
U102581,2025-09-15,North,Mobile App,Paid Social,2025-09
U102582,2025-09-26,West,Mobile Web,Paid Social,2025-09
U102583,2025-06-30,North,Mobile App,Organic Search,2025-06
U102584,2025-06-09,North,Mobile App,Referral,2025-06
U102585,2025-12-17,North,Mobile App,Influencer,2025-12
U102586,2025-10-15,South,Mobile Web,Referral,2025-10
U102587,2025-10-15,North,Mobile App,Organic Search,2025-10
U102588,2025-08-14,South,Mobile Web,Paid Social,2025-08
U102589,2025-01-11,South,Mobile Web,Influencer,2025-01
U102590,2025-01-10,West,Mobile Web,Influencer,2025-01
U102591,2025-09-28,North,Mobile App,Organic Search,2025-09
U102592,2025-09-30,South,Mobile App,Paid Social,2025-09
U102593,2025-07-02,South,Mobile App,Referral,2025-07
U102594,2025-06-02,East,Mobile App,Influencer,2025-06
U102595,2025-11-11,South,Mobile App,Organic Search,2025-11
U102596,2025-11-30,West,Desktop,Organic Search,2025-11
U102597,2025-05-04,North,Mobile Web,Influencer,2025-05
U102598,2025-04-24,West,Mobile App,Paid Social,2025-04
U102599,2025-10-05,South,Mobile App,Organic Search,2025-10
U102600,2025-08-01,North,Desktop,Paid Social,2025-08
U102601,2025-06-21,West,Mobile App,Paid Social,2025-06
U102602,2025-10-15,East,Mobile Web,Email/Push,2025-10
U102603,2025-06-23,North,Mobile App,Organic Search,2025-06
U102604,2025-04-23,North,Mobile App,Influencer,2025-04
U102605,2025-05-02,North,Desktop,Organic Search,2025-05
U102606,2025-02-01,East,Mobile App,Influencer,2025-02
U102607,2025-08-10,North,Mobile App,Organic Search,2025-08
U102608,2025-04-29,North,Desktop,Paid Social,2025-04
U102609,2025-02-08,North,Mobile Web,Influencer,2025-02
U102610,2025-09-25,East,Mobile Web,Paid Social,2025-09
U102611,2025-08-21,West,Mobile App,Organic Search,2025-08
U102612,2025-01-18,West,Mobile Web,Organic Search,2025-01
U102613,2025-05-29,North,Mobile Web,Paid Social,2025-05
U102614,2025-05-29,West,Desktop,Paid Social,2025-05
U102615,2025-05-06,East,Mobile Web,Influencer,2025-05
U102616,2025-10-29,West,Mobile Web,Paid Social,2025-10
U102617,2025-12-26,South,Mobile App,Organic Search,2025-12
U102618,2025-08-26,South,Mobile Web,Organic Search,2025-08
U102619,2025-05-15,West,Mobile Web,Organic Search,2025-05
U102620,2025-05-31,North,Mobile Web,Influencer,2025-05
U102621,2025-08-24,South,Mobile App,Influencer,2025-08
U102622,2025-08-12,West,Desktop,Paid Social,2025-08
U102623,2025-07-22,West,Mobile App,Referral,2025-07
U102624,2025-09-13,West,Mobile App,Paid Social,2025-09
U102625,2025-03-27,East,Mobile Web,Organic Search,2025-03
U102626,2025-05-30,North,Mobile Web,Organic Search,2025-05
U102627,2025-08-23,North,Mobile App,Paid Social,2025-08
U102628,2025-12-11,South,Mobile Web,Paid Social,2025-12
U102629,2025-01-22,South,Mobile App,Organic Search,2025-01
U102630,2025-12-14,North,Mobile App,Paid Social,2025-12
U102631,2025-10-12,North,Mobile App,Paid Social,2025-10
U102632,2025-09-26,South,Desktop,Email/Push,2025-09
U102633,2025-09-15,East,Mobile App,Paid Social,2025-09
U102634,2025-01-29,West,Mobile App,Organic Search,2025-01
U102635,2025-08-01,East,Mobile Web,Paid Social,2025-08
U102636,2025-10-10,West,Mobile App,Influencer,2025-10
U102637,2025-02-19,East,Mobile Web,Paid Social,2025-02
U102638,2025-04-05,West,Desktop,Organic Search,2025-04
U102639,2025-03-29,East,Mobile Web,Organic Search,2025-03
U102640,2025-02-13,West,Mobile App,Influencer,2025-02
U102641,2025-10-05,West,Mobile App,Influencer,2025-10
U102642,2025-06-20,West,Mobile Web,Paid Social,2025-06
U102643,2025-07-08,South,Mobile App,Influencer,2025-07
U102644,2025-12-19,North,Mobile App,Referral,2025-12
U102645,2025-07-03,North,Mobile App,Email/Push,2025-07
U102646,2025-01-03,North,Mobile App,Email/Push,2025-01
U102647,2025-07-10,North,Desktop,Organic Search,2025-07
U102648,2025-04-28,North,Mobile Web,Referral,2025-04
U102649,2025-01-19,South,Mobile App,Organic Search,2025-01
U102650,2025-01-23,South,Mobile App,Organic Search,2025-01
U102651,2025-01-30,East,Desktop,Paid Social,2025-01
U102652,2025-10-22,North,Mobile App,Paid Social,2025-10
U102653,2025-04-18,East,Mobile Web,Paid Social,2025-04
U102654,2025-10-08,East,Mobile App,Email/Push,2025-10
U102655,2025-05-08,South,Desktop,Paid Social,2025-05
U102656,2025-08-17,West,Mobile Web,Paid Social,2025-08
U102657,2025-04-21,North,Mobile App,Paid Social,2025-04
U102658,2025-05-16,North,Mobile App,Organic Search,2025-05
U102659,2025-12-28,South,Mobile App,Email/Push,2025-12
U102660,2025-07-05,North,Desktop,Referral,2025-07
U102661,2025-05-24,South,Mobile App,Paid Social,2025-05
U102662,2025-03-13,South,Mobile App,Email/Push,2025-03
U102663,2025-05-09,South,Mobile App,Paid Social,2025-05
U102664,2025-12-30,North,Desktop,Email/Push,2025-12
U102665,2025-09-18,South,Mobile Web,Paid Social,2025-09
U102666,2025-01-03,East,Mobile App,Referral,2025-01
U102667,2025-04-14,South,Mobile App,Paid Social,2025-04
U102668,2025-08-12,North,Mobile App,Email/Push,2025-08
U102669,2025-11-16,North,Mobile Web,Paid Social,2025-11
U102670,2025-12-28,North,Mobile App,Paid Social,2025-12
U102671,2025-12-20,North,Mobile App,Influencer,2025-12
U102672,2025-01-10,West,Desktop,Paid Social,2025-01
U102673,2025-10-29,North,Mobile App,Influencer,2025-10
U102674,2025-08-19,East,Mobile Web,Referral,2025-08
U102675,2025-08-07,West,Mobile App,Organic Search,2025-08
U102676,2025-03-07,North,Mobile App,Organic Search,2025-03
U102677,2025-04-22,South,Mobile App,Influencer,2025-04
U102678,2025-01-13,West,Mobile Web,Influencer,2025-01
U102679,2025-03-27,West,Mobile App,Organic Search,2025-03
U102680,2025-08-22,South,Desktop,Paid Social,2025-08
U102681,2025-03-31,East,Mobile App,Paid Social,2025-03
U102682,2025-11-10,West,Mobile App,Paid Social,2025-11
U102683,2025-02-23,South,Desktop,Organic Search,2025-02
U102684,2025-01-12,West,Mobile App,Influencer,2025-01
U102685,2025-07-28,South,Mobile App,Influencer,2025-07
U102686,2025-01-14,South,Mobile App,Influencer,2025-01
U102687,2025-05-01,West,Mobile Web,Organic Search,2025-05
U102688,2025-01-20,West,Mobile Web,Paid Social,2025-01
U102689,2025-03-16,South,Mobile App,Referral,2025-03
U102690,2025-08-31,North,Mobile App,Influencer,2025-08
U102691,2025-08-11,East,Mobile Web,Referral,2025-08
U102692,2025-03-11,East,Desktop,Paid Social,2025-03
U102693,2025-11-08,East,Mobile App,Organic Search,2025-11
U102694,2025-07-30,West,Desktop,Organic Search,2025-07
U102695,2025-04-11,West,Mobile App,Paid Social,2025-04
U102696,2025-07-05,South,Mobile App,Referral,2025-07
U102697,2025-05-12,North,Mobile App,Paid Social,2025-05
U102698,2025-04-21,South,Mobile App,Influencer,2025-04
U102699,2025-05-12,East,Mobile App,Paid Social,2025-05
U102700,2025-01-20,East,Desktop,Organic Search,2025-01
U102701,2025-01-24,South,Mobile App,Influencer,2025-01
U102702,2025-08-15,South,Mobile App,Organic Search,2025-08
U102703,2025-06-03,South,Mobile App,Influencer,2025-06
U102704,2025-10-20,North,Mobile Web,Referral,2025-10
U102705,2025-08-18,South,Desktop,Email/Push,2025-08
U102706,2025-11-06,North,Mobile App,Paid Social,2025-11
U102707,2025-12-25,South,Mobile App,Paid Social,2025-12
U102708,2025-07-21,South,Mobile App,Organic Search,2025-07
U102709,2025-02-07,South,Mobile App,Influencer,2025-02
U102710,2025-09-17,North,Mobile App,Organic Search,2025-09
U102711,2025-07-07,West,Mobile App,Paid Social,2025-07
U102712,2025-02-26,South,Mobile Web,Paid Social,2025-02
U102713,2025-01-20,East,Mobile App,Paid Social,2025-01
U102714,2025-09-30,East,Mobile App,Referral,2025-09
U102715,2025-04-29,South,Mobile App,Paid Social,2025-04
U102716,2025-03-12,South,Mobile Web,Organic Search,2025-03
U102717,2025-01-04,West,Mobile App,Paid Social,2025-01
U102718,2025-08-09,East,Mobile App,Referral,2025-08
U102719,2025-01-14,West,Mobile Web,Influencer,2025-01
U102720,2025-01-03,East,Mobile App,Organic Search,2025-01
U102721,2025-08-04,North,Mobile App,Paid Social,2025-08
U102722,2025-08-17,North,Mobile App,Paid Social,2025-08
U102723,2025-12-02,South,Desktop,Organic Search,2025-12
U102724,2025-07-05,South,Mobile App,Organic Search,2025-07
U102725,2025-02-24,North,Desktop,Organic Search,2025-02
U102726,2025-09-11,West,Mobile App,Influencer,2025-09
U102727,2025-01-24,South,Mobile App,Email/Push,2025-01
U102728,2025-06-11,South,Mobile Web,Paid Social,2025-06
U102729,2025-06-07,West,Mobile App,Paid Social,2025-06
U102730,2025-03-23,West,Mobile App,Organic Search,2025-03
U102731,2025-06-08,South,Mobile App,Organic Search,2025-06
U102732,2025-07-07,West,Desktop,Organic Search,2025-07
U102733,2025-03-01,West,Mobile App,Influencer,2025-03
U102734,2025-11-01,South,Mobile App,Paid Social,2025-11
U102735,2025-11-15,North,Mobile App,Influencer,2025-11
U102736,2025-07-30,North,Mobile App,Organic Search,2025-07
U102737,2025-06-01,South,Mobile App,Email/Push,2025-06
U102738,2025-04-19,South,Mobile App,Referral,2025-04
U102739,2025-03-17,West,Mobile App,Referral,2025-03
U102740,2025-01-30,East,Mobile App,Paid Social,2025-01
U102741,2025-11-10,East,Mobile App,Influencer,2025-11
U102742,2025-04-27,West,Mobile App,Paid Social,2025-04
U102743,2025-12-22,West,Mobile Web,Referral,2025-12
U102744,2025-07-11,South,Desktop,Paid Social,2025-07
U102745,2025-01-19,North,Mobile Web,Paid Social,2025-01
U102746,2025-06-22,East,Mobile App,Paid Social,2025-06
U102747,2025-08-16,South,Mobile Web,Paid Social,2025-08
U102748,2025-12-16,South,Desktop,Paid Social,2025-12
U102749,2025-07-02,East,Mobile App,Email/Push,2025-07
U102750,2025-04-23,West,Mobile App,Organic Search,2025-04
U102751,2025-07-02,South,Mobile App,Influencer,2025-07
U102752,2025-05-26,West,Desktop,Paid Social,2025-05
U102753,2025-11-15,North,Mobile App,Organic Search,2025-11
U102754,2025-04-26,East,Mobile App,Paid Social,2025-04
U102755,2025-04-23,North,Mobile App,Paid Social,2025-04
U102756,2025-09-08,West,Mobile Web,Paid Social,2025-09
U102757,2025-09-08,North,Mobile App,Organic Search,2025-09
U102758,2025-10-30,East,Mobile Web,Paid Social,2025-10
U102759,2025-11-09,North,Mobile Web,Influencer,2025-11
U102760,2025-04-28,North,Mobile App,Organic Search,2025-04
U102761,2025-10-28,South,Mobile App,Influencer,2025-10
U102762,2025-06-10,South,Mobile App,Email/Push,2025-06
U102763,2025-07-17,North,Desktop,Referral,2025-07
U102764,2025-09-17,South,Mobile Web,Influencer,2025-09
U102765,2025-05-28,East,Desktop,Paid Social,2025-05
U102766,2025-08-28,East,Mobile App,Influencer,2025-08
U102767,2025-02-16,North,Mobile App,Paid Social,2025-02
U102768,2025-07-17,East,Mobile App,Organic Search,2025-07
U102769,2025-02-16,North,Mobile App,Referral,2025-02
U102770,2025-03-19,South,Desktop,Influencer,2025-03
U102771,2025-05-04,North,Mobile App,Influencer,2025-05
U102772,2025-03-16,South,Mobile App,Paid Social,2025-03
U102773,2025-12-25,North,Mobile App,Organic Search,2025-12
U102774,2025-05-17,West,Mobile App,Influencer,2025-05
U102775,2025-03-31,South,Mobile App,Referral,2025-03
U102776,2025-11-21,North,Mobile App,Paid Social,2025-11
U102777,2025-03-02,North,Mobile Web,Organic Search,2025-03
U102778,2025-05-18,West,Mobile App,Influencer,2025-05
U102779,2025-02-19,East,Mobile App,Referral,2025-02
U102780,2025-09-16,East,Mobile App,Organic Search,2025-09
U102781,2025-04-17,West,Mobile Web,Referral,2025-04
U102782,2025-04-23,West,Mobile App,Organic Search,2025-04
U102783,2025-12-16,East,Desktop,Influencer,2025-12
U102784,2025-09-11,North,Mobile Web,Organic Search,2025-09
U102785,2025-04-28,West,Mobile App,Organic Search,2025-04
U102786,2025-07-17,North,Mobile App,Influencer,2025-07
U102787,2025-12-03,East,Mobile App,Paid Social,2025-12
U102788,2025-02-20,East,Mobile Web,Influencer,2025-02
U102789,2025-09-02,East,Mobile App,Referral,2025-09
U102790,2025-02-04,South,Mobile App,Email/Push,2025-02
U102791,2025-10-29,East,Mobile App,Paid Social,2025-10
U102792,2025-03-10,West,Desktop,Referral,2025-03
U102793,2025-12-15,North,Desktop,Influencer,2025-12
U102794,2025-11-16,South,Mobile App,Referral,2025-11
U102795,2025-02-18,East,Mobile App,Paid Social,2025-02
U102796,2025-03-15,West,Mobile Web,Paid Social,2025-03
U102797,2025-07-11,North,Mobile Web,Organic Search,2025-07
U102798,2025-09-18,North,Mobile App,Organic Search,2025-09
U102799,2025-12-22,North,Mobile App,Referral,2025-12
U102800,2025-03-11,North,Mobile Web,Organic Search,2025-03
U102801,2025-03-31,West,Mobile App,Influencer,2025-03
U102802,2025-09-17,East,Mobile App,Organic Search,2025-09
U102803,2025-05-06,East,Mobile Web,Paid Social,2025-05
U102804,2025-08-19,South,Mobile App,Paid Social,2025-08
U102805,2025-10-22,West,Desktop,Referral,2025-10
U102806,2025-05-09,North,Mobile App,Organic Search,2025-05
U102807,2025-10-07,South,Desktop,Organic Search,2025-10
U102808,2025-11-09,South,Mobile App,Influencer,2025-11
U102809,2025-04-10,North,Mobile Web,Organic Search,2025-04
U102810,2025-11-22,South,Mobile App,Email/Push,2025-11
U102811,2025-10-24,South,Mobile App,Email/Push,2025-10
U102812,2025-07-01,North,Mobile App,Paid Social,2025-07
U102813,2025-06-23,North,Mobile Web,Influencer,2025-06
U102814,2025-11-12,East,Mobile App,Referral,2025-11
U102815,2025-12-30,North,Mobile App,Organic Search,2025-12
U102816,2025-07-07,West,Mobile App,Organic Search,2025-07
U102817,2025-02-26,North,Mobile App,Influencer,2025-02
U102818,2025-01-31,West,Mobile App,Email/Push,2025-01
U102819,2025-03-25,West,Desktop,Organic Search,2025-03
U102820,2025-06-01,West,Mobile App,Paid Social,2025-06
U102821,2025-02-05,West,Mobile App,Referral,2025-02
U102822,2025-08-01,South,Desktop,Paid Social,2025-08
U102823,2025-12-30,South,Mobile Web,Referral,2025-12
U102824,2025-04-16,South,Mobile Web,Influencer,2025-04
U102825,2025-12-08,North,Mobile App,Organic Search,2025-12
U102826,2025-08-08,North,Mobile App,Paid Social,2025-08
U102827,2025-06-12,West,Mobile App,Referral,2025-06
U102828,2025-08-08,South,Mobile App,Paid Social,2025-08
U102829,2025-09-27,East,Mobile Web,Paid Social,2025-09
U102830,2025-04-30,West,Mobile App,Referral,2025-04
U102831,2025-12-02,East,Mobile App,Email/Push,2025-12
U102832,2025-07-01,East,Desktop,Referral,2025-07
U102833,2025-04-16,West,Mobile App,Organic Search,2025-04
U102834,2025-08-05,North,Desktop,Organic Search,2025-08
U102835,2025-07-24,South,Mobile App,Paid Social,2025-07
U102836,2025-03-11,West,Mobile App,Influencer,2025-03
U102837,2025-02-13,West,Mobile App,Organic Search,2025-02
U102838,2025-11-25,West,Mobile App,Email/Push,2025-11
U102839,2025-10-28,South,Mobile App,Email/Push,2025-10
U102840,2025-08-16,West,Mobile App,Organic Search,2025-08
U102841,2025-07-03,North,Mobile App,Email/Push,2025-07
U102842,2025-04-17,North,Mobile Web,Email/Push,2025-04
U102843,2025-03-25,South,Mobile App,Referral,2025-03
U102844,2025-12-04,South,Mobile App,Paid Social,2025-12
U102845,2025-09-07,North,Mobile App,Referral,2025-09
U102846,2025-12-29,South,Mobile App,Paid Social,2025-12
U102847,2025-01-21,North,Mobile App,Referral,2025-01
U102848,2025-07-15,South,Mobile App,Paid Social,2025-07
U102849,2025-06-27,West,Mobile App,Referral,2025-06
U102850,2025-01-07,East,Mobile App,Email/Push,2025-01
U102851,2025-03-11,North,Mobile App,Paid Social,2025-03
U102852,2025-05-07,South,Desktop,Influencer,2025-05
U102853,2025-06-09,East,Mobile App,Paid Social,2025-06
U102854,2025-09-05,South,Mobile App,Referral,2025-09
U102855,2025-07-22,South,Desktop,Referral,2025-07
U102856,2025-05-28,East,Desktop,Paid Social,2025-05
U102857,2025-05-23,West,Desktop,Organic Search,2025-05
U102858,2025-07-18,North,Mobile App,Influencer,2025-07
U102859,2025-06-03,South,Mobile Web,Organic Search,2025-06
U102860,2025-05-22,South,Mobile Web,Referral,2025-05
U102861,2025-11-09,South,Mobile Web,Referral,2025-11
U102862,2025-06-14,North,Mobile App,Paid Social,2025-06
U102863,2025-11-10,North,Mobile App,Influencer,2025-11
U102864,2025-01-21,South,Desktop,Organic Search,2025-01
U102865,2025-03-23,West,Mobile App,Organic Search,2025-03
U102866,2025-03-10,East,Mobile App,Paid Social,2025-03
U102867,2025-05-11,East,Mobile App,Organic Search,2025-05
U102868,2025-03-28,West,Mobile App,Referral,2025-03
U102869,2025-08-06,North,Mobile App,Referral,2025-08
U102870,2025-11-01,West,Mobile App,Referral,2025-11
U102871,2025-12-11,South,Desktop,Influencer,2025-12
U102872,2025-12-07,South,Mobile App,Organic Search,2025-12
U102873,2025-06-10,West,Mobile App,Organic Search,2025-06
U102874,2025-06-27,West,Mobile Web,Email/Push,2025-06
U102875,2025-04-27,West,Mobile App,Email/Push,2025-04
U102876,2025-07-15,North,Mobile App,Organic Search,2025-07
U102877,2025-11-23,West,Mobile App,Referral,2025-11
U102878,2025-03-27,West,Mobile App,Paid Social,2025-03
U102879,2025-10-16,South,Mobile App,Paid Social,2025-10
U102880,2025-03-22,North,Mobile Web,Influencer,2025-03
U102881,2025-06-01,North,Desktop,Organic Search,2025-06
U102882,2025-03-02,West,Mobile Web,Paid Social,2025-03
U102883,2025-03-02,South,Mobile App,Referral,2025-03
U102884,2025-12-20,South,Mobile App,Influencer,2025-12
U102885,2025-01-28,South,Mobile App,Email/Push,2025-01
U102886,2025-02-12,North,Mobile App,Organic Search,2025-02
U102887,2025-06-18,East,Mobile App,Organic Search,2025-06
U102888,2025-03-27,South,Desktop,Paid Social,2025-03
U102889,2025-06-26,West,Mobile App,Influencer,2025-06
U102890,2025-01-17,East,Mobile App,Email/Push,2025-01
U102891,2025-04-08,West,Mobile App,Influencer,2025-04
U102892,2025-07-17,South,Mobile App,Referral,2025-07
U102893,2025-04-08,North,Mobile Web,Paid Social,2025-04
U102894,2025-03-06,South,Desktop,Organic Search,2025-03
U102895,2025-11-26,South,Mobile App,Organic Search,2025-11
U102896,2025-12-07,North,Mobile App,Influencer,2025-12
U102897,2025-01-05,West,Desktop,Paid Social,2025-01
U102898,2025-01-02,South,Mobile Web,Organic Search,2025-01
U102899,2025-01-22,North,Desktop,Paid Social,2025-01
U102900,2025-04-22,North,Mobile App,Referral,2025-04
U102901,2025-02-26,South,Mobile App,Influencer,2025-02
U102902,2025-03-07,West,Mobile App,Referral,2025-03
U102903,2025-11-26,North,Mobile App,Influencer,2025-11
U102904,2025-04-08,South,Mobile Web,Organic Search,2025-04
U102905,2025-05-24,East,Mobile App,Paid Social,2025-05
U102906,2025-05-05,South,Mobile App,Organic Search,2025-05
U102907,2025-06-16,North,Mobile App,Email/Push,2025-06
U102908,2025-03-27,North,Mobile Web,Paid Social,2025-03
U102909,2025-03-17,South,Mobile App,Paid Social,2025-03
U102910,2025-12-10,North,Mobile App,Organic Search,2025-12
U102911,2025-10-21,North,Mobile App,Organic Search,2025-10
U102912,2025-02-28,West,Mobile App,Organic Search,2025-02
U102913,2025-05-18,North,Mobile App,Organic Search,2025-05
U102914,2025-04-09,East,Mobile App,Email/Push,2025-04
U102915,2025-07-11,West,Desktop,Referral,2025-07
U102916,2025-08-31,South,Mobile Web,Paid Social,2025-08
U102917,2025-11-15,South,Mobile Web,Referral,2025-11
U102918,2025-02-18,North,Desktop,Influencer,2025-02
U102919,2025-02-01,East,Desktop,Influencer,2025-02
U102920,2025-10-04,East,Mobile Web,Organic Search,2025-10
U102921,2025-01-20,East,Mobile App,Paid Social,2025-01
U102922,2025-06-03,North,Mobile App,Influencer,2025-06
U102923,2025-03-09,West,Mobile App,Influencer,2025-03
U102924,2025-08-02,North,Desktop,Organic Search,2025-08
U102925,2025-05-23,South,Mobile Web,Paid Social,2025-05
U102926,2025-08-20,South,Mobile App,Referral,2025-08
U102927,2025-08-01,North,Mobile App,Paid Social,2025-08
U102928,2025-03-20,South,Mobile App,Paid Social,2025-03
U102929,2025-08-02,East,Mobile App,Paid Social,2025-08
U102930,2025-04-26,West,Mobile App,Organic Search,2025-04
U102931,2025-04-02,West,Mobile App,Organic Search,2025-04
U102932,2025-09-27,South,Mobile App,Paid Social,2025-09
U102933,2025-06-17,East,Mobile Web,Paid Social,2025-06
U102934,2025-02-27,North,Mobile App,Paid Social,2025-02
U102935,2025-10-11,South,Mobile App,Paid Social,2025-10
U102936,2025-01-26,North,Mobile App,Organic Search,2025-01
U102937,2025-03-07,South,Desktop,Paid Social,2025-03
U102938,2025-09-05,South,Mobile App,Paid Social,2025-09
U102939,2025-09-11,South,Mobile App,Organic Search,2025-09
U102940,2025-02-13,South,Mobile App,Paid Social,2025-02
U102941,2025-04-07,West,Mobile App,Paid Social,2025-04
U102942,2025-02-11,South,Mobile App,Influencer,2025-02
U102943,2025-08-15,West,Mobile App,Organic Search,2025-08
U102944,2025-09-19,East,Mobile App,Influencer,2025-09
U102945,2025-06-16,South,Mobile Web,Organic Search,2025-06
U102946,2025-10-06,East,Mobile Web,Influencer,2025-10
U102947,2025-03-30,North,Mobile App,Paid Social,2025-03
U102948,2025-06-27,West,Mobile Web,Organic Search,2025-06
U102949,2025-07-16,South,Mobile App,Organic Search,2025-07
U102950,2025-11-03,West,Mobile App,Influencer,2025-11
U102951,2025-09-24,East,Mobile App,Organic Search,2025-09
U102952,2025-09-25,West,Mobile App,Influencer,2025-09
U102953,2025-03-15,West,Mobile App,Organic Search,2025-03
U102954,2025-01-08,South,Mobile Web,Referral,2025-01
U102955,2025-10-24,North,Desktop,Influencer,2025-10
U102956,2025-06-13,South,Mobile App,Email/Push,2025-06
U102957,2025-03-26,South,Mobile App,Referral,2025-03
U102958,2025-03-13,North,Mobile App,Paid Social,2025-03
U102959,2025-02-24,West,Mobile App,Paid Social,2025-02
U102960,2025-02-16,South,Mobile App,Paid Social,2025-02
U102961,2025-08-26,West,Desktop,Paid Social,2025-08
U102962,2025-04-14,West,Mobile App,Paid Social,2025-04
U102963,2025-07-29,South,Mobile Web,Organic Search,2025-07
U102964,2025-02-11,West,Mobile App,Influencer,2025-02
U102965,2025-11-12,South,Mobile Web,Paid Social,2025-11
U102966,2025-09-25,West,Desktop,Organic Search,2025-09
U102967,2025-09-20,South,Mobile Web,Organic Search,2025-09
U102968,2025-12-02,South,Desktop,Influencer,2025-12
U102969,2025-09-16,South,Mobile App,Paid Social,2025-09
U102970,2025-10-10,South,Mobile App,Organic Search,2025-10
U102971,2025-04-24,South,Mobile Web,Email/Push,2025-04
U102972,2025-12-29,South,Mobile App,Organic Search,2025-12
U102973,2025-02-09,South,Desktop,Referral,2025-02
U102974,2025-08-08,West,Mobile App,Influencer,2025-08
U102975,2025-05-09,South,Mobile App,Paid Social,2025-05
U102976,2025-01-08,South,Mobile App,Email/Push,2025-01
U102977,2025-04-11,East,Desktop,Influencer,2025-04
U102978,2025-06-25,East,Desktop,Paid Social,2025-06
U102979,2025-04-17,West,Mobile App,Paid Social,2025-04
U102980,2025-04-11,South,Mobile App,Referral,2025-04
U102981,2025-09-17,North,Mobile App,Influencer,2025-09
U102982,2025-09-03,South,Mobile App,Paid Social,2025-09
U102983,2025-10-02,South,Mobile App,Referral,2025-10
U102984,2025-02-01,West,Mobile Web,Paid Social,2025-02
U102985,2025-05-17,South,Mobile App,Influencer,2025-05
U102986,2025-01-12,West,Mobile App,Referral,2025-01
U102987,2025-10-29,South,Mobile App,Organic Search,2025-10
U102988,2025-01-16,West,Mobile Web,Referral,2025-01
U102989,2025-05-09,North,Mobile Web,Influencer,2025-05
U102990,2025-03-04,West,Mobile App,Organic Search,2025-03
U102991,2025-04-19,West,Mobile Web,Influencer,2025-04
U102992,2025-01-21,West,Mobile App,Paid Social,2025-01
U102993,2025-06-07,North,Mobile App,Referral,2025-06
U102994,2025-09-26,North,Mobile App,Referral,2025-09
U102995,2025-06-11,East,Mobile Web,Organic Search,2025-06
U102996,2025-09-17,North,Mobile App,Influencer,2025-09
U102997,2025-04-12,North,Mobile Web,Organic Search,2025-04
U102998,2025-08-11,North,Mobile Web,Email/Push,2025-08
U102999,2025-02-28,South,Mobile Web,Paid Social,2025-02
U103000,2025-09-04,South,Mobile Web,Paid Social,2025-09
U103001,2025-05-08,North,Mobile App,Influencer,2025-05
U103002,2025-10-10,North,Mobile Web,Influencer,2025-10
U103003,2025-11-21,South,Mobile App,Organic Search,2025-11
U103004,2025-01-25,South,Desktop,Email/Push,2025-01
U103005,2025-05-11,North,Mobile Web,Referral,2025-05
U103006,2025-12-19,South,Mobile App,Email/Push,2025-12
U103007,2025-07-15,West,Mobile Web,Organic Search,2025-07
U103008,2025-10-08,West,Mobile App,Paid Social,2025-10
U103009,2025-06-03,West,Desktop,Organic Search,2025-06
U103010,2025-05-13,West,Mobile Web,Email/Push,2025-05
U103011,2025-08-15,South,Mobile App,Organic Search,2025-08
U103012,2025-07-08,East,Mobile App,Email/Push,2025-07
U103013,2025-09-22,South,Mobile App,Influencer,2025-09
U103014,2025-05-14,East,Mobile Web,Organic Search,2025-05
U103015,2025-07-30,South,Mobile Web,Organic Search,2025-07
U103016,2025-03-01,East,Mobile App,Organic Search,2025-03
U103017,2025-12-30,South,Mobile Web,Referral,2025-12
U103018,2025-12-30,North,Mobile App,Paid Social,2025-12
U103019,2025-08-01,West,Mobile App,Email/Push,2025-08
U103020,2025-08-04,North,Mobile App,Organic Search,2025-08
U103021,2025-08-14,South,Mobile App,Email/Push,2025-08
U103022,2025-05-11,North,Mobile App,Referral,2025-05
U103023,2025-03-17,South,Mobile App,Organic Search,2025-03
U103024,2025-10-13,North,Mobile App,Organic Search,2025-10
U103025,2025-10-04,West,Desktop,Influencer,2025-10
U103026,2025-06-05,South,Mobile App,Paid Social,2025-06
U103027,2025-09-05,South,Mobile App,Email/Push,2025-09
U103028,2025-08-06,South,Mobile App,Organic Search,2025-08
U103029,2025-07-09,East,Mobile App,Email/Push,2025-07
U103030,2025-06-12,West,Mobile App,Influencer,2025-06
U103031,2025-06-29,East,Mobile App,Influencer,2025-06
U103032,2025-02-03,East,Mobile App,Organic Search,2025-02
U103033,2025-02-10,West,Mobile Web,Organic Search,2025-02
U103034,2025-11-03,West,Mobile App,Influencer,2025-11
U103035,2025-12-04,East,Mobile App,Organic Search,2025-12
U103036,2025-11-10,North,Mobile App,Referral,2025-11
U103037,2025-03-16,East,Mobile App,Influencer,2025-03
U103038,2025-10-06,South,Mobile Web,Organic Search,2025-10
U103039,2025-06-25,East,Mobile Web,Organic Search,2025-06
U103040,2025-05-30,West,Mobile Web,Paid Social,2025-05
U103041,2025-09-30,East,Mobile App,Paid Social,2025-09
U103042,2025-11-21,West,Desktop,Influencer,2025-11
U103043,2025-04-18,North,Mobile App,Influencer,2025-04
U103044,2025-05-19,North,Mobile App,Paid Social,2025-05
U103045,2025-12-16,North,Mobile App,Influencer,2025-12
U103046,2025-09-28,West,Mobile Web,Paid Social,2025-09
U103047,2025-12-13,West,Mobile Web,Organic Search,2025-12
U103048,2025-10-16,East,Mobile App,Paid Social,2025-10
U103049,2025-07-31,East,Mobile App,Email/Push,2025-07
U103050,2025-09-29,East,Mobile Web,Email/Push,2025-09
U103051,2025-03-07,West,Desktop,Organic Search,2025-03
U103052,2025-09-05,West,Mobile App,Organic Search,2025-09
U103053,2025-06-05,East,Mobile Web,Organic Search,2025-06
U103054,2025-02-16,East,Mobile App,Influencer,2025-02
U103055,2025-07-20,North,Mobile Web,Paid Social,2025-07
U103056,2025-05-28,East,Mobile App,Organic Search,2025-05
U103057,2025-05-04,South,Mobile App,Referral,2025-05
U103058,2025-01-01,North,Mobile Web,Organic Search,2025-01
U103059,2025-09-04,West,Desktop,Paid Social,2025-09
U103060,2025-12-09,South,Mobile App,Organic Search,2025-12
U103061,2025-05-08,West,Mobile App,Referral,2025-05
U103062,2025-07-10,South,Mobile App,Email/Push,2025-07
U103063,2025-03-08,South,Mobile App,Paid Social,2025-03
U103064,2025-01-04,South,Mobile Web,Organic Search,2025-01
U103065,2025-10-30,North,Mobile App,Organic Search,2025-10
U103066,2025-10-21,South,Mobile Web,Paid Social,2025-10
U103067,2025-05-23,South,Mobile App,Referral,2025-05
U103068,2025-07-10,North,Desktop,Paid Social,2025-07
U103069,2025-01-21,South,Mobile App,Paid Social,2025-01
U103070,2025-08-15,North,Mobile App,Influencer,2025-08
U103071,2025-11-09,East,Mobile App,Organic Search,2025-11
U103072,2025-04-27,North,Mobile Web,Email/Push,2025-04
U103073,2025-10-29,East,Mobile App,Organic Search,2025-10
U103074,2025-05-22,East,Mobile App,Organic Search,2025-05
U103075,2025-02-08,South,Desktop,Paid Social,2025-02
U103076,2025-12-21,West,Desktop,Paid Social,2025-12
U103077,2025-09-09,East,Mobile Web,Email/Push,2025-09
U103078,2025-11-29,East,Mobile App,Referral,2025-11
U103079,2025-07-26,North,Mobile App,Paid Social,2025-07
U103080,2025-07-29,East,Mobile Web,Referral,2025-07
U103081,2025-04-25,West,Mobile App,Email/Push,2025-04
U103082,2025-08-13,South,Mobile App,Paid Social,2025-08
U103083,2025-05-14,North,Mobile App,Paid Social,2025-05
U103084,2025-09-08,South,Desktop,Paid Social,2025-09
U103085,2025-08-07,East,Mobile App,Influencer,2025-08
U103086,2025-04-01,South,Mobile Web,Paid Social,2025-04
U103087,2025-12-20,East,Mobile App,Paid Social,2025-12
U103088,2025-02-15,North,Mobile Web,Organic Search,2025-02
U103089,2025-02-07,West,Mobile Web,Referral,2025-02
U103090,2025-05-22,North,Mobile App,Influencer,2025-05
U103091,2025-04-10,North,Mobile App,Organic Search,2025-04
U103092,2025-11-24,South,Mobile Web,Organic Search,2025-11
U103093,2025-07-09,North,Mobile App,Email/Push,2025-07
U103094,2025-02-04,North,Mobile Web,Paid Social,2025-02
U103095,2025-05-27,North,Mobile Web,Paid Social,2025-05
U103096,2025-01-30,South,Mobile App,Referral,2025-01
U103097,2025-11-30,West,Mobile App,Influencer,2025-11
U103098,2025-03-25,West,Mobile App,Organic Search,2025-03
U103099,2025-10-08,South,Mobile Web,Paid Social,2025-10
U103100,2025-12-10,North,Mobile App,Influencer,2025-12
U103101,2025-09-27,South,Desktop,Referral,2025-09
U103102,2025-06-03,East,Desktop,Influencer,2025-06
U103103,2025-04-12,South,Mobile App,Influencer,2025-04
U103104,2025-08-03,North,Mobile App,Paid Social,2025-08
U103105,2025-05-30,North,Mobile App,Influencer,2025-05
U103106,2025-03-24,East,Desktop,Paid Social,2025-03
U103107,2025-04-20,South,Mobile App,Influencer,2025-04
U103108,2025-10-02,West,Mobile App,Influencer,2025-10
U103109,2025-07-20,South,Mobile Web,Organic Search,2025-07
U103110,2025-10-11,North,Mobile App,Referral,2025-10
U103111,2025-06-22,South,Mobile App,Paid Social,2025-06
U103112,2025-11-23,South,Mobile App,Paid Social,2025-11
U103113,2025-07-25,North,Mobile App,Paid Social,2025-07
U103114,2025-03-04,North,Mobile App,Influencer,2025-03
U103115,2025-03-14,North,Mobile App,Organic Search,2025-03
U103116,2025-09-08,North,Desktop,Paid Social,2025-09
U103117,2025-05-04,South,Mobile App,Influencer,2025-05
U103118,2025-05-01,West,Mobile Web,Paid Social,2025-05
U103119,2025-10-02,South,Mobile App,Influencer,2025-10
U103120,2025-04-30,East,Mobile App,Organic Search,2025-04
U103121,2025-11-13,South,Mobile App,Organic Search,2025-11
U103122,2025-06-13,South,Mobile App,Paid Social,2025-06
U103123,2025-10-13,North,Mobile App,Influencer,2025-10
U103124,2025-09-22,South,Mobile App,Paid Social,2025-09
U103125,2025-11-16,South,Mobile App,Paid Social,2025-11
U103126,2025-06-10,North,Mobile App,Referral,2025-06
U103127,2025-11-04,East,Mobile App,Influencer,2025-11
U103128,2025-03-30,South,Mobile App,Paid Social,2025-03
U103129,2025-05-22,South,Mobile App,Referral,2025-05
U103130,2025-07-22,North,Mobile Web,Referral,2025-07
U103131,2025-11-05,South,Mobile App,Organic Search,2025-11
U103132,2025-08-15,East,Mobile App,Organic Search,2025-08
U103133,2025-11-30,South,Mobile Web,Paid Social,2025-11
U103134,2025-08-10,North,Mobile App,Organic Search,2025-08
U103135,2025-02-10,South,Mobile App,Referral,2025-02
U103136,2025-07-15,North,Mobile App,Paid Social,2025-07
U103137,2025-03-09,East,Desktop,Organic Search,2025-03
U103138,2025-09-21,East,Mobile App,Paid Social,2025-09
U103139,2025-01-02,North,Mobile Web,Organic Search,2025-01
U103140,2025-12-27,North,Mobile Web,Organic Search,2025-12
U103141,2025-05-05,East,Mobile App,Influencer,2025-05
U103142,2025-04-20,South,Mobile Web,Organic Search,2025-04
U103143,2025-03-27,North,Mobile App,Paid Social,2025-03
U103144,2025-04-30,East,Mobile App,Paid Social,2025-04
U103145,2025-05-07,South,Mobile App,Referral,2025-05
U103146,2025-09-12,South,Mobile Web,Organic Search,2025-09
U103147,2025-07-02,North,Mobile App,Referral,2025-07
U103148,2025-01-16,East,Mobile App,Organic Search,2025-01
U103149,2025-03-03,South,Mobile Web,Influencer,2025-03
U103150,2025-06-07,West,Mobile Web,Email/Push,2025-06
U103151,2025-09-25,East,Desktop,Paid Social,2025-09
U103152,2025-02-04,North,Mobile App,Referral,2025-02
U103153,2025-09-24,South,Mobile App,Paid Social,2025-09
U103154,2025-03-05,South,Mobile App,Organic Search,2025-03
U103155,2025-02-19,South,Mobile Web,Organic Search,2025-02
U103156,2025-09-12,West,Mobile App,Referral,2025-09
U103157,2025-05-29,South,Desktop,Organic Search,2025-05
U103158,2025-11-21,North,Mobile App,Influencer,2025-11
U103159,2025-10-31,East,Desktop,Organic Search,2025-10
U103160,2025-10-03,North,Mobile Web,Organic Search,2025-10
U103161,2025-12-23,East,Desktop,Paid Social,2025-12
U103162,2025-06-21,East,Mobile App,Referral,2025-06
U103163,2025-07-20,South,Mobile App,Paid Social,2025-07
U103164,2025-11-20,South,Mobile App,Organic Search,2025-11
U103165,2025-02-04,West,Mobile App,Paid Social,2025-02
U103166,2025-08-04,West,Mobile App,Paid Social,2025-08
U103167,2025-03-06,South,Mobile Web,Paid Social,2025-03
U103168,2025-01-08,South,Mobile App,Paid Social,2025-01
U103169,2025-10-28,South,Desktop,Organic Search,2025-10
U103170,2025-12-09,North,Mobile App,Organic Search,2025-12
U103171,2025-11-28,North,Mobile App,Paid Social,2025-11
U103172,2025-03-17,North,Mobile App,Referral,2025-03
U103173,2025-06-23,North,Mobile Web,Paid Social,2025-06
U103174,2025-02-16,South,Mobile App,Organic Search,2025-02
U103175,2025-01-15,West,Desktop,Influencer,2025-01
U103176,2025-12-27,East,Mobile App,Organic Search,2025-12
U103177,2025-05-27,North,Desktop,Email/Push,2025-05
U103178,2025-01-26,South,Mobile App,Organic Search,2025-01
U103179,2025-11-04,South,Mobile App,Influencer,2025-11
U103180,2025-04-03,North,Mobile Web,Referral,2025-04
U103181,2025-08-20,West,Mobile Web,Influencer,2025-08
U103182,2025-01-21,South,Mobile App,Email/Push,2025-01
U103183,2025-11-03,West,Desktop,Paid Social,2025-11
U103184,2025-02-07,South,Mobile App,Paid Social,2025-02
U103185,2025-10-03,East,Mobile Web,Referral,2025-10
U103186,2025-06-06,North,Mobile App,Organic Search,2025-06
U103187,2025-06-28,South,Mobile App,Influencer,2025-06
U103188,2025-05-12,North,Mobile App,Paid Social,2025-05
U103189,2025-11-07,West,Desktop,Influencer,2025-11
U103190,2025-12-14,West,Desktop,Paid Social,2025-12
U103191,2025-01-28,West,Mobile App,Paid Social,2025-01
U103192,2025-09-17,East,Desktop,Email/Push,2025-09
U103193,2025-03-17,West,Mobile App,Paid Social,2025-03
U103194,2025-03-08,North,Mobile Web,Organic Search,2025-03
U103195,2025-12-08,South,Mobile App,Paid Social,2025-12
U103196,2025-07-13,East,Mobile App,Influencer,2025-07
U103197,2025-06-11,East,Mobile App,Referral,2025-06
U103198,2025-12-13,East,Mobile App,Influencer,2025-12
U103199,2025-12-27,North,Mobile App,Organic Search,2025-12
U103200,2025-09-14,North,Mobile Web,Organic Search,2025-09
U103201,2025-03-13,West,Mobile App,Paid Social,2025-03
U103202,2025-03-28,South,Desktop,Paid Social,2025-03
U103203,2025-09-19,North,Mobile Web,Organic Search,2025-09
U103204,2025-08-02,West,Mobile App,Referral,2025-08
U103205,2025-06-02,West,Mobile App,Paid Social,2025-06
U103206,2025-07-29,North,Mobile Web,Paid Social,2025-07
U103207,2025-03-02,West,Desktop,Paid Social,2025-03
U103208,2025-09-25,West,Desktop,Organic Search,2025-09
U103209,2025-09-19,West,Mobile Web,Paid Social,2025-09
U103210,2025-08-06,West,Mobile App,Paid Social,2025-08
U103211,2025-10-10,South,Mobile Web,Paid Social,2025-10
U103212,2025-05-16,South,Mobile App,Influencer,2025-05
U103213,2025-12-28,North,Mobile App,Paid Social,2025-12
U103214,2025-04-03,North,Mobile Web,Influencer,2025-04
U103215,2025-04-19,South,Desktop,Organic Search,2025-04
U103216,2025-08-29,South,Desktop,Referral,2025-08
U103217,2025-12-21,North,Mobile App,Paid Social,2025-12
U103218,2025-05-22,South,Mobile Web,Organic Search,2025-05
U103219,2025-10-18,North,Desktop,Paid Social,2025-10
U103220,2025-08-25,West,Mobile Web,Paid Social,2025-08
U103221,2025-12-06,South,Mobile App,Influencer,2025-12
U103222,2025-11-08,South,Mobile App,Organic Search,2025-11
U103223,2025-06-26,South,Mobile App,Paid Social,2025-06
U103224,2025-05-21,North,Mobile App,Organic Search,2025-05
U103225,2025-07-08,West,Mobile App,Organic Search,2025-07
U103226,2025-02-18,South,Mobile Web,Referral,2025-02
U103227,2025-10-29,South,Mobile App,Organic Search,2025-10
U103228,2025-07-09,North,Mobile App,Paid Social,2025-07
U103229,2025-05-16,South,Mobile App,Paid Social,2025-05
U103230,2025-02-12,North,Mobile App,Organic Search,2025-02
U103231,2025-12-19,South,Desktop,Organic Search,2025-12
U103232,2025-03-31,South,Mobile App,Organic Search,2025-03
U103233,2025-10-22,West,Mobile App,Referral,2025-10
U103234,2025-12-07,East,Desktop,Referral,2025-12
U103235,2025-09-02,North,Mobile App,Organic Search,2025-09
U103236,2025-07-11,North,Mobile Web,Influencer,2025-07
U103237,2025-11-14,South,Mobile App,Paid Social,2025-11
U103238,2025-04-16,North,Mobile App,Organic Search,2025-04
U103239,2025-12-29,North,Desktop,Email/Push,2025-12
U103240,2025-11-06,West,Mobile App,Organic Search,2025-11
U103241,2025-08-21,North,Mobile App,Organic Search,2025-08
U103242,2025-09-22,West,Mobile App,Paid Social,2025-09
U103243,2025-12-10,North,Mobile App,Influencer,2025-12
U103244,2025-02-06,West,Desktop,Organic Search,2025-02
U103245,2025-11-01,East,Mobile Web,Referral,2025-11
U103246,2025-02-10,East,Mobile App,Paid Social,2025-02
U103247,2025-01-17,North,Mobile Web,Paid Social,2025-01
U103248,2025-12-10,West,Mobile Web,Paid Social,2025-12
U103249,2025-10-04,West,Desktop,Paid Social,2025-10
U103250,2025-11-03,East,Mobile App,Influencer,2025-11
U103251,2025-02-28,South,Desktop,Influencer,2025-02
U103252,2025-07-02,East,Mobile App,Organic Search,2025-07
U103253,2025-02-10,North,Mobile Web,Paid Social,2025-02
U103254,2025-02-08,South,Desktop,Paid Social,2025-02
U103255,2025-07-11,West,Mobile App,Referral,2025-07
U103256,2025-09-24,South,Mobile App,Paid Social,2025-09
U103257,2025-05-27,North,Mobile App,Referral,2025-05
U103258,2025-11-29,South,Mobile App,Paid Social,2025-11
U103259,2025-05-07,East,Mobile App,Referral,2025-05
U103260,2025-02-15,North,Mobile Web,Influencer,2025-02
U103261,2025-02-14,North,Mobile App,Organic Search,2025-02
U103262,2025-01-01,North,Mobile App,Influencer,2025-01
U103263,2025-06-17,West,Mobile App,Influencer,2025-06
U103264,2025-04-18,North,Mobile App,Referral,2025-04
U103265,2025-01-19,East,Mobile App,Organic Search,2025-01
U103266,2025-11-28,South,Mobile Web,Paid Social,2025-11
U103267,2025-03-13,East,Mobile App,Influencer,2025-03
U103268,2025-04-19,West,Desktop,Referral,2025-04
U103269,2025-09-25,North,Mobile App,Influencer,2025-09
U103270,2025-08-28,South,Desktop,Organic Search,2025-08
U103271,2025-10-28,West,Mobile App,Paid Social,2025-10
U103272,2025-03-31,North,Mobile Web,Email/Push,2025-03
U103273,2025-04-13,North,Mobile App,Paid Social,2025-04
U103274,2025-09-07,West,Mobile Web,Influencer,2025-09
U103275,2025-01-08,West,Mobile App,Paid Social,2025-01
U103276,2025-06-02,South,Desktop,Organic Search,2025-06
U103277,2025-12-13,North,Mobile Web,Organic Search,2025-12
U103278,2025-06-23,South,Mobile Web,Email/Push,2025-06
U103279,2025-12-09,North,Desktop,Influencer,2025-12
U103280,2025-06-07,East,Mobile Web,Influencer,2025-06
U103281,2025-08-03,East,Mobile App,Organic Search,2025-08
U103282,2025-06-26,West,Mobile App,Paid Social,2025-06
U103283,2025-06-24,North,Desktop,Referral,2025-06
U103284,2025-12-06,South,Mobile App,Organic Search,2025-12
U103285,2025-12-04,North,Mobile Web,Referral,2025-12
U103286,2025-05-26,South,Mobile App,Influencer,2025-05
U103287,2025-11-20,West,Mobile App,Organic Search,2025-11
U103288,2025-06-10,North,Mobile Web,Referral,2025-06
U103289,2025-05-07,East,Mobile App,Influencer,2025-05
U103290,2025-03-23,East,Mobile App,Email/Push,2025-03
U103291,2025-05-27,West,Mobile App,Organic Search,2025-05
U103292,2025-08-27,East,Mobile App,Influencer,2025-08
U103293,2025-03-25,West,Mobile Web,Organic Search,2025-03
U103294,2025-04-23,South,Mobile App,Paid Social,2025-04
U103295,2025-08-13,North,Mobile Web,Paid Social,2025-08
U103296,2025-11-28,South,Mobile App,Paid Social,2025-11
U103297,2025-08-31,South,Desktop,Paid Social,2025-08
U103298,2025-05-23,East,Mobile App,Paid Social,2025-05
U103299,2025-02-10,East,Mobile App,Influencer,2025-02
U103300,2025-09-15,South,Mobile App,Organic Search,2025-09
U103301,2025-10-12,North,Mobile App,Organic Search,2025-10
U103302,2025-04-15,North,Mobile App,Organic Search,2025-04
U103303,2025-07-21,East,Mobile Web,Organic Search,2025-07
U103304,2025-11-03,East,Mobile App,Paid Social,2025-11
U103305,2025-11-27,East,Mobile App,Paid Social,2025-11
U103306,2025-09-23,South,Mobile App,Influencer,2025-09
U103307,2025-07-29,North,Desktop,Referral,2025-07
U103308,2025-02-20,East,Mobile App,Organic Search,2025-02
U103309,2025-04-28,East,Mobile App,Organic Search,2025-04
U103310,2025-07-20,South,Mobile App,Paid Social,2025-07
U103311,2025-02-08,East,Mobile Web,Organic Search,2025-02
U103312,2025-01-28,South,Mobile Web,Organic Search,2025-01
U103313,2025-09-16,East,Mobile App,Referral,2025-09
U103314,2025-03-25,West,Mobile App,Paid Social,2025-03
U103315,2025-06-04,East,Mobile App,Influencer,2025-06
U103316,2025-04-27,South,Mobile App,Organic Search,2025-04
U103317,2025-01-02,South,Mobile App,Organic Search,2025-01
U103318,2025-04-03,East,Desktop,Organic Search,2025-04
U103319,2025-06-15,East,Mobile App,Organic Search,2025-06
U103320,2025-12-16,South,Mobile App,Organic Search,2025-12
U103321,2025-10-23,East,Mobile App,Paid Social,2025-10
U103322,2025-09-15,North,Mobile Web,Organic Search,2025-09
U103323,2025-03-22,West,Mobile Web,Paid Social,2025-03
U103324,2025-09-25,West,Desktop,Paid Social,2025-09
U103325,2025-08-23,South,Mobile App,Paid Social,2025-08
U103326,2025-11-17,South,Mobile App,Organic Search,2025-11
U103327,2025-11-07,North,Mobile App,Paid Social,2025-11
U103328,2025-10-28,North,Mobile App,Paid Social,2025-10
U103329,2025-12-23,North,Mobile App,Organic Search,2025-12
U103330,2025-08-01,East,Mobile App,Influencer,2025-08
U103331,2025-03-03,West,Mobile App,Influencer,2025-03
U103332,2025-02-18,South,Mobile App,Influencer,2025-02
U103333,2025-05-07,South,Mobile Web,Organic Search,2025-05
U103334,2025-08-11,South,Mobile App,Organic Search,2025-08
U103335,2025-10-06,North,Mobile Web,Referral,2025-10
U103336,2025-10-21,North,Mobile App,Paid Social,2025-10
U103337,2025-10-11,East,Mobile Web,Paid Social,2025-10
U103338,2025-10-04,West,Mobile App,Organic Search,2025-10
U103339,2025-04-17,South,Mobile App,Paid Social,2025-04
U103340,2025-05-26,East,Desktop,Referral,2025-05
U103341,2025-04-09,West,Mobile App,Organic Search,2025-04
U103342,2025-03-14,North,Mobile Web,Paid Social,2025-03
U103343,2025-05-02,East,Mobile Web,Influencer,2025-05
U103344,2025-01-30,East,Mobile App,Organic Search,2025-01
U103345,2025-07-07,South,Mobile Web,Organic Search,2025-07
U103346,2025-12-30,South,Desktop,Email/Push,2025-12
U103347,2025-12-20,East,Mobile App,Paid Social,2025-12
U103348,2025-10-15,West,Mobile Web,Influencer,2025-10
U103349,2025-07-14,North,Mobile Web,Organic Search,2025-07
U103350,2025-06-05,South,Mobile App,Referral,2025-06
U103351,2025-06-21,North,Mobile App,Email/Push,2025-06
U103352,2025-12-01,West,Mobile App,Organic Search,2025-12
U103353,2025-02-10,South,Mobile App,Paid Social,2025-02
U103354,2025-03-04,West,Mobile Web,Paid Social,2025-03
U103355,2025-01-23,South,Mobile App,Paid Social,2025-01
U103356,2025-12-26,North,Mobile App,Influencer,2025-12
U103357,2025-03-16,North,Mobile App,Paid Social,2025-03
U103358,2025-02-17,South,Mobile Web,Paid Social,2025-02
U103359,2025-06-09,North,Mobile App,Influencer,2025-06
U103360,2025-11-09,South,Mobile Web,Paid Social,2025-11
U103361,2025-04-28,North,Mobile Web,Influencer,2025-04
U103362,2025-04-10,South,Mobile App,Paid Social,2025-04
U103363,2025-06-16,South,Mobile App,Paid Social,2025-06
U103364,2025-10-17,South,Mobile App,Paid Social,2025-10
U103365,2025-06-05,East,Mobile Web,Email/Push,2025-06
U103366,2025-01-07,East,Desktop,Organic Search,2025-01
U103367,2025-07-15,West,Mobile Web,Paid Social,2025-07
U103368,2025-02-25,North,Mobile App,Organic Search,2025-02
U103369,2025-11-17,South,Mobile App,Referral,2025-11
U103370,2025-07-12,South,Mobile Web,Paid Social,2025-07
U103371,2025-02-16,South,Mobile App,Referral,2025-02
U103372,2025-05-28,East,Mobile Web,Paid Social,2025-05
U103373,2025-10-02,South,Mobile App,Paid Social,2025-10
U103374,2025-06-06,South,Mobile App,Organic Search,2025-06
U103375,2025-07-21,South,Mobile App,Paid Social,2025-07
U103376,2025-05-06,West,Mobile App,Email/Push,2025-05
U103377,2025-11-01,West,Mobile Web,Paid Social,2025-11
U103378,2025-10-21,South,Mobile App,Referral,2025-10
U103379,2025-03-05,North,Desktop,Paid Social,2025-03
U103380,2025-11-21,West,Mobile App,Influencer,2025-11
U103381,2025-06-25,West,Mobile App,Paid Social,2025-06
U103382,2025-04-26,South,Mobile App,Email/Push,2025-04
U103383,2025-07-23,South,Mobile App,Paid Social,2025-07
U103384,2025-11-17,West,Mobile App,Influencer,2025-11
U103385,2025-01-31,East,Desktop,Organic Search,2025-01
U103386,2025-04-23,South,Mobile App,Organic Search,2025-04
U103387,2025-11-21,South,Mobile App,Paid Social,2025-11
U103388,2025-12-10,West,Mobile App,Influencer,2025-12
U103389,2025-03-08,West,Mobile App,Paid Social,2025-03
U103390,2025-03-16,East,Mobile App,Referral,2025-03
U103391,2025-02-14,East,Desktop,Organic Search,2025-02
U103392,2025-09-17,North,Mobile App,Email/Push,2025-09
U103393,2025-06-03,West,Mobile App,Organic Search,2025-06
U103394,2025-06-04,North,Desktop,Paid Social,2025-06
U103395,2025-12-29,West,Mobile App,Organic Search,2025-12
U103396,2025-08-22,South,Mobile App,Paid Social,2025-08
U103397,2025-02-20,West,Mobile App,Paid Social,2025-02
U103398,2025-11-02,North,Mobile App,Organic Search,2025-11
U103399,2025-09-19,South,Mobile App,Influencer,2025-09
U103400,2025-11-11,North,Mobile Web,Influencer,2025-11
U103401,2025-05-05,East,Mobile Web,Paid Social,2025-05
U103402,2025-09-02,West,Mobile Web,Organic Search,2025-09
U103403,2025-01-30,East,Mobile App,Paid Social,2025-01
U103404,2025-05-02,South,Mobile Web,Paid Social,2025-05
U103405,2025-05-05,North,Mobile App,Paid Social,2025-05
U103406,2025-02-06,West,Mobile App,Referral,2025-02
U103407,2025-06-19,East,Mobile App,Email/Push,2025-06
U103408,2025-05-04,East,Mobile App,Paid Social,2025-05
U103409,2025-12-23,West,Desktop,Organic Search,2025-12
U103410,2025-02-04,East,Mobile App,Paid Social,2025-02
U103411,2025-03-28,South,Mobile Web,Email/Push,2025-03
U103412,2025-05-14,East,Mobile Web,Paid Social,2025-05
U103413,2025-07-15,East,Mobile Web,Organic Search,2025-07
U103414,2025-10-01,West,Mobile App,Influencer,2025-10
U103415,2025-07-20,West,Mobile App,Paid Social,2025-07
U103416,2025-10-12,North,Mobile Web,Organic Search,2025-10
U103417,2025-03-18,South,Mobile App,Paid Social,2025-03
U103418,2025-02-28,North,Desktop,Influencer,2025-02
U103419,2025-05-06,North,Mobile App,Paid Social,2025-05
U103420,2025-04-19,East,Mobile App,Email/Push,2025-04
U103421,2025-08-12,West,Mobile App,Email/Push,2025-08
U103422,2025-10-05,North,Mobile Web,Referral,2025-10
U103423,2025-03-09,South,Mobile App,Organic Search,2025-03
U103424,2025-03-10,West,Mobile Web,Influencer,2025-03
U103425,2025-06-14,West,Mobile App,Paid Social,2025-06
U103426,2025-11-01,South,Mobile Web,Paid Social,2025-11
U103427,2025-06-11,East,Mobile App,Paid Social,2025-06
U103428,2025-12-08,South,Mobile App,Referral,2025-12
U103429,2025-11-05,North,Mobile App,Influencer,2025-11
U103430,2025-12-09,North,Mobile App,Email/Push,2025-12
U103431,2025-02-11,North,Mobile App,Referral,2025-02
U103432,2025-12-20,South,Mobile App,Referral,2025-12
U103433,2025-04-19,West,Mobile App,Influencer,2025-04
U103434,2025-02-20,West,Mobile App,Email/Push,2025-02
U103435,2025-09-07,South,Mobile App,Organic Search,2025-09
U103436,2025-12-07,South,Mobile App,Paid Social,2025-12
U103437,2025-01-21,North,Mobile App,Organic Search,2025-01
U103438,2025-10-27,East,Mobile App,Organic Search,2025-10
U103439,2025-05-19,West,Mobile App,Referral,2025-05
U103440,2025-12-25,North,Mobile App,Email/Push,2025-12
U103441,2025-11-20,North,Mobile App,Influencer,2025-11
U103442,2025-04-02,East,Mobile Web,Organic Search,2025-04
U103443,2025-10-07,South,Mobile App,Paid Social,2025-10
U103444,2025-05-05,South,Mobile App,Paid Social,2025-05
U103445,2025-04-21,East,Mobile App,Paid Social,2025-04
U103446,2025-12-20,South,Mobile App,Organic Search,2025-12
U103447,2025-05-19,North,Mobile App,Influencer,2025-05
U103448,2025-09-30,South,Mobile Web,Organic Search,2025-09
U103449,2025-04-09,South,Mobile App,Organic Search,2025-04
U103450,2025-09-09,West,Desktop,Paid Social,2025-09
U103451,2025-12-04,West,Mobile App,Organic Search,2025-12
U103452,2025-04-14,West,Mobile Web,Influencer,2025-04
U103453,2025-08-02,East,Mobile Web,Influencer,2025-08
U103454,2025-09-06,South,Mobile App,Paid Social,2025-09
U103455,2025-06-01,East,Mobile App,Influencer,2025-06
U103456,2025-09-07,West,Mobile App,Paid Social,2025-09
U103457,2025-10-02,North,Desktop,Referral,2025-10
U103458,2025-06-14,South,Mobile App,Paid Social,2025-06
U103459,2025-12-07,East,Mobile App,Referral,2025-12
U103460,2025-01-08,East,Mobile App,Paid Social,2025-01
U103461,2025-10-11,North,Mobile App,Organic Search,2025-10
U103462,2025-01-05,South,Desktop,Referral,2025-01
U103463,2025-05-25,West,Mobile Web,Paid Social,2025-05
U103464,2025-04-11,South,Mobile App,Email/Push,2025-04
U103465,2025-06-13,West,Mobile App,Paid Social,2025-06
U103466,2025-05-27,South,Mobile App,Influencer,2025-05
U103467,2025-03-05,West,Mobile Web,Organic Search,2025-03
U103468,2025-04-01,South,Desktop,Referral,2025-04
U103469,2025-04-27,South,Mobile App,Referral,2025-04
U103470,2025-12-20,North,Mobile App,Paid Social,2025-12
U103471,2025-09-24,North,Desktop,Paid Social,2025-09
U103472,2025-11-06,East,Mobile App,Organic Search,2025-11
U103473,2025-06-22,South,Mobile App,Influencer,2025-06
U103474,2025-02-16,South,Mobile App,Email/Push,2025-02
U103475,2025-05-20,North,Mobile App,Paid Social,2025-05
U103476,2025-09-03,West,Mobile App,Organic Search,2025-09
U103477,2025-05-29,West,Desktop,Referral,2025-05
U103478,2025-09-03,North,Mobile App,Organic Search,2025-09
U103479,2025-01-05,East,Mobile App,Email/Push,2025-01
U103480,2025-07-03,West,Mobile App,Paid Social,2025-07
U103481,2025-01-20,East,Mobile Web,Organic Search,2025-01
U103482,2025-02-15,South,Mobile App,Referral,2025-02
U103483,2025-01-12,East,Mobile App,Paid Social,2025-01
U103484,2025-03-11,North,Mobile App,Referral,2025-03
U103485,2025-01-17,South,Mobile Web,Paid Social,2025-01
U103486,2025-05-27,North,Mobile App,Organic Search,2025-05
U103487,2025-06-03,South,Mobile App,Referral,2025-06
U103488,2025-10-31,North,Mobile App,Paid Social,2025-10
U103489,2025-04-18,West,Mobile App,Paid Social,2025-04
U103490,2025-08-24,South,Desktop,Email/Push,2025-08
U103491,2025-11-04,North,Mobile Web,Influencer,2025-11
U103492,2025-12-18,South,Mobile App,Email/Push,2025-12
U103493,2025-03-11,North,Mobile App,Email/Push,2025-03
U103494,2025-07-02,South,Mobile App,Paid Social,2025-07
U103495,2025-09-07,South,Mobile App,Paid Social,2025-09
U103496,2025-08-16,North,Mobile Web,Paid Social,2025-08
U103497,2025-04-12,North,Mobile App,Influencer,2025-04
U103498,2025-03-16,South,Mobile App,Referral,2025-03
U103499,2025-08-04,North,Desktop,Referral,2025-08
U103500,2025-07-22,East,Mobile App,Email/Push,2025-07
U103501,2025-07-11,East,Mobile App,Organic Search,2025-07
U103502,2025-09-06,East,Mobile Web,Paid Social,2025-09
U103503,2025-08-30,South,Mobile Web,Paid Social,2025-08
U103504,2025-06-28,South,Mobile Web,Paid Social,2025-06
U103505,2025-08-07,West,Mobile Web,Paid Social,2025-08
U103506,2025-03-23,North,Mobile App,Organic Search,2025-03
U103507,2025-04-02,North,Mobile App,Influencer,2025-04
U103508,2025-06-24,North,Mobile App,Paid Social,2025-06
U103509,2025-08-27,North,Mobile Web,Referral,2025-08
U103510,2025-09-17,North,Mobile App,Organic Search,2025-09
U103511,2025-06-12,East,Mobile App,Email/Push,2025-06
U103512,2025-02-17,South,Desktop,Influencer,2025-02
U103513,2025-11-25,West,Mobile App,Email/Push,2025-11
U103514,2025-11-24,North,Mobile App,Organic Search,2025-11
U103515,2025-04-26,South,Mobile App,Paid Social,2025-04
U103516,2025-12-03,West,Mobile App,Organic Search,2025-12
U103517,2025-12-03,West,Mobile App,Paid Social,2025-12
U103518,2025-08-13,South,Mobile App,Organic Search,2025-08
U103519,2025-12-18,South,Mobile App,Paid Social,2025-12
U103520,2025-11-24,West,Mobile App,Organic Search,2025-11
U103521,2025-05-27,South,Mobile App,Email/Push,2025-05
U103522,2025-03-04,North,Mobile App,Paid Social,2025-03
U103523,2025-10-21,West,Mobile App,Email/Push,2025-10
U103524,2025-11-19,South,Mobile App,Paid Social,2025-11
U103525,2025-11-21,North,Mobile App,Paid Social,2025-11
U103526,2025-01-13,South,Desktop,Organic Search,2025-01
U103527,2025-07-08,South,Desktop,Influencer,2025-07
U103528,2025-10-14,West,Mobile App,Referral,2025-10
U103529,2025-07-27,North,Mobile App,Referral,2025-07
U103530,2025-04-24,West,Mobile App,Paid Social,2025-04
U103531,2025-01-22,South,Mobile Web,Paid Social,2025-01
U103532,2025-12-15,South,Desktop,Paid Social,2025-12
U103533,2025-08-02,North,Mobile App,Organic Search,2025-08
U103534,2025-06-20,East,Mobile App,Email/Push,2025-06
U103535,2025-11-19,West,Desktop,Influencer,2025-11
U103536,2025-02-23,South,Mobile App,Paid Social,2025-02
U103537,2025-10-25,North,Mobile App,Referral,2025-10
U103538,2025-11-16,South,Mobile App,Organic Search,2025-11
U103539,2025-05-06,West,Mobile App,Paid Social,2025-05
U103540,2025-10-04,North,Mobile App,Organic Search,2025-10
U103541,2025-07-23,East,Mobile Web,Organic Search,2025-07
U103542,2025-07-13,South,Mobile App,Referral,2025-07
U103543,2025-06-18,South,Mobile App,Paid Social,2025-06
U103544,2025-06-01,South,Desktop,Email/Push,2025-06
U103545,2025-02-04,North,Mobile App,Organic Search,2025-02
U103546,2025-07-03,West,Mobile App,Paid Social,2025-07
U103547,2025-10-13,East,Mobile App,Paid Social,2025-10
U103548,2025-02-26,South,Mobile App,Referral,2025-02
U103549,2025-08-10,South,Mobile App,Referral,2025-08
U103550,2025-10-30,South,Mobile Web,Referral,2025-10
U103551,2025-06-12,West,Mobile App,Paid Social,2025-06
U103552,2025-01-19,South,Mobile App,Paid Social,2025-01
U103553,2025-09-21,South,Mobile App,Organic Search,2025-09
U103554,2025-10-09,South,Desktop,Paid Social,2025-10
U103555,2025-04-23,South,Mobile App,Referral,2025-04
U103556,2025-11-23,North,Desktop,Paid Social,2025-11
U103557,2025-01-30,North,Mobile App,Paid Social,2025-01
U103558,2025-05-15,North,Mobile Web,Paid Social,2025-05
U103559,2025-03-08,East,Desktop,Organic Search,2025-03
U103560,2025-03-06,North,Mobile Web,Influencer,2025-03
U103561,2025-10-19,North,Mobile App,Influencer,2025-10
U103562,2025-01-25,West,Mobile App,Influencer,2025-01
U103563,2025-02-06,North,Mobile App,Referral,2025-02
U103564,2025-01-01,East,Mobile App,Paid Social,2025-01
U103565,2025-02-06,South,Mobile Web,Referral,2025-02
U103566,2025-05-21,North,Mobile App,Paid Social,2025-05
U103567,2025-08-20,South,Mobile App,Influencer,2025-08
U103568,2025-05-16,North,Mobile App,Influencer,2025-05
U103569,2025-07-07,West,Mobile App,Referral,2025-07
U103570,2025-05-08,South,Mobile App,Paid Social,2025-05
U103571,2025-07-20,North,Mobile App,Email/Push,2025-07
U103572,2025-05-07,North,Mobile Web,Referral,2025-05
U103573,2025-09-14,South,Mobile App,Referral,2025-09
U103574,2025-06-13,North,Mobile Web,Paid Social,2025-06
U103575,2025-02-04,North,Mobile App,Organic Search,2025-02
U103576,2025-07-13,South,Desktop,Paid Social,2025-07
U103577,2025-07-10,West,Mobile App,Organic Search,2025-07
U103578,2025-04-14,South,Mobile App,Organic Search,2025-04
U103579,2025-01-23,East,Mobile App,Influencer,2025-01
U103580,2025-09-22,West,Mobile App,Paid Social,2025-09
U103581,2025-10-17,North,Mobile App,Referral,2025-10
U103582,2025-09-17,West,Mobile Web,Paid Social,2025-09
U103583,2025-12-24,East,Mobile App,Organic Search,2025-12
U103584,2025-03-16,South,Mobile App,Email/Push,2025-03
U103585,2025-12-21,West,Mobile Web,Referral,2025-12
U103586,2025-03-13,North,Mobile App,Organic Search,2025-03
U103587,2025-09-16,North,Mobile App,Paid Social,2025-09
U103588,2025-07-07,East,Mobile Web,Organic Search,2025-07
U103589,2025-06-22,South,Mobile App,Paid Social,2025-06
U103590,2025-10-17,South,Mobile Web,Organic Search,2025-10
U103591,2025-02-14,North,Mobile Web,Paid Social,2025-02
U103592,2025-03-02,East,Mobile Web,Influencer,2025-03
U103593,2025-03-24,West,Mobile Web,Paid Social,2025-03
U103594,2025-05-03,South,Mobile App,Paid Social,2025-05
U103595,2025-12-24,West,Mobile App,Referral,2025-12
U103596,2025-01-16,South,Desktop,Influencer,2025-01
U103597,2025-03-07,North,Mobile App,Email/Push,2025-03
U103598,2025-05-25,East,Mobile App,Influencer,2025-05
U103599,2025-06-11,East,Mobile Web,Paid Social,2025-06
U103600,2025-08-22,North,Mobile App,Paid Social,2025-08
U103601,2025-05-24,North,Mobile App,Influencer,2025-05
U103602,2025-12-24,West,Mobile App,Influencer,2025-12
U103603,2025-07-07,West,Mobile App,Referral,2025-07
U103604,2025-11-18,East,Mobile App,Paid Social,2025-11
U103605,2025-01-13,North,Desktop,Paid Social,2025-01
U103606,2025-07-03,West,Mobile Web,Influencer,2025-07
U103607,2025-04-21,West,Mobile Web,Paid Social,2025-04
U103608,2025-10-17,South,Mobile App,Referral,2025-10
U103609,2025-10-22,West,Mobile App,Email/Push,2025-10
U103610,2025-08-03,West,Mobile App,Referral,2025-08
U103611,2025-04-30,West,Mobile App,Paid Social,2025-04
U103612,2025-02-24,West,Mobile App,Paid Social,2025-02
U103613,2025-01-27,East,Mobile App,Paid Social,2025-01
U103614,2025-04-28,East,Mobile App,Referral,2025-04
U103615,2025-08-09,South,Mobile App,Organic Search,2025-08
U103616,2025-08-19,East,Desktop,Paid Social,2025-08
U103617,2025-02-22,West,Mobile App,Paid Social,2025-02
U103618,2025-10-22,West,Mobile App,Paid Social,2025-10
U103619,2025-11-17,South,Mobile App,Email/Push,2025-11
U103620,2025-08-21,South,Mobile App,Influencer,2025-08
U103621,2025-06-07,South,Mobile App,Organic Search,2025-06
U103622,2025-09-26,East,Mobile App,Email/Push,2025-09
U103623,2025-01-21,East,Mobile App,Referral,2025-01
U103624,2025-02-22,North,Mobile App,Referral,2025-02
U103625,2025-10-02,South,Mobile Web,Referral,2025-10
U103626,2025-11-09,North,Mobile App,Referral,2025-11
U103627,2025-10-08,North,Mobile App,Paid Social,2025-10
U103628,2025-08-02,West,Mobile App,Organic Search,2025-08
U103629,2025-01-31,North,Mobile App,Influencer,2025-01
U103630,2025-12-03,South,Mobile Web,Paid Social,2025-12
U103631,2025-07-02,North,Mobile App,Paid Social,2025-07
U103632,2025-01-23,North,Mobile App,Paid Social,2025-01
U103633,2025-02-01,East,Mobile App,Paid Social,2025-02
U103634,2025-03-15,South,Mobile Web,Paid Social,2025-03
U103635,2025-01-10,West,Mobile App,Referral,2025-01
U103636,2025-02-23,South,Desktop,Paid Social,2025-02
U103637,2025-02-21,North,Mobile App,Paid Social,2025-02
U103638,2025-05-28,South,Mobile Web,Influencer,2025-05
U103639,2025-06-09,East,Desktop,Referral,2025-06
U103640,2025-01-14,South,Mobile Web,Paid Social,2025-01
U103641,2025-06-27,West,Mobile App,Organic Search,2025-06
U103642,2025-02-22,East,Mobile App,Referral,2025-02
U103643,2025-12-01,South,Mobile App,Influencer,2025-12
U103644,2025-01-22,West,Mobile App,Paid Social,2025-01
U103645,2025-01-30,West,Mobile App,Email/Push,2025-01
U103646,2025-07-10,South,Mobile Web,Influencer,2025-07
U103647,2025-09-17,North,Mobile App,Influencer,2025-09
U103648,2025-07-24,East,Mobile App,Paid Social,2025-07
U103649,2025-02-28,South,Mobile Web,Paid Social,2025-02
U103650,2025-09-21,West,Mobile App,Paid Social,2025-09
U103651,2025-01-12,South,Mobile Web,Paid Social,2025-01
U103652,2025-04-29,North,Desktop,Paid Social,2025-04
U103653,2025-10-17,West,Desktop,Paid Social,2025-10
U103654,2025-12-04,West,Mobile Web,Referral,2025-12
U103655,2025-09-05,North,Mobile App,Paid Social,2025-09
U103656,2025-12-20,West,Mobile App,Paid Social,2025-12
U103657,2025-05-07,South,Mobile App,Email/Push,2025-05
U103658,2025-03-16,South,Mobile App,Paid Social,2025-03
U103659,2025-12-27,West,Mobile App,Organic Search,2025-12
U103660,2025-07-23,South,Mobile Web,Referral,2025-07
U103661,2025-02-18,North,Mobile App,Email/Push,2025-02
U103662,2025-03-20,South,Mobile App,Influencer,2025-03
U103663,2025-08-29,East,Mobile Web,Organic Search,2025-08
U103664,2025-12-15,North,Mobile App,Email/Push,2025-12
U103665,2025-06-03,South,Mobile App,Organic Search,2025-06
U103666,2025-10-01,East,Mobile App,Referral,2025-10
U103667,2025-04-06,South,Mobile Web,Paid Social,2025-04
U103668,2025-08-02,East,Mobile App,Referral,2025-08
U103669,2025-10-21,West,Mobile Web,Organic Search,2025-10
U103670,2025-07-28,South,Mobile App,Organic Search,2025-07
U103671,2025-12-09,South,Mobile Web,Referral,2025-12
U103672,2025-03-29,North,Mobile App,Paid Social,2025-03
U103673,2025-11-02,East,Mobile App,Paid Social,2025-11
U103674,2025-09-21,West,Mobile App,Referral,2025-09
U103675,2025-11-21,South,Mobile App,Paid Social,2025-11
U103676,2025-11-16,South,Mobile App,Organic Search,2025-11
U103677,2025-06-06,South,Mobile Web,Referral,2025-06
U103678,2025-06-05,South,Mobile App,Email/Push,2025-06
U103679,2025-05-19,North,Mobile App,Paid Social,2025-05
U103680,2025-05-01,West,Mobile App,Organic Search,2025-05
U103681,2025-03-06,South,Mobile App,Paid Social,2025-03
U103682,2025-04-17,East,Mobile App,Organic Search,2025-04
U103683,2025-05-27,South,Desktop,Paid Social,2025-05
U103684,2025-05-17,South,Mobile Web,Referral,2025-05
U103685,2025-06-11,North,Mobile Web,Referral,2025-06
U103686,2025-04-10,East,Mobile Web,Paid Social,2025-04
U103687,2025-12-04,North,Mobile App,Referral,2025-12
U103688,2025-11-03,North,Mobile Web,Organic Search,2025-11
U103689,2025-05-21,South,Mobile App,Paid Social,2025-05
U103690,2025-03-24,East,Mobile App,Organic Search,2025-03
U103691,2025-06-26,North,Mobile App,Organic Search,2025-06
U103692,2025-07-17,North,Mobile App,Paid Social,2025-07
U103693,2025-04-22,West,Mobile App,Referral,2025-04
U103694,2025-02-25,West,Mobile App,Influencer,2025-02
U103695,2025-06-28,North,Mobile App,Influencer,2025-06
U103696,2025-07-05,East,Mobile Web,Organic Search,2025-07
U103697,2025-08-06,South,Mobile App,Paid Social,2025-08
U103698,2025-11-12,East,Mobile App,Influencer,2025-11
U103699,2025-08-05,West,Mobile Web,Paid Social,2025-08
U103700,2025-04-30,North,Mobile App,Referral,2025-04
U103701,2025-06-24,East,Mobile Web,Influencer,2025-06
U103702,2025-01-23,South,Mobile Web,Influencer,2025-01
U103703,2025-08-01,South,Mobile App,Organic Search,2025-08
U103704,2025-08-23,East,Mobile App,Email/Push,2025-08
U103705,2025-01-13,West,Mobile App,Referral,2025-01
U103706,2025-04-11,North,Mobile App,Organic Search,2025-04
U103707,2025-01-24,North,Mobile App,Referral,2025-01
U103708,2025-12-30,North,Mobile App,Paid Social,2025-12
U103709,2025-01-11,West,Mobile App,Organic Search,2025-01
U103710,2025-09-30,East,Mobile App,Influencer,2025-09
U103711,2025-10-08,East,Mobile App,Paid Social,2025-10
U103712,2025-04-04,North,Mobile Web,Organic Search,2025-04
U103713,2025-07-20,West,Mobile App,Organic Search,2025-07
U103714,2025-01-21,West,Mobile Web,Organic Search,2025-01
U103715,2025-12-06,East,Mobile App,Organic Search,2025-12
U103716,2025-07-30,South,Mobile Web,Email/Push,2025-07
U103717,2025-05-20,North,Mobile App,Paid Social,2025-05
U103718,2025-10-20,South,Mobile App,Referral,2025-10
U103719,2025-10-25,East,Mobile App,Referral,2025-10
U103720,2025-04-11,North,Mobile App,Organic Search,2025-04
U103721,2025-10-31,East,Mobile App,Paid Social,2025-10
U103722,2025-12-25,South,Mobile App,Organic Search,2025-12
U103723,2025-01-28,East,Mobile App,Email/Push,2025-01
U103724,2025-02-10,South,Mobile App,Organic Search,2025-02
U103725,2025-12-21,North,Mobile App,Referral,2025-12
U103726,2025-10-30,South,Mobile App,Email/Push,2025-10
U103727,2025-05-26,South,Mobile App,Influencer,2025-05
U103728,2025-09-13,North,Desktop,Referral,2025-09
U103729,2025-08-15,West,Mobile App,Email/Push,2025-08
U103730,2025-08-24,North,Mobile Web,Paid Social,2025-08
U103731,2025-12-27,South,Mobile App,Influencer,2025-12
U103732,2025-01-13,North,Mobile App,Organic Search,2025-01
U103733,2025-07-29,North,Mobile App,Organic Search,2025-07
U103734,2025-08-17,South,Mobile App,Organic Search,2025-08
U103735,2025-04-10,North,Desktop,Paid Social,2025-04
U103736,2025-01-31,South,Mobile App,Paid Social,2025-01
U103737,2025-01-16,North,Mobile App,Paid Social,2025-01
U103738,2025-05-17,East,Mobile App,Paid Social,2025-05
U103739,2025-11-25,North,Mobile App,Paid Social,2025-11
U103740,2025-06-15,North,Mobile App,Influencer,2025-06
U103741,2025-11-06,South,Mobile App,Paid Social,2025-11
U103742,2025-04-10,West,Mobile App,Organic Search,2025-04
U103743,2025-04-19,East,Mobile App,Referral,2025-04
U103744,2025-12-09,East,Mobile App,Paid Social,2025-12
U103745,2025-06-22,North,Desktop,Email/Push,2025-06
U103746,2025-08-25,West,Mobile App,Influencer,2025-08
U103747,2025-06-11,North,Mobile Web,Paid Social,2025-06
U103748,2025-08-04,North,Mobile App,Email/Push,2025-08
U103749,2025-09-21,East,Mobile App,Referral,2025-09
U103750,2025-09-20,South,Desktop,Paid Social,2025-09
U103751,2025-10-19,West,Mobile Web,Referral,2025-10
U103752,2025-10-01,North,Mobile App,Referral,2025-10
U103753,2025-01-03,West,Mobile App,Organic Search,2025-01
U103754,2025-01-28,East,Mobile App,Referral,2025-01
U103755,2025-11-22,South,Mobile Web,Paid Social,2025-11
U103756,2025-05-29,North,Mobile App,Email/Push,2025-05
U103757,2025-01-28,North,Mobile Web,Influencer,2025-01
U103758,2025-11-06,West,Mobile App,Referral,2025-11
U103759,2025-03-06,South,Mobile App,Paid Social,2025-03
U103760,2025-12-22,East,Desktop,Organic Search,2025-12
U103761,2025-01-21,West,Desktop,Referral,2025-01
U103762,2025-09-09,North,Mobile App,Influencer,2025-09
U103763,2025-08-23,South,Mobile Web,Email/Push,2025-08
U103764,2025-08-15,East,Mobile Web,Influencer,2025-08
U103765,2025-01-13,North,Mobile Web,Organic Search,2025-01
U103766,2025-11-09,North,Desktop,Influencer,2025-11
U103767,2025-02-18,South,Mobile App,Paid Social,2025-02
U103768,2025-04-28,South,Mobile Web,Organic Search,2025-04
U103769,2025-02-23,East,Mobile Web,Paid Social,2025-02
U103770,2025-05-18,North,Mobile App,Influencer,2025-05
U103771,2025-02-22,West,Mobile App,Email/Push,2025-02
U103772,2025-02-13,North,Mobile App,Paid Social,2025-02
U103773,2025-10-30,East,Mobile Web,Organic Search,2025-10
U103774,2025-02-22,South,Mobile Web,Email/Push,2025-02
U103775,2025-03-15,North,Mobile App,Organic Search,2025-03
U103776,2025-02-15,North,Mobile App,Organic Search,2025-02
U103777,2025-01-13,West,Mobile App,Organic Search,2025-01
U103778,2025-06-14,West,Mobile App,Referral,2025-06
U103779,2025-04-12,South,Mobile App,Email/Push,2025-04
U103780,2025-10-07,South,Mobile App,Organic Search,2025-10
U103781,2025-09-15,South,Mobile Web,Paid Social,2025-09
U103782,2025-12-03,North,Mobile App,Paid Social,2025-12
U103783,2025-12-22,East,Desktop,Paid Social,2025-12
U103784,2025-05-18,West,Mobile App,Organic Search,2025-05
U103785,2025-06-12,South,Desktop,Email/Push,2025-06
U103786,2025-04-21,West,Mobile App,Referral,2025-04
U103787,2025-04-12,North,Mobile Web,Email/Push,2025-04
U103788,2025-01-17,East,Mobile App,Influencer,2025-01
U103789,2025-09-25,South,Mobile App,Organic Search,2025-09
U103790,2025-07-01,South,Mobile App,Organic Search,2025-07
U103791,2025-01-24,South,Mobile App,Referral,2025-01
U103792,2025-01-29,North,Mobile Web,Paid Social,2025-01
U103793,2025-06-20,East,Mobile App,Organic Search,2025-06
U103794,2025-08-16,East,Desktop,Organic Search,2025-08
U103795,2025-07-07,South,Mobile App,Referral,2025-07
U103796,2025-12-12,West,Desktop,Organic Search,2025-12
U103797,2025-08-18,South,Mobile App,Paid Social,2025-08
U103798,2025-11-17,East,Mobile App,Organic Search,2025-11
U103799,2025-12-06,North,Mobile App,Organic Search,2025-12
U103800,2025-04-29,North,Desktop,Paid Social,2025-04
U103801,2025-06-05,South,Mobile App,Referral,2025-06
U103802,2025-09-29,South,Mobile App,Paid Social,2025-09
U103803,2025-06-24,East,Mobile App,Influencer,2025-06
U103804,2025-04-14,South,Mobile App,Paid Social,2025-04
U103805,2025-04-02,North,Mobile App,Organic Search,2025-04
U103806,2025-07-05,South,Mobile App,Organic Search,2025-07
U103807,2025-10-10,East,Mobile Web,Paid Social,2025-10
U103808,2025-06-30,East,Mobile App,Organic Search,2025-06
U103809,2025-06-19,North,Desktop,Referral,2025-06
U103810,2025-07-06,North,Mobile App,Paid Social,2025-07
U103811,2025-06-24,East,Mobile App,Paid Social,2025-06
U103812,2025-08-10,North,Desktop,Organic Search,2025-08
U103813,2025-08-21,North,Mobile App,Paid Social,2025-08
U103814,2025-06-11,North,Mobile App,Referral,2025-06
U103815,2025-05-14,South,Mobile Web,Influencer,2025-05
U103816,2025-08-12,South,Mobile App,Paid Social,2025-08
U103817,2025-06-02,East,Mobile App,Organic Search,2025-06
U103818,2025-02-02,South,Mobile App,Organic Search,2025-02
U103819,2025-02-24,East,Mobile App,Referral,2025-02
U103820,2025-01-07,North,Mobile App,Paid Social,2025-01
U103821,2025-09-01,West,Mobile App,Organic Search,2025-09
U103822,2025-11-09,South,Mobile App,Paid Social,2025-11
U103823,2025-05-06,South,Mobile Web,Paid Social,2025-05
U103824,2025-01-12,North,Mobile App,Organic Search,2025-01
U103825,2025-01-16,North,Mobile Web,Paid Social,2025-01
U103826,2025-07-27,South,Mobile App,Paid Social,2025-07
U103827,2025-02-12,East,Mobile Web,Paid Social,2025-02
U103828,2025-05-15,North,Desktop,Paid Social,2025-05
U103829,2025-08-16,West,Mobile Web,Paid Social,2025-08
U103830,2025-04-21,West,Mobile Web,Paid Social,2025-04
U103831,2025-11-03,South,Mobile App,Paid Social,2025-11
U103832,2025-06-09,West,Mobile App,Influencer,2025-06
U103833,2025-11-27,North,Mobile App,Paid Social,2025-11
U103834,2025-09-21,North,Mobile App,Referral,2025-09
U103835,2025-08-13,North,Mobile App,Organic Search,2025-08
U103836,2025-08-05,South,Mobile App,Referral,2025-08
U103837,2025-02-14,North,Mobile App,Paid Social,2025-02
U103838,2025-08-02,West,Desktop,Email/Push,2025-08
U103839,2025-02-28,North,Mobile Web,Influencer,2025-02
U103840,2025-05-12,South,Mobile App,Paid Social,2025-05
U103841,2025-04-14,West,Mobile App,Paid Social,2025-04
U103842,2025-07-14,North,Mobile App,Referral,2025-07
U103843,2025-06-06,North,Mobile App,Email/Push,2025-06
U103844,2025-04-08,East,Mobile App,Organic Search,2025-04
U103845,2025-08-14,North,Mobile App,Organic Search,2025-08
U103846,2025-07-24,North,Mobile App,Paid Social,2025-07
U103847,2025-03-20,North,Mobile App,Organic Search,2025-03
U103848,2025-05-04,South,Mobile Web,Paid Social,2025-05
U103849,2025-08-06,West,Mobile App,Organic Search,2025-08
U103850,2025-01-04,West,Mobile App,Paid Social,2025-01
U103851,2025-03-31,South,Mobile Web,Paid Social,2025-03
U103852,2025-04-14,South,Mobile Web,Referral,2025-04
U103853,2025-04-29,South,Mobile App,Referral,2025-04
U103854,2025-05-13,West,Mobile Web,Paid Social,2025-05
U103855,2025-11-08,North,Desktop,Influencer,2025-11
U103856,2025-04-06,South,Desktop,Paid Social,2025-04
U103857,2025-11-27,East,Mobile Web,Organic Search,2025-11
U103858,2025-05-23,West,Mobile Web,Referral,2025-05
U103859,2025-10-15,North,Mobile App,Referral,2025-10
U103860,2025-01-28,North,Mobile Web,Influencer,2025-01
U103861,2025-10-05,North,Mobile Web,Paid Social,2025-10
U103862,2025-08-21,North,Mobile App,Paid Social,2025-08
U103863,2025-01-17,East,Mobile App,Referral,2025-01
U103864,2025-02-28,East,Mobile Web,Paid Social,2025-02
U103865,2025-03-31,East,Desktop,Paid Social,2025-03
U103866,2025-07-18,North,Mobile App,Organic Search,2025-07
U103867,2025-12-28,North,Mobile App,Organic Search,2025-12
U103868,2025-01-26,North,Mobile App,Organic Search,2025-01
U103869,2025-01-25,South,Mobile App,Paid Social,2025-01
U103870,2025-10-28,West,Mobile App,Paid Social,2025-10
U103871,2025-12-05,North,Mobile App,Paid Social,2025-12
U103872,2025-09-24,North,Mobile App,Organic Search,2025-09
U103873,2025-06-30,South,Mobile Web,Paid Social,2025-06
U103874,2025-12-26,South,Mobile App,Influencer,2025-12
U103875,2025-03-09,South,Mobile App,Paid Social,2025-03
U103876,2025-12-17,West,Mobile App,Influencer,2025-12
U103877,2025-11-17,North,Mobile App,Organic Search,2025-11
U103878,2025-02-18,East,Mobile Web,Paid Social,2025-02
U103879,2025-06-24,South,Mobile App,Paid Social,2025-06
U103880,2025-02-21,South,Mobile App,Paid Social,2025-02
U103881,2025-04-12,West,Mobile App,Organic Search,2025-04
U103882,2025-08-04,North,Mobile App,Organic Search,2025-08
U103883,2025-07-07,East,Mobile Web,Referral,2025-07
U103884,2025-02-26,North,Mobile App,Organic Search,2025-02
U103885,2025-02-16,South,Mobile Web,Referral,2025-02
U103886,2025-06-08,West,Mobile App,Organic Search,2025-06
U103887,2025-06-23,West,Mobile App,Paid Social,2025-06
U103888,2025-08-30,West,Mobile Web,Influencer,2025-08
U103889,2025-10-09,South,Desktop,Influencer,2025-10
U103890,2025-08-29,North,Desktop,Email/Push,2025-08
U103891,2025-01-05,East,Mobile App,Paid Social,2025-01
U103892,2025-03-25,East,Mobile App,Influencer,2025-03
U103893,2025-11-04,North,Desktop,Influencer,2025-11
U103894,2025-12-27,South,Mobile App,Referral,2025-12
U103895,2025-09-05,West,Mobile Web,Organic Search,2025-09
U103896,2025-02-23,South,Mobile Web,Email/Push,2025-02
U103897,2025-06-10,South,Desktop,Email/Push,2025-06
U103898,2025-08-14,West,Desktop,Referral,2025-08
U103899,2025-01-15,North,Mobile App,Organic Search,2025-01
U103900,2025-08-12,North,Mobile App,Influencer,2025-08
U103901,2025-03-02,East,Mobile App,Paid Social,2025-03
U103902,2025-05-02,South,Mobile App,Paid Social,2025-05
U103903,2025-10-04,East,Mobile App,Email/Push,2025-10
U103904,2025-02-15,North,Mobile App,Influencer,2025-02
U103905,2025-10-21,North,Mobile Web,Email/Push,2025-10
U103906,2025-03-03,North,Desktop,Organic Search,2025-03
U103907,2025-03-27,West,Mobile App,Organic Search,2025-03
U103908,2025-07-29,South,Mobile App,Email/Push,2025-07
U103909,2025-03-19,South,Mobile Web,Paid Social,2025-03
U103910,2025-07-21,North,Desktop,Referral,2025-07
U103911,2025-10-29,North,Mobile Web,Organic Search,2025-10
U103912,2025-08-11,South,Mobile App,Paid Social,2025-08
U103913,2025-08-10,North,Desktop,Paid Social,2025-08
U103914,2025-01-03,South,Mobile App,Organic Search,2025-01
U103915,2025-01-06,South,Desktop,Organic Search,2025-01
U103916,2025-04-03,East,Desktop,Paid Social,2025-04
U103917,2025-01-08,East,Desktop,Organic Search,2025-01
U103918,2025-08-23,South,Mobile App,Organic Search,2025-08
U103919,2025-04-18,North,Desktop,Referral,2025-04
U103920,2025-06-10,East,Mobile App,Paid Social,2025-06
U103921,2025-07-28,East,Mobile App,Referral,2025-07
U103922,2025-08-28,North,Mobile Web,Paid Social,2025-08
U103923,2025-11-27,West,Mobile App,Paid Social,2025-11
U103924,2025-11-29,North,Mobile App,Paid Social,2025-11
U103925,2025-02-19,North,Mobile Web,Referral,2025-02
U103926,2025-01-11,North,Mobile Web,Paid Social,2025-01
U103927,2025-12-17,West,Mobile Web,Paid Social,2025-12
U103928,2025-06-05,South,Mobile App,Paid Social,2025-06
U103929,2025-03-11,West,Mobile Web,Email/Push,2025-03
U103930,2025-06-18,North,Mobile App,Influencer,2025-06
U103931,2025-09-29,South,Mobile Web,Paid Social,2025-09
U103932,2025-03-09,South,Mobile App,Paid Social,2025-03
U103933,2025-12-21,West,Mobile Web,Email/Push,2025-12
U103934,2025-09-09,North,Mobile App,Paid Social,2025-09
U103935,2025-02-17,North,Desktop,Paid Social,2025-02
U103936,2025-07-03,North,Mobile App,Paid Social,2025-07
U103937,2025-11-16,West,Mobile Web,Email/Push,2025-11
U103938,2025-07-06,South,Mobile App,Referral,2025-07
U103939,2025-03-31,South,Mobile Web,Paid Social,2025-03
U103940,2025-11-28,South,Mobile App,Paid Social,2025-11
U103941,2025-05-19,West,Mobile App,Email/Push,2025-05
U103942,2025-12-23,West,Mobile App,Organic Search,2025-12
U103943,2025-03-30,East,Mobile Web,Organic Search,2025-03
U103944,2025-10-01,South,Mobile App,Paid Social,2025-10
U103945,2025-01-19,North,Mobile App,Referral,2025-01
U103946,2025-11-07,West,Mobile App,Paid Social,2025-11
U103947,2025-12-24,South,Mobile Web,Influencer,2025-12
U103948,2025-06-03,North,Mobile App,Paid Social,2025-06
U103949,2025-09-17,South,Desktop,Paid Social,2025-09
U103950,2025-04-18,West,Desktop,Organic Search,2025-04
U103951,2025-10-12,South,Mobile App,Influencer,2025-10
U103952,2025-02-28,South,Mobile App,Organic Search,2025-02
U103953,2025-05-05,West,Mobile Web,Paid Social,2025-05
U103954,2025-12-20,South,Desktop,Organic Search,2025-12
U103955,2025-09-30,North,Mobile Web,Referral,2025-09
U103956,2025-04-17,West,Mobile App,Referral,2025-04
U103957,2025-10-26,West,Mobile App,Organic Search,2025-10
U103958,2025-09-02,West,Mobile App,Paid Social,2025-09
U103959,2025-12-02,East,Mobile App,Organic Search,2025-12
U103960,2025-09-04,South,Mobile App,Paid Social,2025-09
U103961,2025-01-08,West,Mobile App,Email/Push,2025-01
U103962,2025-05-21,North,Mobile App,Organic Search,2025-05
U103963,2025-12-28,West,Mobile App,Organic Search,2025-12
U103964,2025-01-08,West,Mobile App,Paid Social,2025-01
U103965,2025-12-18,East,Mobile App,Paid Social,2025-12
U103966,2025-04-04,West,Desktop,Organic Search,2025-04
U103967,2025-11-17,West,Mobile App,Paid Social,2025-11
U103968,2025-02-08,North,Mobile App,Influencer,2025-02
U103969,2025-03-22,East,Mobile App,Organic Search,2025-03
U103970,2025-07-06,North,Mobile App,Paid Social,2025-07
U103971,2025-03-25,South,Mobile App,Paid Social,2025-03
U103972,2025-03-29,North,Mobile App,Referral,2025-03
U103973,2025-08-30,South,Mobile App,Paid Social,2025-08
U103974,2025-12-08,West,Desktop,Organic Search,2025-12
U103975,2025-04-03,West,Mobile App,Organic Search,2025-04
U103976,2025-03-27,South,Mobile App,Paid Social,2025-03
U103977,2025-02-13,South,Mobile Web,Referral,2025-02
U103978,2025-05-17,South,Mobile App,Referral,2025-05
U103979,2025-03-15,West,Mobile Web,Email/Push,2025-03
U103980,2025-02-05,South,Mobile App,Organic Search,2025-02
U103981,2025-04-11,East,Mobile App,Organic Search,2025-04
U103982,2025-06-05,West,Mobile App,Paid Social,2025-06
U103983,2025-09-12,South,Desktop,Organic Search,2025-09
U103984,2025-06-20,West,Mobile App,Paid Social,2025-06
U103985,2025-08-04,West,Mobile App,Referral,2025-08
U103986,2025-06-19,West,Mobile App,Paid Social,2025-06
U103987,2025-09-09,North,Mobile App,Organic Search,2025-09
U103988,2025-12-26,South,Desktop,Paid Social,2025-12
U103989,2025-11-18,West,Mobile App,Referral,2025-11
U103990,2025-02-24,South,Desktop,Organic Search,2025-02
U103991,2025-04-01,East,Mobile App,Organic Search,2025-04
U103992,2025-10-05,North,Desktop,Email/Push,2025-10
U103993,2025-04-11,North,Mobile App,Referral,2025-04
U103994,2025-06-04,South,Desktop,Paid Social,2025-06
U103995,2025-12-15,South,Mobile App,Organic Search,2025-12
U103996,2025-12-30,South,Mobile Web,Organic Search,2025-12
U103997,2025-05-21,South,Mobile Web,Influencer,2025-05
U103998,2025-06-22,South,Mobile App,Influencer,2025-06
U103999,2025-01-10,East,Mobile Web,Paid Social,2025-01
U104000,2025-08-16,East,Mobile Web,Influencer,2025-08
U104001,2025-09-22,South,Desktop,Paid Social,2025-09
U104002,2025-09-05,South,Mobile App,Influencer,2025-09
U104003,2025-09-04,North,Mobile App,Paid Social,2025-09
U104004,2025-06-04,South,Desktop,Paid Social,2025-06
U104005,2025-02-03,South,Mobile App,Influencer,2025-02
U104006,2025-05-09,South,Mobile App,Organic Search,2025-05
U104007,2025-06-09,South,Desktop,Email/Push,2025-06
U104008,2025-03-30,East,Mobile App,Paid Social,2025-03
U104009,2025-04-03,North,Mobile App,Organic Search,2025-04
U104010,2025-11-23,West,Mobile App,Referral,2025-11
U104011,2025-08-29,North,Desktop,Paid Social,2025-08
U104012,2025-11-19,West,Desktop,Paid Social,2025-11
U104013,2025-04-27,South,Desktop,Paid Social,2025-04
U104014,2025-04-04,South,Mobile Web,Email/Push,2025-04
U104015,2025-06-12,North,Mobile App,Influencer,2025-06
U104016,2025-04-09,North,Mobile App,Organic Search,2025-04
U104017,2025-04-23,North,Mobile App,Paid Social,2025-04
U104018,2025-12-25,North,Mobile App,Paid Social,2025-12
U104019,2025-04-01,East,Mobile App,Organic Search,2025-04
U104020,2025-12-12,South,Desktop,Email/Push,2025-12
U104021,2025-07-25,East,Mobile Web,Referral,2025-07
U104022,2025-01-17,North,Mobile App,Organic Search,2025-01
U104023,2025-10-01,West,Desktop,Organic Search,2025-10
U104024,2025-06-22,South,Desktop,Email/Push,2025-06
U104025,2025-04-26,North,Mobile Web,Organic Search,2025-04
U104026,2025-12-15,South,Mobile App,Email/Push,2025-12
U104027,2025-06-30,North,Mobile App,Paid Social,2025-06
U104028,2025-04-01,North,Mobile App,Referral,2025-04
U104029,2025-03-23,South,Mobile App,Referral,2025-03
U104030,2025-11-20,East,Mobile App,Referral,2025-11
U104031,2025-04-24,West,Desktop,Organic Search,2025-04
U104032,2025-09-14,South,Mobile App,Paid Social,2025-09
U104033,2025-02-27,West,Mobile App,Paid Social,2025-02
U104034,2025-06-03,West,Mobile App,Email/Push,2025-06
U104035,2025-04-26,West,Mobile App,Paid Social,2025-04
U104036,2025-12-09,South,Mobile App,Email/Push,2025-12
U104037,2025-09-23,North,Mobile App,Referral,2025-09
U104038,2025-11-11,North,Desktop,Organic Search,2025-11
U104039,2025-07-22,East,Mobile App,Email/Push,2025-07
U104040,2025-02-10,South,Mobile Web,Influencer,2025-02
U104041,2025-04-15,North,Mobile App,Organic Search,2025-04
U104042,2025-07-12,South,Mobile App,Paid Social,2025-07
U104043,2025-10-05,North,Mobile App,Influencer,2025-10
U104044,2025-12-20,East,Mobile Web,Influencer,2025-12
U104045,2025-08-25,North,Desktop,Influencer,2025-08
U104046,2025-08-09,East,Mobile App,Referral,2025-08
U104047,2025-03-09,West,Mobile App,Paid Social,2025-03
U104048,2025-07-16,North,Mobile App,Influencer,2025-07
U104049,2025-09-13,South,Mobile Web,Paid Social,2025-09
U104050,2025-05-19,East,Mobile App,Paid Social,2025-05
U104051,2025-11-08,North,Mobile App,Paid Social,2025-11
U104052,2025-05-29,North,Mobile App,Paid Social,2025-05
U104053,2025-04-09,South,Mobile App,Organic Search,2025-04
U104054,2025-03-17,South,Desktop,Paid Social,2025-03
U104055,2025-10-09,South,Mobile Web,Paid Social,2025-10
U104056,2025-04-19,North,Mobile App,Paid Social,2025-04
U104057,2025-07-07,South,Mobile App,Referral,2025-07
U104058,2025-07-18,North,Mobile App,Organic Search,2025-07
U104059,2025-10-30,West,Mobile App,Organic Search,2025-10
U104060,2025-11-23,South,Mobile Web,Influencer,2025-11
U104061,2025-06-03,West,Mobile App,Organic Search,2025-06
U104062,2025-02-09,South,Mobile App,Organic Search,2025-02
U104063,2025-05-13,East,Mobile App,Email/Push,2025-05
U104064,2025-05-12,South,Mobile Web,Paid Social,2025-05
U104065,2025-10-06,East,Mobile App,Paid Social,2025-10
U104066,2025-12-28,South,Mobile Web,Organic Search,2025-12
U104067,2025-03-25,East,Mobile Web,Influencer,2025-03
U104068,2025-08-30,South,Mobile Web,Influencer,2025-08
U104069,2025-04-26,South,Mobile Web,Paid Social,2025-04
U104070,2025-04-19,South,Mobile App,Referral,2025-04
U104071,2025-08-09,West,Mobile App,Referral,2025-08
U104072,2025-02-10,East,Desktop,Paid Social,2025-02
U104073,2025-05-27,South,Desktop,Paid Social,2025-05
U104074,2025-04-22,East,Mobile Web,Referral,2025-04
U104075,2025-04-13,East,Mobile Web,Paid Social,2025-04
U104076,2025-02-15,West,Mobile App,Paid Social,2025-02
U104077,2025-11-20,West,Mobile App,Paid Social,2025-11
U104078,2025-09-28,East,Desktop,Paid Social,2025-09
U104079,2025-07-14,South,Desktop,Paid Social,2025-07
U104080,2025-10-07,East,Mobile App,Paid Social,2025-10
U104081,2025-10-10,South,Mobile App,Paid Social,2025-10
U104082,2025-02-09,West,Mobile App,Influencer,2025-02
U104083,2025-07-08,North,Mobile App,Paid Social,2025-07
U104084,2025-06-13,North,Mobile App,Organic Search,2025-06
U104085,2025-01-24,North,Mobile Web,Email/Push,2025-01
U104086,2025-01-24,East,Mobile App,Influencer,2025-01
U104087,2025-01-04,West,Mobile Web,Paid Social,2025-01
U104088,2025-11-19,North,Mobile Web,Paid Social,2025-11
U104089,2025-10-17,East,Mobile Web,Organic Search,2025-10
U104090,2025-06-30,East,Mobile Web,Influencer,2025-06
U104091,2025-09-05,East,Mobile App,Paid Social,2025-09
U104092,2025-04-26,South,Mobile Web,Organic Search,2025-04
U104093,2025-10-06,West,Mobile App,Influencer,2025-10
U104094,2025-03-10,North,Desktop,Organic Search,2025-03
U104095,2025-12-17,East,Mobile App,Referral,2025-12
U104096,2025-09-11,North,Desktop,Referral,2025-09
U104097,2025-06-30,South,Mobile App,Paid Social,2025-06
U104098,2025-11-14,West,Mobile App,Organic Search,2025-11
U104099,2025-06-18,North,Mobile App,Organic Search,2025-06
U104100,2025-11-09,North,Mobile App,Referral,2025-11
U104101,2025-09-06,East,Mobile App,Influencer,2025-09
U104102,2025-07-07,South,Mobile App,Referral,2025-07
U104103,2025-02-23,South,Mobile Web,Paid Social,2025-02
U104104,2025-11-22,North,Mobile App,Referral,2025-11
U104105,2025-12-23,North,Mobile App,Organic Search,2025-12
U104106,2025-11-09,South,Mobile App,Organic Search,2025-11
U104107,2025-05-18,North,Mobile App,Organic Search,2025-05
U104108,2025-06-17,West,Mobile Web,Referral,2025-06
U104109,2025-04-13,North,Mobile App,Referral,2025-04
U104110,2025-03-26,South,Desktop,Organic Search,2025-03
U104111,2025-11-13,North,Mobile App,Influencer,2025-11
U104112,2025-07-31,North,Mobile Web,Paid Social,2025-07
U104113,2025-01-03,East,Mobile Web,Paid Social,2025-01
U104114,2025-06-28,East,Desktop,Organic Search,2025-06
U104115,2025-12-08,North,Mobile App,Email/Push,2025-12
U104116,2025-10-30,North,Mobile App,Paid Social,2025-10
U104117,2025-11-28,North,Mobile App,Paid Social,2025-11
U104118,2025-02-07,East,Desktop,Email/Push,2025-02
U104119,2025-08-27,South,Mobile App,Influencer,2025-08
U104120,2025-06-18,North,Desktop,Influencer,2025-06
U104121,2025-12-09,South,Mobile App,Paid Social,2025-12
U104122,2025-11-10,East,Mobile App,Influencer,2025-11
U104123,2025-11-02,West,Mobile App,Organic Search,2025-11
U104124,2025-01-30,West,Mobile App,Organic Search,2025-01
U104125,2025-07-09,South,Desktop,Paid Social,2025-07
U104126,2025-12-23,North,Mobile App,Referral,2025-12
U104127,2025-01-25,North,Mobile App,Paid Social,2025-01
U104128,2025-04-22,East,Mobile App,Organic Search,2025-04
U104129,2025-07-25,West,Mobile Web,Referral,2025-07
U104130,2025-07-04,South,Mobile App,Paid Social,2025-07
U104131,2025-02-16,South,Mobile App,Paid Social,2025-02
U104132,2025-08-16,South,Mobile Web,Organic Search,2025-08
U104133,2025-02-08,South,Mobile App,Influencer,2025-02
U104134,2025-01-16,North,Mobile App,Paid Social,2025-01
U104135,2025-01-22,South,Mobile App,Influencer,2025-01
U104136,2025-08-01,North,Mobile Web,Referral,2025-08
U104137,2025-11-06,North,Mobile Web,Referral,2025-11
U104138,2025-05-29,East,Desktop,Organic Search,2025-05
U104139,2025-08-29,North,Mobile Web,Referral,2025-08
U104140,2025-09-29,North,Desktop,Paid Social,2025-09
U104141,2025-02-28,South,Mobile App,Paid Social,2025-02
U104142,2025-10-14,West,Mobile App,Referral,2025-10
U104143,2025-07-21,East,Mobile App,Email/Push,2025-07
U104144,2025-02-01,North,Mobile App,Paid Social,2025-02
U104145,2025-06-11,South,Mobile Web,Organic Search,2025-06
U104146,2025-09-12,North,Mobile Web,Email/Push,2025-09
U104147,2025-09-11,East,Mobile App,Influencer,2025-09
U104148,2025-01-09,East,Mobile App,Paid Social,2025-01
U104149,2025-05-19,West,Mobile Web,Organic Search,2025-05
U104150,2025-01-10,South,Mobile App,Paid Social,2025-01
U104151,2025-08-02,West,Mobile App,Influencer,2025-08
U104152,2025-09-30,West,Mobile Web,Paid Social,2025-09
U104153,2025-11-20,West,Mobile App,Influencer,2025-11
U104154,2025-02-17,South,Desktop,Email/Push,2025-02
U104155,2025-04-21,South,Desktop,Email/Push,2025-04
U104156,2025-06-02,South,Mobile App,Influencer,2025-06
U104157,2025-05-03,North,Mobile App,Paid Social,2025-05
U104158,2025-12-23,North,Mobile Web,Paid Social,2025-12
U104159,2025-04-12,East,Mobile App,Referral,2025-04
U104160,2025-08-29,East,Mobile App,Organic Search,2025-08
U104161,2025-11-17,West,Desktop,Paid Social,2025-11
U104162,2025-07-10,North,Mobile App,Organic Search,2025-07
U104163,2025-08-05,North,Mobile App,Influencer,2025-08
U104164,2025-02-20,West,Mobile App,Influencer,2025-02
U104165,2025-10-19,South,Mobile App,Paid Social,2025-10
U104166,2025-03-22,North,Mobile App,Organic Search,2025-03
U104167,2025-03-29,West,Mobile App,Organic Search,2025-03
U104168,2025-07-13,West,Mobile App,Influencer,2025-07
U104169,2025-04-14,South,Mobile App,Organic Search,2025-04
U104170,2025-09-28,West,Desktop,Email/Push,2025-09
U104171,2025-04-06,East,Desktop,Influencer,2025-04
U104172,2025-07-17,West,Mobile App,Email/Push,2025-07
U104173,2025-01-01,West,Mobile App,Referral,2025-01
U104174,2025-06-16,North,Mobile App,Influencer,2025-06
U104175,2025-05-06,East,Mobile Web,Influencer,2025-05
U104176,2025-11-09,North,Desktop,Paid Social,2025-11
U104177,2025-03-22,North,Mobile Web,Paid Social,2025-03
U104178,2025-09-08,West,Mobile App,Influencer,2025-09
U104179,2025-06-18,South,Mobile App,Paid Social,2025-06
U104180,2025-03-14,East,Mobile Web,Organic Search,2025-03
U104181,2025-05-21,West,Desktop,Influencer,2025-05
U104182,2025-03-11,West,Mobile App,Influencer,2025-03
U104183,2025-09-19,West,Mobile App,Paid Social,2025-09
U104184,2025-12-06,South,Mobile App,Organic Search,2025-12
U104185,2025-11-04,South,Mobile App,Organic Search,2025-11
U104186,2025-09-02,North,Mobile App,Paid Social,2025-09
U104187,2025-01-03,South,Desktop,Influencer,2025-01
U104188,2025-12-03,South,Mobile Web,Referral,2025-12
U104189,2025-03-04,South,Desktop,Email/Push,2025-03
U104190,2025-02-18,East,Desktop,Paid Social,2025-02
U104191,2025-03-17,West,Mobile App,Organic Search,2025-03
U104192,2025-06-24,East,Mobile Web,Influencer,2025-06
U104193,2025-04-19,East,Desktop,Organic Search,2025-04
U104194,2025-07-02,South,Mobile App,Paid Social,2025-07
U104195,2025-07-11,North,Mobile Web,Email/Push,2025-07
U104196,2025-03-06,South,Mobile App,Influencer,2025-03
U104197,2025-12-03,East,Mobile Web,Organic Search,2025-12
U104198,2025-09-28,North,Mobile App,Organic Search,2025-09
U104199,2025-04-10,East,Mobile App,Paid Social,2025-04
U104200,2025-02-01,South,Mobile App,Email/Push,2025-02
U104201,2025-12-18,North,Mobile App,Influencer,2025-12
U104202,2025-05-08,North,Mobile App,Paid Social,2025-05
U104203,2025-12-05,South,Mobile App,Paid Social,2025-12
U104204,2025-02-12,South,Mobile App,Influencer,2025-02
U104205,2025-03-19,East,Mobile App,Paid Social,2025-03
U104206,2025-11-10,East,Mobile App,Email/Push,2025-11
U104207,2025-10-16,South,Mobile Web,Email/Push,2025-10
U104208,2025-09-27,West,Mobile Web,Influencer,2025-09
U104209,2025-06-11,South,Mobile Web,Referral,2025-06
U104210,2025-07-08,West,Desktop,Organic Search,2025-07
U104211,2025-09-04,North,Mobile App,Paid Social,2025-09
U104212,2025-08-04,East,Mobile App,Referral,2025-08
U104213,2025-11-11,South,Mobile App,Organic Search,2025-11
U104214,2025-12-05,North,Desktop,Organic Search,2025-12
U104215,2025-06-17,North,Mobile Web,Paid Social,2025-06
U104216,2025-12-05,South,Mobile App,Paid Social,2025-12
U104217,2025-07-12,North,Mobile App,Paid Social,2025-07
U104218,2025-10-10,North,Mobile App,Influencer,2025-10
U104219,2025-12-02,West,Mobile App,Organic Search,2025-12
U104220,2025-01-13,West,Mobile App,Paid Social,2025-01
U104221,2025-08-28,East,Desktop,Organic Search,2025-08
U104222,2025-11-16,West,Mobile App,Paid Social,2025-11
U104223,2025-05-27,West,Desktop,Influencer,2025-05
U104224,2025-07-23,South,Mobile App,Organic Search,2025-07
U104225,2025-03-21,North,Mobile Web,Paid Social,2025-03
U104226,2025-02-12,West,Desktop,Paid Social,2025-02
U104227,2025-03-30,East,Mobile App,Email/Push,2025-03
U104228,2025-05-28,South,Mobile App,Organic Search,2025-05
U104229,2025-04-05,South,Mobile Web,Paid Social,2025-04
U104230,2025-05-31,South,Desktop,Organic Search,2025-05
U104231,2025-01-02,West,Mobile App,Paid Social,2025-01
U104232,2025-01-22,South,Mobile App,Paid Social,2025-01
U104233,2025-11-09,West,Mobile App,Influencer,2025-11
U104234,2025-11-24,West,Desktop,Paid Social,2025-11
U104235,2025-01-07,East,Desktop,Influencer,2025-01
U104236,2025-07-25,South,Mobile App,Organic Search,2025-07
U104237,2025-04-24,South,Mobile App,Paid Social,2025-04
U104238,2025-09-29,North,Desktop,Influencer,2025-09
U104239,2025-03-24,North,Mobile App,Organic Search,2025-03
U104240,2025-06-28,East,Mobile App,Referral,2025-06
U104241,2025-07-29,South,Mobile App,Influencer,2025-07
U104242,2025-11-24,North,Mobile App,Email/Push,2025-11
U104243,2025-05-04,North,Mobile Web,Paid Social,2025-05
U104244,2025-04-23,West,Mobile App,Paid Social,2025-04
U104245,2025-01-12,South,Mobile App,Organic Search,2025-01
U104246,2025-05-06,West,Desktop,Paid Social,2025-05
U104247,2025-02-22,South,Mobile App,Organic Search,2025-02
U104248,2025-11-27,South,Mobile App,Paid Social,2025-11
U104249,2025-10-10,North,Desktop,Organic Search,2025-10
U104250,2025-05-20,South,Mobile Web,Paid Social,2025-05
U104251,2025-04-07,East,Mobile App,Influencer,2025-04
U104252,2025-01-05,North,Mobile App,Referral,2025-01
U104253,2025-02-26,South,Mobile App,Paid Social,2025-02
U104254,2025-11-30,East,Mobile Web,Influencer,2025-11
U104255,2025-03-10,East,Mobile App,Paid Social,2025-03
U104256,2025-04-28,East,Mobile App,Organic Search,2025-04
U104257,2025-02-28,South,Mobile App,Paid Social,2025-02
U104258,2025-02-02,South,Mobile Web,Influencer,2025-02
U104259,2025-11-14,West,Mobile App,Organic Search,2025-11
U104260,2025-02-19,West,Mobile App,Paid Social,2025-02
U104261,2025-01-19,West,Mobile App,Email/Push,2025-01
U104262,2025-08-02,South,Mobile App,Paid Social,2025-08
U104263,2025-07-16,West,Mobile Web,Email/Push,2025-07
U104264,2025-02-16,East,Mobile Web,Paid Social,2025-02
U104265,2025-06-16,North,Mobile Web,Influencer,2025-06
U104266,2025-10-16,West,Mobile Web,Referral,2025-10
U104267,2025-05-21,East,Mobile App,Influencer,2025-05
U104268,2025-03-25,North,Mobile Web,Email/Push,2025-03
U104269,2025-07-01,North,Mobile App,Influencer,2025-07
U104270,2025-03-20,West,Mobile App,Organic Search,2025-03
U104271,2025-08-03,North,Mobile Web,Influencer,2025-08
U104272,2025-01-14,North,Desktop,Referral,2025-01
U104273,2025-08-03,South,Mobile Web,Paid Social,2025-08
U104274,2025-05-08,North,Mobile Web,Email/Push,2025-05
U104275,2025-11-06,West,Desktop,Organic Search,2025-11
U104276,2025-09-05,South,Mobile App,Paid Social,2025-09
U104277,2025-01-29,South,Desktop,Organic Search,2025-01
U104278,2025-10-07,West,Mobile App,Organic Search,2025-10
U104279,2025-12-04,South,Mobile Web,Organic Search,2025-12
U104280,2025-11-15,South,Mobile Web,Organic Search,2025-11
U104281,2025-07-21,West,Mobile App,Paid Social,2025-07
U104282,2025-12-27,South,Mobile Web,Referral,2025-12
U104283,2025-02-26,South,Mobile App,Influencer,2025-02
U104284,2025-08-06,East,Desktop,Organic Search,2025-08
U104285,2025-03-03,West,Mobile App,Referral,2025-03
U104286,2025-06-06,West,Mobile App,Paid Social,2025-06
U104287,2025-07-21,West,Mobile App,Paid Social,2025-07
U104288,2025-01-17,West,Mobile App,Organic Search,2025-01
U104289,2025-11-18,East,Mobile App,Paid Social,2025-11
U104290,2025-01-06,West,Mobile App,Referral,2025-01
U104291,2025-02-27,North,Mobile App,Referral,2025-02
U104292,2025-11-21,South,Mobile App,Organic Search,2025-11
U104293,2025-11-14,East,Mobile App,Organic Search,2025-11
U104294,2025-06-18,South,Mobile App,Influencer,2025-06
U104295,2025-03-23,North,Desktop,Paid Social,2025-03
U104296,2025-08-07,South,Mobile App,Organic Search,2025-08
U104297,2025-06-26,South,Mobile App,Email/Push,2025-06
U104298,2025-07-23,South,Mobile App,Influencer,2025-07
U104299,2025-03-12,West,Mobile App,Organic Search,2025-03
U104300,2025-09-23,West,Mobile Web,Organic Search,2025-09
U104301,2025-04-08,East,Mobile App,Paid Social,2025-04
U104302,2025-12-11,West,Mobile App,Paid Social,2025-12
U104303,2025-10-18,South,Mobile App,Referral,2025-10
U104304,2025-07-27,South,Mobile Web,Paid Social,2025-07
U104305,2025-01-02,South,Mobile Web,Influencer,2025-01
U104306,2025-05-04,East,Mobile App,Organic Search,2025-05
U104307,2025-10-07,North,Mobile App,Paid Social,2025-10
U104308,2025-03-15,South,Mobile App,Paid Social,2025-03
U104309,2025-06-15,East,Mobile Web,Organic Search,2025-06
U104310,2025-01-22,South,Mobile App,Paid Social,2025-01
U104311,2025-06-03,West,Mobile App,Influencer,2025-06
U104312,2025-10-22,East,Mobile App,Influencer,2025-10
U104313,2025-08-07,North,Mobile App,Email/Push,2025-08
U104314,2025-06-06,South,Mobile App,Referral,2025-06
U104315,2025-08-18,East,Mobile App,Influencer,2025-08
U104316,2025-01-20,South,Mobile App,Organic Search,2025-01
U104317,2025-02-10,North,Mobile App,Organic Search,2025-02
U104318,2025-05-28,South,Mobile App,Referral,2025-05
U104319,2025-04-18,West,Mobile App,Paid Social,2025-04
U104320,2025-03-25,South,Mobile Web,Paid Social,2025-03
U104321,2025-11-18,West,Mobile Web,Influencer,2025-11
U104322,2025-11-05,West,Mobile Web,Email/Push,2025-11
U104323,2025-10-17,North,Desktop,Organic Search,2025-10
U104324,2025-11-19,East,Mobile App,Organic Search,2025-11
U104325,2025-05-14,South,Mobile App,Organic Search,2025-05
U104326,2025-07-26,North,Mobile App,Organic Search,2025-07
U104327,2025-10-10,East,Mobile App,Organic Search,2025-10
U104328,2025-09-23,East,Mobile App,Email/Push,2025-09
U104329,2025-03-14,North,Mobile App,Organic Search,2025-03
U104330,2025-12-18,West,Mobile App,Paid Social,2025-12
U104331,2025-02-17,East,Desktop,Influencer,2025-02
U104332,2025-11-22,West,Mobile App,Organic Search,2025-11
U104333,2025-08-21,South,Desktop,Referral,2025-08
U104334,2025-04-10,West,Mobile App,Organic Search,2025-04
U104335,2025-02-28,South,Mobile App,Referral,2025-02
U104336,2025-09-15,North,Mobile App,Paid Social,2025-09
U104337,2025-03-06,East,Mobile App,Paid Social,2025-03
U104338,2025-03-24,East,Mobile Web,Organic Search,2025-03
U104339,2025-06-03,South,Mobile App,Referral,2025-06
U104340,2025-09-23,South,Mobile App,Paid Social,2025-09
U104341,2025-11-05,North,Mobile App,Organic Search,2025-11
U104342,2025-03-20,East,Mobile App,Email/Push,2025-03
U104343,2025-11-11,South,Mobile App,Paid Social,2025-11
U104344,2025-05-30,South,Desktop,Influencer,2025-05
U104345,2025-02-17,South,Mobile App,Influencer,2025-02
U104346,2025-09-05,West,Desktop,Influencer,2025-09
U104347,2025-10-05,East,Mobile App,Influencer,2025-10
U104348,2025-12-22,East,Mobile App,Organic Search,2025-12
U104349,2025-04-08,West,Mobile App,Referral,2025-04
U104350,2025-01-25,South,Mobile App,Organic Search,2025-01
U104351,2025-10-11,North,Desktop,Paid Social,2025-10
U104352,2025-10-28,North,Mobile Web,Paid Social,2025-10
U104353,2025-03-09,East,Desktop,Organic Search,2025-03
U104354,2025-01-07,North,Mobile Web,Paid Social,2025-01
U104355,2025-11-01,South,Mobile App,Referral,2025-11
U104356,2025-05-17,North,Mobile Web,Email/Push,2025-05
U104357,2025-06-13,North,Mobile Web,Influencer,2025-06
U104358,2025-03-24,South,Mobile Web,Paid Social,2025-03
U104359,2025-05-18,West,Mobile App,Paid Social,2025-05
U104360,2025-03-14,East,Mobile App,Referral,2025-03
U104361,2025-08-25,West,Mobile App,Organic Search,2025-08
U104362,2025-02-15,West,Mobile App,Influencer,2025-02
U104363,2025-04-16,North,Mobile App,Influencer,2025-04
U104364,2025-10-15,South,Desktop,Referral,2025-10
U104365,2025-09-19,East,Mobile App,Paid Social,2025-09
U104366,2025-06-25,West,Mobile App,Paid Social,2025-06
U104367,2025-06-15,South,Mobile App,Paid Social,2025-06
U104368,2025-05-25,West,Mobile Web,Organic Search,2025-05
U104369,2025-11-26,North,Mobile App,Email/Push,2025-11
U104370,2025-10-10,South,Desktop,Paid Social,2025-10
U104371,2025-02-23,East,Desktop,Paid Social,2025-02
U104372,2025-06-27,South,Desktop,Referral,2025-06
U104373,2025-09-01,North,Mobile App,Paid Social,2025-09
U104374,2025-12-07,South,Mobile App,Influencer,2025-12
U104375,2025-05-07,North,Desktop,Paid Social,2025-05
U104376,2025-09-28,East,Mobile Web,Email/Push,2025-09
U104377,2025-05-12,West,Desktop,Influencer,2025-05
U104378,2025-04-03,West,Mobile App,Influencer,2025-04
U104379,2025-03-14,East,Mobile App,Paid Social,2025-03
U104380,2025-09-05,South,Mobile App,Paid Social,2025-09
U104381,2025-12-14,South,Mobile Web,Influencer,2025-12
U104382,2025-09-30,North,Mobile Web,Influencer,2025-09
U104383,2025-02-12,South,Mobile App,Referral,2025-02
U104384,2025-02-10,North,Mobile App,Organic Search,2025-02
U104385,2025-06-19,West,Mobile App,Paid Social,2025-06
U104386,2025-07-31,West,Mobile Web,Email/Push,2025-07
U104387,2025-06-17,South,Mobile App,Paid Social,2025-06
U104388,2025-02-08,East,Mobile App,Paid Social,2025-02
U104389,2025-09-02,North,Mobile App,Paid Social,2025-09
U104390,2025-05-31,East,Mobile App,Influencer,2025-05
U104391,2025-04-21,East,Desktop,Paid Social,2025-04
U104392,2025-02-16,South,Mobile Web,Organic Search,2025-02
U104393,2025-03-04,North,Mobile Web,Organic Search,2025-03
U104394,2025-08-13,West,Mobile Web,Paid Social,2025-08
U104395,2025-03-10,East,Mobile App,Referral,2025-03
U104396,2025-10-26,West,Mobile Web,Paid Social,2025-10
U104397,2025-10-17,West,Desktop,Paid Social,2025-10
U104398,2025-10-23,West,Mobile Web,Organic Search,2025-10
U104399,2025-07-22,North,Mobile App,Organic Search,2025-07
U104400,2025-03-02,North,Mobile Web,Paid Social,2025-03
U104401,2025-11-14,South,Desktop,Email/Push,2025-11
U104402,2025-11-10,North,Mobile App,Email/Push,2025-11
U104403,2025-06-10,South,Mobile App,Organic Search,2025-06
U104404,2025-11-27,East,Desktop,Organic Search,2025-11
U104405,2025-01-16,South,Desktop,Paid Social,2025-01
U104406,2025-12-04,North,Mobile App,Influencer,2025-12
U104407,2025-04-04,West,Mobile App,Organic Search,2025-04
U104408,2025-10-31,North,Mobile App,Paid Social,2025-10
U104409,2025-05-18,South,Mobile App,Influencer,2025-05
U104410,2025-12-04,East,Desktop,Organic Search,2025-12
U104411,2025-02-07,East,Mobile App,Organic Search,2025-02
U104412,2025-05-07,South,Mobile App,Paid Social,2025-05
U104413,2025-10-02,North,Desktop,Paid Social,2025-10
U104414,2025-06-13,East,Mobile App,Email/Push,2025-06
U104415,2025-11-15,North,Mobile Web,Referral,2025-11
U104416,2025-03-18,North,Mobile App,Paid Social,2025-03
U104417,2025-06-23,East,Mobile Web,Organic Search,2025-06
U104418,2025-12-24,South,Desktop,Organic Search,2025-12
U104419,2025-11-17,South,Mobile App,Paid Social,2025-11
U104420,2025-04-01,South,Mobile Web,Organic Search,2025-04
U104421,2025-08-26,West,Desktop,Referral,2025-08
U104422,2025-09-21,West,Desktop,Paid Social,2025-09
U104423,2025-06-28,South,Mobile App,Paid Social,2025-06
U104424,2025-07-28,North,Mobile App,Paid Social,2025-07
U104425,2025-03-14,South,Mobile App,Organic Search,2025-03
U104426,2025-04-17,North,Mobile App,Organic Search,2025-04
U104427,2025-12-11,South,Mobile App,Paid Social,2025-12
U104428,2025-10-22,East,Mobile App,Organic Search,2025-10
U104429,2025-10-11,South,Mobile Web,Organic Search,2025-10
U104430,2025-12-19,South,Mobile App,Referral,2025-12
U104431,2025-07-01,North,Desktop,Paid Social,2025-07
U104432,2025-02-06,South,Mobile Web,Organic Search,2025-02
U104433,2025-05-17,South,Mobile App,Organic Search,2025-05
U104434,2025-12-04,South,Mobile App,Referral,2025-12
U104435,2025-02-25,East,Mobile Web,Referral,2025-02
U104436,2025-07-06,East,Mobile App,Paid Social,2025-07
U104437,2025-12-07,South,Mobile App,Email/Push,2025-12
U104438,2025-09-15,South,Desktop,Influencer,2025-09
U104439,2025-02-27,South,Mobile App,Organic Search,2025-02
U104440,2025-12-29,North,Desktop,Influencer,2025-12
U104441,2025-05-03,East,Desktop,Organic Search,2025-05
U104442,2025-07-07,North,Mobile App,Paid Social,2025-07
U104443,2025-08-18,East,Mobile Web,Referral,2025-08
U104444,2025-06-17,East,Mobile App,Email/Push,2025-06
U104445,2025-04-24,West,Desktop,Paid Social,2025-04
U104446,2025-09-09,West,Mobile Web,Referral,2025-09
U104447,2025-04-17,North,Mobile App,Influencer,2025-04
U104448,2025-02-06,West,Mobile App,Influencer,2025-02
U104449,2025-12-01,East,Mobile Web,Paid Social,2025-12
U104450,2025-04-02,East,Mobile App,Paid Social,2025-04
U104451,2025-01-18,North,Desktop,Paid Social,2025-01
U104452,2025-12-20,West,Mobile App,Organic Search,2025-12
U104453,2025-03-04,North,Mobile App,Influencer,2025-03
U104454,2025-05-30,West,Mobile App,Organic Search,2025-05
U104455,2025-05-19,North,Mobile App,Influencer,2025-05
U104456,2025-07-05,East,Mobile Web,Influencer,2025-07
U104457,2025-07-04,South,Mobile App,Organic Search,2025-07
U104458,2025-07-24,North,Mobile Web,Paid Social,2025-07
U104459,2025-09-17,North,Mobile Web,Paid Social,2025-09
U104460,2025-08-02,South,Mobile App,Paid Social,2025-08
U104461,2025-09-13,North,Mobile App,Paid Social,2025-09
U104462,2025-05-15,South,Mobile App,Paid Social,2025-05
U104463,2025-03-02,East,Mobile App,Paid Social,2025-03
U104464,2025-12-29,West,Mobile App,Organic Search,2025-12
U104465,2025-11-06,East,Desktop,Organic Search,2025-11
U104466,2025-03-29,North,Desktop,Paid Social,2025-03
U104467,2025-11-20,South,Mobile App,Referral,2025-11
U104468,2025-07-26,South,Mobile App,Organic Search,2025-07
U104469,2025-05-09,West,Mobile App,Referral,2025-05
U104470,2025-11-07,West,Mobile Web,Referral,2025-11
U104471,2025-01-03,South,Mobile App,Referral,2025-01
U104472,2025-08-30,North,Mobile Web,Email/Push,2025-08
U104473,2025-05-01,West,Mobile App,Paid Social,2025-05
U104474,2025-04-12,West,Mobile Web,Paid Social,2025-04
U104475,2025-02-07,West,Mobile App,Paid Social,2025-02
U104476,2025-12-07,West,Mobile App,Organic Search,2025-12
U104477,2025-05-13,South,Mobile App,Organic Search,2025-05
U104478,2025-07-21,North,Mobile App,Organic Search,2025-07
U104479,2025-12-14,South,Desktop,Paid Social,2025-12
U104480,2025-01-21,South,Mobile App,Referral,2025-01
U104481,2025-08-30,South,Mobile App,Organic Search,2025-08
U104482,2025-04-19,South,Desktop,Paid Social,2025-04
U104483,2025-10-30,North,Mobile App,Organic Search,2025-10
U104484,2025-03-25,South,Mobile App,Influencer,2025-03
U104485,2025-03-24,South,Desktop,Influencer,2025-03
U104486,2025-10-18,North,Mobile Web,Paid Social,2025-10
U104487,2025-03-10,South,Mobile App,Influencer,2025-03
U104488,2025-05-09,West,Mobile Web,Paid Social,2025-05
U104489,2025-07-15,West,Mobile Web,Organic Search,2025-07
U104490,2025-05-20,South,Mobile App,Paid Social,2025-05
U104491,2025-10-10,South,Mobile Web,Email/Push,2025-10
U104492,2025-11-08,North,Mobile Web,Paid Social,2025-11
U104493,2025-08-22,East,Desktop,Paid Social,2025-08
U104494,2025-01-23,South,Desktop,Influencer,2025-01
U104495,2025-06-02,South,Mobile App,Organic Search,2025-06
U104496,2025-10-04,West,Mobile App,Influencer,2025-10
U104497,2025-03-02,South,Mobile App,Paid Social,2025-03
U104498,2025-11-15,North,Mobile App,Organic Search,2025-11
U104499,2025-02-21,North,Mobile App,Email/Push,2025-02
U104500,2025-12-10,South,Mobile Web,Organic Search,2025-12
U104501,2025-06-02,South,Mobile App,Influencer,2025-06
U104502,2025-08-25,West,Mobile App,Email/Push,2025-08
U104503,2025-11-07,South,Mobile Web,Referral,2025-11
U104504,2025-10-29,East,Mobile Web,Paid Social,2025-10
U104505,2025-02-01,South,Mobile Web,Paid Social,2025-02
U104506,2025-02-24,South,Mobile App,Paid Social,2025-02
U104507,2025-12-18,South,Mobile Web,Organic Search,2025-12
U104508,2025-02-05,South,Desktop,Influencer,2025-02
U104509,2025-04-20,South,Mobile App,Organic Search,2025-04
U104510,2025-06-26,North,Mobile App,Influencer,2025-06
U104511,2025-12-28,West,Desktop,Influencer,2025-12
U104512,2025-11-10,South,Mobile App,Email/Push,2025-11
U104513,2025-10-22,North,Mobile App,Email/Push,2025-10
U104514,2025-12-02,North,Mobile App,Referral,2025-12
U104515,2025-04-07,North,Mobile App,Influencer,2025-04
U104516,2025-08-01,South,Mobile App,Referral,2025-08
U104517,2025-11-13,North,Mobile App,Referral,2025-11
U104518,2025-05-17,North,Mobile App,Referral,2025-05
U104519,2025-01-06,South,Mobile App,Referral,2025-01
U104520,2025-04-19,East,Mobile Web,Organic Search,2025-04
U104521,2025-02-04,North,Desktop,Organic Search,2025-02
U104522,2025-02-08,South,Mobile App,Paid Social,2025-02
U104523,2025-05-30,East,Mobile Web,Paid Social,2025-05
U104524,2025-04-28,West,Mobile App,Organic Search,2025-04
U104525,2025-09-18,East,Mobile App,Influencer,2025-09
U104526,2025-03-28,North,Desktop,Referral,2025-03
U104527,2025-03-17,East,Mobile App,Paid Social,2025-03
U104528,2025-11-09,South,Mobile App,Influencer,2025-11
U104529,2025-08-02,North,Mobile App,Email/Push,2025-08
U104530,2025-10-12,West,Mobile Web,Influencer,2025-10
U104531,2025-08-27,South,Mobile App,Referral,2025-08
U104532,2025-06-14,West,Mobile App,Paid Social,2025-06
U104533,2025-03-28,East,Mobile Web,Organic Search,2025-03
U104534,2025-05-21,East,Mobile App,Organic Search,2025-05
U104535,2025-06-09,East,Mobile App,Paid Social,2025-06
U104536,2025-02-15,South,Mobile App,Paid Social,2025-02
U104537,2025-04-22,South,Mobile App,Email/Push,2025-04
U104538,2025-02-14,West,Mobile App,Referral,2025-02
U104539,2025-09-04,East,Mobile Web,Paid Social,2025-09
U104540,2025-04-14,West,Mobile Web,Paid Social,2025-04
U104541,2025-03-26,West,Mobile App,Organic Search,2025-03
U104542,2025-05-14,West,Mobile App,Paid Social,2025-05
U104543,2025-04-18,East,Mobile App,Referral,2025-04
U104544,2025-01-18,South,Mobile App,Paid Social,2025-01
U104545,2025-04-04,North,Mobile App,Influencer,2025-04
U104546,2025-05-30,East,Mobile App,Influencer,2025-05
U104547,2025-09-03,South,Mobile App,Referral,2025-09
U104548,2025-10-16,South,Mobile App,Influencer,2025-10
U104549,2025-07-28,North,Mobile App,Paid Social,2025-07
U104550,2025-05-06,West,Mobile App,Organic Search,2025-05
U104551,2025-08-23,West,Mobile App,Referral,2025-08
U104552,2025-05-02,East,Mobile App,Referral,2025-05
U104553,2025-05-18,South,Mobile Web,Paid Social,2025-05
U104554,2025-04-25,East,Mobile App,Organic Search,2025-04
U104555,2025-06-11,East,Mobile App,Paid Social,2025-06
U104556,2025-07-20,South,Mobile App,Organic Search,2025-07
U104557,2025-08-22,South,Mobile App,Influencer,2025-08
U104558,2025-01-28,South,Mobile Web,Organic Search,2025-01
U104559,2025-01-11,South,Desktop,Referral,2025-01
U104560,2025-07-25,East,Mobile App,Paid Social,2025-07
U104561,2025-06-16,South,Mobile Web,Influencer,2025-06
U104562,2025-09-04,West,Mobile App,Organic Search,2025-09
U104563,2025-02-16,North,Mobile App,Paid Social,2025-02
U104564,2025-09-03,South,Mobile App,Referral,2025-09
U104565,2025-05-07,South,Desktop,Organic Search,2025-05
U104566,2025-05-27,North,Mobile App,Paid Social,2025-05
U104567,2025-04-28,South,Desktop,Influencer,2025-04
U104568,2025-06-01,North,Mobile App,Email/Push,2025-06
U104569,2025-03-13,South,Mobile App,Paid Social,2025-03
U104570,2025-12-29,South,Mobile Web,Organic Search,2025-12
U104571,2025-05-17,East,Desktop,Paid Social,2025-05
U104572,2025-06-24,South,Mobile Web,Email/Push,2025-06
U104573,2025-10-16,North,Mobile Web,Paid Social,2025-10
U104574,2025-01-19,East,Mobile App,Paid Social,2025-01
U104575,2025-07-14,North,Mobile App,Organic Search,2025-07
U104576,2025-11-26,West,Mobile App,Paid Social,2025-11
U104577,2025-06-24,West,Mobile App,Paid Social,2025-06
U104578,2025-12-20,South,Desktop,Paid Social,2025-12
U104579,2025-05-21,West,Mobile Web,Paid Social,2025-05
U104580,2025-09-03,West,Mobile Web,Paid Social,2025-09
U104581,2025-04-03,West,Mobile App,Influencer,2025-04
U104582,2025-08-27,East,Mobile Web,Email/Push,2025-08
U104583,2025-07-24,North,Desktop,Organic Search,2025-07
U104584,2025-02-17,West,Mobile App,Referral,2025-02
U104585,2025-09-02,North,Mobile App,Referral,2025-09
U104586,2025-11-16,North,Mobile Web,Organic Search,2025-11
U104587,2025-11-13,North,Mobile App,Organic Search,2025-11
U104588,2025-10-22,South,Desktop,Referral,2025-10
U104589,2025-05-08,South,Mobile App,Organic Search,2025-05
U104590,2025-12-10,East,Mobile App,Organic Search,2025-12
U104591,2025-10-09,West,Mobile App,Organic Search,2025-10
U104592,2025-01-17,North,Mobile App,Organic Search,2025-01
U104593,2025-03-12,West,Mobile App,Influencer,2025-03
U104594,2025-09-26,West,Mobile App,Referral,2025-09
U104595,2025-11-21,North,Desktop,Email/Push,2025-11
U104596,2025-10-09,South,Desktop,Influencer,2025-10
U104597,2025-11-01,West,Mobile App,Paid Social,2025-11
U104598,2025-01-07,East,Mobile App,Referral,2025-01
U104599,2025-11-10,East,Mobile App,Referral,2025-11
U104600,2025-11-01,East,Mobile Web,Referral,2025-11
U104601,2025-04-13,South,Mobile App,Organic Search,2025-04
U104602,2025-11-05,North,Mobile App,Paid Social,2025-11
U104603,2025-07-12,South,Mobile App,Email/Push,2025-07
U104604,2025-08-29,North,Mobile Web,Influencer,2025-08
U104605,2025-03-03,East,Mobile App,Organic Search,2025-03
U104606,2025-01-17,West,Mobile Web,Paid Social,2025-01
U104607,2025-06-20,South,Desktop,Influencer,2025-06
U104608,2025-01-25,West,Mobile App,Organic Search,2025-01
U104609,2025-09-08,South,Mobile App,Organic Search,2025-09
U104610,2025-09-10,East,Mobile App,Referral,2025-09
U104611,2025-07-26,East,Mobile App,Referral,2025-07
U104612,2025-01-29,West,Mobile App,Paid Social,2025-01
U104613,2025-04-27,East,Mobile App,Influencer,2025-04
U104614,2025-10-09,North,Mobile Web,Referral,2025-10
U104615,2025-05-24,West,Mobile App,Organic Search,2025-05
U104616,2025-01-25,East,Mobile App,Paid Social,2025-01
U104617,2025-11-06,North,Mobile App,Paid Social,2025-11
U104618,2025-06-05,East,Mobile App,Paid Social,2025-06
U104619,2025-03-14,West,Mobile App,Paid Social,2025-03
U104620,2025-04-30,South,Mobile App,Paid Social,2025-04
U104621,2025-11-08,South,Mobile App,Organic Search,2025-11
U104622,2025-11-17,West,Desktop,Paid Social,2025-11
U104623,2025-04-03,West,Mobile App,Paid Social,2025-04
U104624,2025-03-27,South,Mobile Web,Organic Search,2025-03
U104625,2025-12-02,North,Mobile App,Paid Social,2025-12
U104626,2025-12-30,North,Mobile Web,Referral,2025-12
U104627,2025-04-28,East,Mobile App,Organic Search,2025-04
U104628,2025-08-21,West,Mobile Web,Paid Social,2025-08
U104629,2025-07-18,North,Mobile App,Paid Social,2025-07
U104630,2025-07-25,South,Mobile App,Referral,2025-07
U104631,2025-12-05,North,Mobile App,Paid Social,2025-12
U104632,2025-05-27,East,Mobile App,Email/Push,2025-05
U104633,2025-09-28,North,Mobile App,Referral,2025-09
U104634,2025-05-19,North,Desktop,Paid Social,2025-05
U104635,2025-06-30,North,Mobile App,Organic Search,2025-06
U104636,2025-01-30,East,Mobile Web,Referral,2025-01
U104637,2025-02-26,South,Mobile App,Paid Social,2025-02
U104638,2025-08-20,South,Mobile App,Paid Social,2025-08
U104639,2025-05-26,West,Mobile App,Organic Search,2025-05
U104640,2025-02-17,North,Mobile App,Email/Push,2025-02
U104641,2025-07-13,South,Mobile App,Organic Search,2025-07
U104642,2025-08-12,West,Mobile Web,Organic Search,2025-08
U104643,2025-05-16,South,Mobile App,Paid Social,2025-05
U104644,2025-01-22,South,Mobile Web,Organic Search,2025-01
U104645,2025-01-06,North,Mobile Web,Referral,2025-01
U104646,2025-07-23,West,Mobile App,Organic Search,2025-07
U104647,2025-08-27,South,Mobile Web,Referral,2025-08
U104648,2025-07-04,West,Mobile App,Paid Social,2025-07
U104649,2025-12-26,North,Mobile App,Referral,2025-12
U104650,2025-10-19,South,Mobile App,Paid Social,2025-10
U104651,2025-12-01,West,Mobile App,Influencer,2025-12
U104652,2025-08-08,West,Mobile Web,Influencer,2025-08
U104653,2025-04-26,North,Desktop,Influencer,2025-04
U104654,2025-11-09,West,Mobile App,Paid Social,2025-11
U104655,2025-02-18,South,Mobile App,Referral,2025-02
U104656,2025-06-22,South,Mobile App,Organic Search,2025-06
U104657,2025-03-23,South,Mobile Web,Email/Push,2025-03
U104658,2025-11-18,East,Mobile App,Organic Search,2025-11
U104659,2025-11-29,South,Mobile App,Influencer,2025-11
U104660,2025-02-14,South,Mobile Web,Organic Search,2025-02
U104661,2025-12-01,North,Mobile App,Organic Search,2025-12
U104662,2025-01-20,North,Desktop,Paid Social,2025-01
U104663,2025-08-09,West,Mobile App,Paid Social,2025-08
U104664,2025-05-03,West,Desktop,Paid Social,2025-05
U104665,2025-08-22,West,Mobile App,Paid Social,2025-08
U104666,2025-08-09,South,Mobile App,Paid Social,2025-08
U104667,2025-11-19,South,Mobile Web,Influencer,2025-11
U104668,2025-12-05,East,Mobile Web,Organic Search,2025-12
U104669,2025-01-03,West,Mobile Web,Influencer,2025-01
U104670,2025-07-01,South,Mobile App,Organic Search,2025-07
U104671,2025-07-25,West,Desktop,Influencer,2025-07
U104672,2025-11-16,West,Mobile App,Organic Search,2025-11
U104673,2025-02-09,West,Mobile App,Paid Social,2025-02
U104674,2025-02-28,North,Mobile App,Organic Search,2025-02
U104675,2025-03-03,North,Mobile Web,Referral,2025-03
U104676,2025-05-12,South,Mobile Web,Referral,2025-05
U104677,2025-03-01,South,Mobile App,Influencer,2025-03
U104678,2025-11-27,North,Mobile App,Referral,2025-11
U104679,2025-05-02,South,Mobile App,Organic Search,2025-05
U104680,2025-04-17,East,Mobile App,Influencer,2025-04
U104681,2025-04-06,South,Mobile App,Referral,2025-04
U104682,2025-12-13,South,Mobile Web,Paid Social,2025-12
U104683,2025-08-23,East,Mobile Web,Organic Search,2025-08
U104684,2025-03-03,East,Desktop,Referral,2025-03
U104685,2025-09-13,East,Mobile App,Organic Search,2025-09
U104686,2025-02-18,North,Mobile App,Email/Push,2025-02
U104687,2025-12-14,East,Mobile App,Paid Social,2025-12
U104688,2025-06-08,South,Mobile Web,Referral,2025-06
U104689,2025-05-04,North,Mobile App,Influencer,2025-05
U104690,2025-11-13,East,Desktop,Referral,2025-11
U104691,2025-07-26,South,Mobile App,Organic Search,2025-07
U104692,2025-02-17,South,Mobile App,Organic Search,2025-02
U104693,2025-05-16,South,Mobile App,Organic Search,2025-05
U104694,2025-07-20,South,Mobile Web,Organic Search,2025-07
U104695,2025-09-07,South,Mobile Web,Influencer,2025-09
U104696,2025-11-10,West,Mobile App,Paid Social,2025-11
U104697,2025-12-23,North,Mobile App,Referral,2025-12
U104698,2025-11-14,West,Mobile App,Paid Social,2025-11
U104699,2025-10-22,South,Mobile Web,Organic Search,2025-10
U104700,2025-11-10,North,Mobile App,Referral,2025-11
U104701,2025-07-28,North,Mobile App,Paid Social,2025-07
U104702,2025-12-21,South,Mobile App,Referral,2025-12
U104703,2025-07-30,East,Desktop,Paid Social,2025-07
U104704,2025-07-11,North,Mobile App,Referral,2025-07
U104705,2025-02-13,North,Mobile Web,Organic Search,2025-02
U104706,2025-01-29,West,Mobile App,Paid Social,2025-01
U104707,2025-02-28,North,Mobile App,Paid Social,2025-02
U104708,2025-03-12,West,Mobile App,Referral,2025-03
U104709,2025-04-02,East,Mobile App,Organic Search,2025-04
U104710,2025-09-22,South,Mobile Web,Paid Social,2025-09
U104711,2025-08-08,South,Mobile App,Influencer,2025-08
U104712,2025-08-03,North,Mobile App,Paid Social,2025-08
U104713,2025-10-04,West,Mobile App,Referral,2025-10
U104714,2025-03-05,North,Mobile Web,Organic Search,2025-03
U104715,2025-12-12,South,Mobile App,Paid Social,2025-12
U104716,2025-10-19,South,Mobile App,Paid Social,2025-10
U104717,2025-09-02,North,Mobile App,Organic Search,2025-09
U104718,2025-03-03,South,Desktop,Paid Social,2025-03
U104719,2025-11-28,West,Mobile App,Paid Social,2025-11
U104720,2025-06-19,South,Mobile Web,Referral,2025-06
U104721,2025-09-26,West,Mobile App,Organic Search,2025-09
U104722,2025-09-24,West,Mobile App,Paid Social,2025-09
U104723,2025-02-23,South,Mobile App,Organic Search,2025-02
U104724,2025-01-16,South,Mobile App,Organic Search,2025-01
U104725,2025-01-08,South,Mobile Web,Organic Search,2025-01
U104726,2025-04-14,East,Mobile App,Referral,2025-04
U104727,2025-02-28,South,Mobile App,Email/Push,2025-02
U104728,2025-11-09,West,Mobile Web,Organic Search,2025-11
U104729,2025-02-09,East,Mobile App,Paid Social,2025-02
U104730,2025-08-25,South,Mobile App,Paid Social,2025-08
U104731,2025-04-04,East,Desktop,Paid Social,2025-04
U104732,2025-08-10,South,Mobile App,Paid Social,2025-08
U104733,2025-07-23,West,Mobile Web,Paid Social,2025-07
U104734,2025-05-18,South,Mobile App,Organic Search,2025-05
U104735,2025-10-27,North,Mobile App,Paid Social,2025-10
U104736,2025-07-26,North,Mobile App,Referral,2025-07
U104737,2025-12-02,West,Desktop,Organic Search,2025-12
U104738,2025-03-22,South,Mobile App,Email/Push,2025-03
U104739,2025-08-06,West,Mobile App,Organic Search,2025-08
U104740,2025-01-02,North,Mobile Web,Influencer,2025-01
U104741,2025-06-27,South,Mobile App,Influencer,2025-06
U104742,2025-12-12,North,Mobile Web,Influencer,2025-12
U104743,2025-10-06,South,Mobile App,Organic Search,2025-10
U104744,2025-05-26,South,Mobile App,Organic Search,2025-05
U104745,2025-11-14,North,Mobile App,Organic Search,2025-11
U104746,2025-08-12,East,Mobile App,Organic Search,2025-08
U104747,2025-03-03,South,Mobile Web,Paid Social,2025-03
U104748,2025-10-21,North,Mobile Web,Paid Social,2025-10
U104749,2025-08-27,South,Mobile App,Paid Social,2025-08
U104750,2025-07-14,East,Desktop,Paid Social,2025-07
U104751,2025-06-15,North,Mobile App,Paid Social,2025-06
U104752,2025-08-10,South,Desktop,Organic Search,2025-08
U104753,2025-03-02,South,Desktop,Paid Social,2025-03
U104754,2025-05-09,East,Mobile App,Organic Search,2025-05
U104755,2025-06-22,West,Mobile App,Influencer,2025-06
U104756,2025-06-05,South,Mobile Web,Organic Search,2025-06
U104757,2025-04-20,South,Mobile App,Email/Push,2025-04
U104758,2025-09-26,West,Mobile Web,Paid Social,2025-09
U104759,2025-12-22,West,Mobile App,Influencer,2025-12
U104760,2025-10-05,East,Mobile App,Paid Social,2025-10
U104761,2025-03-15,West,Mobile App,Email/Push,2025-03
U104762,2025-07-26,East,Mobile App,Paid Social,2025-07
U104763,2025-10-06,East,Mobile App,Referral,2025-10
U104764,2025-11-22,South,Mobile App,Paid Social,2025-11
U104765,2025-12-06,South,Mobile App,Referral,2025-12
U104766,2025-12-23,North,Mobile Web,Paid Social,2025-12
U104767,2025-12-06,West,Mobile App,Referral,2025-12
U104768,2025-07-23,West,Mobile Web,Referral,2025-07
U104769,2025-06-10,East,Mobile App,Email/Push,2025-06
U104770,2025-01-28,South,Mobile Web,Referral,2025-01
U104771,2025-09-14,North,Desktop,Organic Search,2025-09
U104772,2025-06-14,North,Mobile App,Paid Social,2025-06
U104773,2025-03-04,North,Desktop,Referral,2025-03
U104774,2025-01-22,East,Mobile App,Paid Social,2025-01
U104775,2025-03-11,West,Mobile App,Influencer,2025-03
U104776,2025-04-06,North,Desktop,Paid Social,2025-04
U104777,2025-06-12,North,Mobile App,Organic Search,2025-06
U104778,2025-03-20,East,Mobile App,Organic Search,2025-03
U104779,2025-01-05,South,Mobile App,Organic Search,2025-01
U104780,2025-11-12,West,Mobile Web,Referral,2025-11
U104781,2025-04-30,South,Mobile Web,Paid Social,2025-04
U104782,2025-10-29,South,Mobile App,Paid Social,2025-10
U104783,2025-06-27,North,Desktop,Email/Push,2025-06
U104784,2025-06-25,North,Mobile Web,Paid Social,2025-06
U104785,2025-08-05,South,Desktop,Referral,2025-08
U104786,2025-02-25,North,Mobile App,Organic Search,2025-02
U104787,2025-07-06,South,Mobile Web,Referral,2025-07
U104788,2025-08-20,South,Desktop,Paid Social,2025-08
U104789,2025-09-12,North,Mobile App,Organic Search,2025-09
U104790,2025-04-14,North,Desktop,Organic Search,2025-04
U104791,2025-03-18,South,Mobile App,Organic Search,2025-03
U104792,2025-08-18,East,Mobile App,Email/Push,2025-08
U104793,2025-09-15,West,Desktop,Paid Social,2025-09
U104794,2025-09-21,North,Desktop,Referral,2025-09
U104795,2025-11-27,North,Mobile App,Paid Social,2025-11
U104796,2025-07-01,North,Mobile App,Paid Social,2025-07
U104797,2025-09-13,South,Mobile Web,Paid Social,2025-09
U104798,2025-02-07,East,Desktop,Organic Search,2025-02
U104799,2025-06-25,West,Mobile App,Organic Search,2025-06
U104800,2025-01-27,East,Mobile Web,Paid Social,2025-01
U104801,2025-10-03,North,Mobile Web,Referral,2025-10
U104802,2025-05-20,South,Mobile App,Paid Social,2025-05
U104803,2025-10-26,West,Desktop,Paid Social,2025-10
U104804,2025-10-14,South,Mobile App,Paid Social,2025-10
U104805,2025-04-01,South,Mobile Web,Referral,2025-04
U104806,2025-03-02,West,Mobile App,Paid Social,2025-03
U104807,2025-12-13,East,Mobile App,Email/Push,2025-12
U104808,2025-06-12,East,Mobile Web,Paid Social,2025-06
U104809,2025-12-17,North,Desktop,Organic Search,2025-12
U104810,2025-05-23,South,Mobile Web,Paid Social,2025-05
U104811,2025-09-10,North,Mobile Web,Paid Social,2025-09
U104812,2025-09-26,East,Mobile App,Influencer,2025-09
U104813,2025-10-18,North,Mobile Web,Organic Search,2025-10
U104814,2025-07-06,West,Mobile App,Paid Social,2025-07
U104815,2025-10-31,West,Mobile App,Paid Social,2025-10
U104816,2025-10-18,South,Mobile App,Paid Social,2025-10
U104817,2025-03-27,North,Mobile Web,Email/Push,2025-03
U104818,2025-06-15,North,Desktop,Influencer,2025-06
U104819,2025-04-24,West,Mobile Web,Organic Search,2025-04
U104820,2025-12-22,East,Mobile App,Organic Search,2025-12
U104821,2025-07-02,East,Mobile App,Influencer,2025-07
U104822,2025-07-26,South,Mobile App,Organic Search,2025-07
U104823,2025-09-13,South,Mobile App,Influencer,2025-09
U104824,2025-08-23,East,Mobile App,Organic Search,2025-08
U104825,2025-12-21,South,Mobile Web,Paid Social,2025-12
U104826,2025-01-03,East,Desktop,Referral,2025-01
U104827,2025-07-27,West,Mobile App,Organic Search,2025-07
U104828,2025-07-16,North,Mobile App,Referral,2025-07
U104829,2025-12-07,North,Mobile Web,Paid Social,2025-12
U104830,2025-05-05,South,Mobile Web,Referral,2025-05
U104831,2025-05-18,North,Desktop,Organic Search,2025-05
U104832,2025-12-05,East,Mobile App,Paid Social,2025-12
U104833,2025-01-25,East,Mobile App,Referral,2025-01
U104834,2025-03-09,West,Desktop,Organic Search,2025-03
U104835,2025-03-02,East,Mobile App,Referral,2025-03
U104836,2025-01-29,North,Mobile Web,Email/Push,2025-01
U104837,2025-01-19,North,Mobile App,Referral,2025-01
U104838,2025-06-20,West,Mobile App,Referral,2025-06
U104839,2025-03-15,North,Mobile Web,Organic Search,2025-03
U104840,2025-03-02,East,Mobile App,Organic Search,2025-03
U104841,2025-06-02,West,Mobile Web,Influencer,2025-06
U104842,2025-10-03,South,Mobile App,Organic Search,2025-10
U104843,2025-02-17,South,Desktop,Referral,2025-02
U104844,2025-07-30,South,Mobile App,Paid Social,2025-07
U104845,2025-12-09,West,Mobile App,Paid Social,2025-12
U104846,2025-05-19,North,Mobile App,Paid Social,2025-05
U104847,2025-04-20,West,Mobile Web,Referral,2025-04
U104848,2025-07-02,South,Mobile Web,Paid Social,2025-07
U104849,2025-01-28,West,Mobile App,Paid Social,2025-01
U104850,2025-07-16,North,Mobile App,Organic Search,2025-07
U104851,2025-07-10,North,Mobile Web,Paid Social,2025-07
U104852,2025-11-11,West,Mobile Web,Paid Social,2025-11
U104853,2025-02-20,West,Mobile Web,Organic Search,2025-02
U104854,2025-05-29,South,Mobile Web,Referral,2025-05
U104855,2025-09-25,East,Mobile App,Organic Search,2025-09
U104856,2025-02-19,West,Mobile App,Influencer,2025-02
U104857,2025-09-03,North,Mobile App,Paid Social,2025-09
U104858,2025-04-23,South,Desktop,Paid Social,2025-04
U104859,2025-06-19,West,Mobile App,Paid Social,2025-06
U104860,2025-06-15,South,Mobile App,Email/Push,2025-06
U104861,2025-01-14,South,Desktop,Organic Search,2025-01
U104862,2025-07-22,West,Mobile App,Organic Search,2025-07
U104863,2025-10-15,South,Mobile Web,Email/Push,2025-10
U104864,2025-07-08,North,Mobile Web,Paid Social,2025-07
U104865,2025-06-04,West,Desktop,Paid Social,2025-06
U104866,2025-02-24,South,Mobile App,Referral,2025-02
U104867,2025-07-01,West,Mobile App,Influencer,2025-07
U104868,2025-07-29,West,Desktop,Referral,2025-07
U104869,2025-03-16,North,Mobile App,Influencer,2025-03
U104870,2025-10-04,North,Mobile App,Organic Search,2025-10
U104871,2025-05-13,South,Mobile Web,Influencer,2025-05
U104872,2025-12-09,South,Mobile App,Organic Search,2025-12
U104873,2025-02-28,East,Desktop,Paid Social,2025-02
U104874,2025-12-11,East,Mobile Web,Organic Search,2025-12
U104875,2025-07-01,South,Mobile App,Referral,2025-07
U104876,2025-12-05,North,Mobile App,Referral,2025-12
U104877,2025-11-17,South,Mobile App,Paid Social,2025-11
U104878,2025-03-05,South,Mobile App,Paid Social,2025-03
U104879,2025-11-23,South,Mobile Web,Paid Social,2025-11
U104880,2025-09-17,North,Mobile App,Email/Push,2025-09
U104881,2025-07-12,East,Mobile App,Paid Social,2025-07
U104882,2025-05-23,North,Desktop,Organic Search,2025-05
U104883,2025-04-14,South,Mobile App,Referral,2025-04
U104884,2025-08-02,East,Mobile App,Influencer,2025-08
U104885,2025-08-30,North,Desktop,Influencer,2025-08
U104886,2025-07-28,South,Mobile App,Influencer,2025-07
U104887,2025-04-03,South,Desktop,Organic Search,2025-04
U104888,2025-05-22,North,Mobile Web,Influencer,2025-05
U104889,2025-04-22,North,Mobile Web,Paid Social,2025-04
U104890,2025-02-28,West,Mobile Web,Organic Search,2025-02
U104891,2025-02-12,South,Mobile App,Influencer,2025-02
U104892,2025-07-26,West,Mobile Web,Paid Social,2025-07
U104893,2025-09-25,South,Mobile Web,Influencer,2025-09
U104894,2025-10-23,South,Mobile App,Organic Search,2025-10
U104895,2025-04-28,South,Mobile App,Organic Search,2025-04
U104896,2025-01-20,South,Desktop,Paid Social,2025-01
U104897,2025-08-10,North,Mobile App,Organic Search,2025-08
U104898,2025-06-15,South,Desktop,Paid Social,2025-06
U104899,2025-05-11,South,Mobile Web,Paid Social,2025-05
U104900,2025-06-05,North,Mobile App,Influencer,2025-06
U104901,2025-07-03,North,Mobile App,Email/Push,2025-07
U104902,2025-03-31,North,Mobile App,Paid Social,2025-03
U104903,2025-04-04,South,Mobile App,Organic Search,2025-04
U104904,2025-01-13,East,Mobile App,Organic Search,2025-01
U104905,2025-11-18,West,Mobile Web,Organic Search,2025-11
U104906,2025-10-20,South,Mobile Web,Organic Search,2025-10
U104907,2025-08-18,North,Mobile Web,Organic Search,2025-08
U104908,2025-11-18,South,Mobile Web,Organic Search,2025-11
U104909,2025-10-19,West,Mobile App,Referral,2025-10
U104910,2025-01-26,North,Mobile Web,Organic Search,2025-01
U104911,2025-03-16,East,Mobile App,Paid Social,2025-03
U104912,2025-12-30,South,Mobile App,Organic Search,2025-12
U104913,2025-10-26,North,Mobile App,Referral,2025-10
U104914,2025-05-30,South,Mobile App,Referral,2025-05
U104915,2025-05-28,North,Mobile App,Organic Search,2025-05
U104916,2025-01-08,West,Mobile App,Referral,2025-01
U104917,2025-01-29,South,Mobile App,Paid Social,2025-01
U104918,2025-10-23,South,Desktop,Organic Search,2025-10
U104919,2025-07-28,South,Mobile App,Referral,2025-07
U104920,2025-05-08,East,Mobile Web,Referral,2025-05
U104921,2025-12-06,South,Mobile App,Organic Search,2025-12
U104922,2025-04-26,North,Mobile App,Organic Search,2025-04
U104923,2025-05-24,South,Mobile App,Referral,2025-05
U104924,2025-11-14,North,Mobile App,Paid Social,2025-11
U104925,2025-08-23,East,Mobile Web,Paid Social,2025-08
U104926,2025-01-07,North,Mobile App,Organic Search,2025-01
U104927,2025-02-14,South,Mobile App,Paid Social,2025-02
U104928,2025-08-27,North,Mobile App,Organic Search,2025-08
U104929,2025-06-04,West,Mobile App,Paid Social,2025-06
U104930,2025-06-30,South,Mobile Web,Influencer,2025-06
U104931,2025-08-03,South,Mobile App,Paid Social,2025-08
U104932,2025-03-29,West,Mobile App,Referral,2025-03
U104933,2025-09-13,South,Mobile App,Referral,2025-09
U104934,2025-03-14,West,Mobile App,Organic Search,2025-03
U104935,2025-06-28,North,Mobile App,Paid Social,2025-06
U104936,2025-07-31,South,Mobile App,Referral,2025-07
U104937,2025-10-20,East,Mobile App,Paid Social,2025-10
U104938,2025-08-22,West,Mobile Web,Paid Social,2025-08
U104939,2025-08-27,North,Mobile Web,Paid Social,2025-08
U104940,2025-08-11,West,Mobile App,Paid Social,2025-08
U104941,2025-04-29,South,Mobile App,Influencer,2025-04
U104942,2025-11-09,West,Mobile App,Referral,2025-11
U104943,2025-09-21,South,Mobile Web,Organic Search,2025-09
U104944,2025-07-26,North,Mobile App,Email/Push,2025-07
U104945,2025-04-05,West,Desktop,Paid Social,2025-04
U104946,2025-08-10,West,Mobile App,Organic Search,2025-08
U104947,2025-10-03,South,Mobile App,Influencer,2025-10
U104948,2025-08-19,North,Mobile Web,Influencer,2025-08
U104949,2025-11-05,North,Mobile App,Paid Social,2025-11
U104950,2025-04-29,South,Mobile App,Referral,2025-04
U104951,2025-09-25,North,Mobile App,Paid Social,2025-09
U104952,2025-09-30,South,Mobile App,Organic Search,2025-09
U104953,2025-03-05,South,Mobile Web,Organic Search,2025-03
U104954,2025-10-25,East,Mobile Web,Influencer,2025-10
U104955,2025-12-16,North,Mobile App,Paid Social,2025-12
U104956,2025-01-11,South,Mobile App,Paid Social,2025-01
U104957,2025-04-08,South,Mobile App,Paid Social,2025-04
U104958,2025-03-12,East,Mobile Web,Paid Social,2025-03
U104959,2025-12-30,South,Mobile App,Paid Social,2025-12
U104960,2025-02-27,South,Mobile App,Email/Push,2025-02
U104961,2025-10-17,East,Mobile App,Paid Social,2025-10
U104962,2025-09-08,West,Mobile App,Paid Social,2025-09
U104963,2025-10-03,East,Mobile Web,Referral,2025-10
U104964,2025-02-19,West,Mobile Web,Influencer,2025-02
U104965,2025-12-24,East,Mobile App,Referral,2025-12
U104966,2025-08-04,East,Mobile Web,Referral,2025-08
U104967,2025-02-21,North,Mobile App,Paid Social,2025-02
U104968,2025-09-28,South,Mobile App,Influencer,2025-09
U104969,2025-03-25,South,Mobile App,Organic Search,2025-03
U104970,2025-10-20,North,Mobile App,Referral,2025-10
U104971,2025-05-06,South,Mobile Web,Email/Push,2025-05
U104972,2025-10-23,South,Desktop,Influencer,2025-10
U104973,2025-03-13,East,Mobile App,Influencer,2025-03
U104974,2025-10-23,South,Mobile App,Paid Social,2025-10
U104975,2025-08-24,South,Mobile App,Organic Search,2025-08
U104976,2025-02-25,West,Mobile Web,Email/Push,2025-02
U104977,2025-12-26,South,Mobile Web,Organic Search,2025-12
U104978,2025-04-20,South,Mobile App,Paid Social,2025-04
U104979,2025-07-11,South,Mobile Web,Referral,2025-07
U104980,2025-04-03,West,Mobile Web,Paid Social,2025-04
U104981,2025-12-16,South,Mobile App,Referral,2025-12
U104982,2025-02-25,East,Mobile App,Influencer,2025-02
U104983,2025-03-01,North,Mobile Web,Organic Search,2025-03
U104984,2025-05-18,South,Mobile App,Organic Search,2025-05
U104985,2025-02-08,North,Mobile App,Paid Social,2025-02
U104986,2025-01-28,East,Mobile App,Influencer,2025-01
U104987,2025-02-18,West,Mobile App,Organic Search,2025-02
U104988,2025-05-05,East,Mobile Web,Organic Search,2025-05
U104989,2025-01-13,East,Mobile App,Referral,2025-01
U104990,2025-02-05,South,Mobile App,Paid Social,2025-02
U104991,2025-04-11,East,Mobile App,Organic Search,2025-04
U104992,2025-10-09,South,Mobile App,Referral,2025-10
U104993,2025-03-27,East,Mobile App,Email/Push,2025-03
U104994,2025-01-04,North,Mobile App,Paid Social,2025-01
U104995,2025-08-11,North,Mobile App,Paid Social,2025-08
U104996,2025-12-04,South,Mobile Web,Organic Search,2025-12
U104997,2025-06-15,South,Desktop,Referral,2025-06
U104998,2025-12-10,North,Desktop,Organic Search,2025-12
U104999,2025-10-05,East,Mobile App,Email/Push,2025-10
U105000,2025-05-10,North,Mobile Web,Paid Social,2025-05
U105001,2025-01-31,North,Mobile App,Paid Social,2025-01
U105002,2025-01-11,East,Mobile Web,Paid Social,2025-01
U105003,2025-10-29,South,Mobile App,Influencer,2025-10
U105004,2025-04-06,East,Mobile Web,Paid Social,2025-04
U105005,2025-07-09,South,Mobile App,Organic Search,2025-07
U105006,2025-07-11,West,Desktop,Organic Search,2025-07
U105007,2025-09-23,South,Mobile Web,Referral,2025-09
U105008,2025-05-08,North,Mobile App,Paid Social,2025-05
U105009,2025-08-26,South,Desktop,Referral,2025-08
U105010,2025-12-21,North,Mobile App,Organic Search,2025-12
U105011,2025-04-22,West,Desktop,Email/Push,2025-04
U105012,2025-11-12,North,Mobile Web,Influencer,2025-11
U105013,2025-12-09,South,Desktop,Organic Search,2025-12
U105014,2025-05-25,North,Mobile App,Email/Push,2025-05
U105015,2025-03-06,West,Mobile App,Paid Social,2025-03
U105016,2025-09-04,South,Mobile Web,Influencer,2025-09
U105017,2025-08-11,West,Desktop,Organic Search,2025-08
U105018,2025-11-09,North,Mobile App,Organic Search,2025-11
U105019,2025-04-16,North,Mobile App,Paid Social,2025-04
U105020,2025-06-30,North,Mobile App,Organic Search,2025-06
U105021,2025-07-03,West,Desktop,Paid Social,2025-07
U105022,2025-08-14,West,Mobile Web,Organic Search,2025-08
U105023,2025-09-22,North,Mobile App,Paid Social,2025-09
U105024,2025-10-05,North,Mobile App,Referral,2025-10
U105025,2025-03-30,East,Mobile App,Organic Search,2025-03
U105026,2025-06-25,North,Mobile App,Referral,2025-06
U105027,2025-01-18,North,Mobile Web,Referral,2025-01
U105028,2025-04-16,North,Mobile App,Paid Social,2025-04
U105029,2025-09-28,North,Mobile Web,Paid Social,2025-09
U105030,2025-11-15,North,Desktop,Organic Search,2025-11
U105031,2025-06-16,North,Mobile App,Influencer,2025-06
U105032,2025-01-13,South,Mobile App,Organic Search,2025-01
U105033,2025-12-03,West,Mobile Web,Referral,2025-12
U105034,2025-02-01,South,Mobile App,Influencer,2025-02
U105035,2025-02-09,East,Desktop,Influencer,2025-02
U105036,2025-05-28,North,Mobile App,Organic Search,2025-05
U105037,2025-08-06,East,Mobile Web,Organic Search,2025-08
U105038,2025-08-07,South,Mobile App,Influencer,2025-08
U105039,2025-03-23,East,Mobile App,Influencer,2025-03
U105040,2025-11-29,North,Mobile App,Referral,2025-11
U105041,2025-07-27,West,Desktop,Organic Search,2025-07
U105042,2025-07-20,North,Desktop,Organic Search,2025-07
U105043,2025-11-28,South,Mobile App,Organic Search,2025-11
U105044,2025-02-07,West,Mobile App,Influencer,2025-02
U105045,2025-07-30,South,Mobile App,Organic Search,2025-07
U105046,2025-11-23,South,Mobile App,Paid Social,2025-11
U105047,2025-09-06,West,Mobile Web,Paid Social,2025-09
U105048,2025-08-15,South,Mobile App,Influencer,2025-08
U105049,2025-02-17,North,Mobile Web,Referral,2025-02
U105050,2025-01-18,West,Mobile Web,Organic Search,2025-01
U105051,2025-10-22,North,Mobile App,Paid Social,2025-10
U105052,2025-07-15,West,Mobile Web,Organic Search,2025-07
U105053,2025-07-06,North,Mobile App,Paid Social,2025-07
U105054,2025-12-11,East,Mobile App,Organic Search,2025-12
U105055,2025-08-12,South,Mobile Web,Referral,2025-08
U105056,2025-11-14,West,Mobile App,Organic Search,2025-11
U105057,2025-12-03,South,Mobile App,Email/Push,2025-12
U105058,2025-08-17,North,Desktop,Paid Social,2025-08
U105059,2025-03-18,East,Mobile Web,Paid Social,2025-03
U105060,2025-07-07,North,Mobile App,Paid Social,2025-07
U105061,2025-12-12,West,Mobile Web,Paid Social,2025-12
U105062,2025-09-27,West,Mobile App,Paid Social,2025-09
U105063,2025-04-05,South,Desktop,Referral,2025-04
U105064,2025-11-06,West,Mobile App,Organic Search,2025-11
U105065,2025-05-12,North,Mobile Web,Email/Push,2025-05
U105066,2025-02-08,South,Mobile Web,Paid Social,2025-02
U105067,2025-03-13,South,Mobile App,Referral,2025-03
U105068,2025-10-08,East,Mobile Web,Email/Push,2025-10
U105069,2025-11-29,North,Desktop,Paid Social,2025-11
U105070,2025-06-09,East,Mobile Web,Organic Search,2025-06
U105071,2025-07-06,North,Mobile App,Referral,2025-07
U105072,2025-07-10,East,Mobile App,Referral,2025-07
U105073,2025-04-30,North,Desktop,Organic Search,2025-04
U105074,2025-08-08,West,Mobile App,Paid Social,2025-08
U105075,2025-02-22,North,Mobile Web,Referral,2025-02
U105076,2025-08-10,South,Mobile App,Referral,2025-08
U105077,2025-05-11,North,Mobile App,Paid Social,2025-05
U105078,2025-08-25,East,Mobile App,Email/Push,2025-08
U105079,2025-09-03,South,Desktop,Organic Search,2025-09
U105080,2025-08-14,East,Mobile App,Organic Search,2025-08
U105081,2025-07-27,South,Mobile App,Influencer,2025-07
U105082,2025-04-06,East,Desktop,Referral,2025-04
U105083,2025-07-19,North,Mobile App,Paid Social,2025-07
U105084,2025-09-04,South,Mobile Web,Organic Search,2025-09
U105085,2025-03-13,South,Mobile App,Influencer,2025-03
U105086,2025-11-14,North,Desktop,Referral,2025-11
U105087,2025-07-04,North,Mobile App,Email/Push,2025-07
U105088,2025-01-06,West,Mobile Web,Paid Social,2025-01
U105089,2025-07-25,West,Mobile App,Paid Social,2025-07
U105090,2025-02-01,East,Mobile App,Organic Search,2025-02
U105091,2025-04-09,North,Mobile App,Organic Search,2025-04
U105092,2025-09-13,North,Desktop,Paid Social,2025-09
U105093,2025-07-06,East,Mobile App,Influencer,2025-07
U105094,2025-03-17,North,Mobile Web,Paid Social,2025-03
U105095,2025-06-26,West,Mobile App,Paid Social,2025-06
U105096,2025-11-11,North,Mobile App,Email/Push,2025-11
U105097,2025-10-14,West,Mobile App,Organic Search,2025-10
U105098,2025-12-15,South,Mobile Web,Email/Push,2025-12
U105099,2025-09-12,East,Mobile Web,Paid Social,2025-09
U105100,2025-11-21,North,Desktop,Paid Social,2025-11
U105101,2025-07-09,West,Desktop,Influencer,2025-07
U105102,2025-11-04,North,Mobile App,Influencer,2025-11
U105103,2025-12-11,East,Mobile Web,Organic Search,2025-12
U105104,2025-05-07,West,Mobile App,Paid Social,2025-05
U105105,2025-10-14,North,Desktop,Referral,2025-10
U105106,2025-09-11,South,Mobile App,Paid Social,2025-09
U105107,2025-08-01,South,Mobile Web,Influencer,2025-08
U105108,2025-09-07,South,Mobile App,Paid Social,2025-09
U105109,2025-03-25,South,Mobile App,Influencer,2025-03
U105110,2025-01-13,South,Mobile App,Organic Search,2025-01
U105111,2025-02-14,South,Mobile App,Organic Search,2025-02
U105112,2025-05-07,East,Mobile App,Influencer,2025-05
U105113,2025-04-24,East,Mobile Web,Paid Social,2025-04
U105114,2025-10-03,North,Mobile Web,Influencer,2025-10
U105115,2025-07-24,West,Mobile App,Paid Social,2025-07
U105116,2025-12-03,West,Mobile App,Organic Search,2025-12
U105117,2025-09-30,South,Mobile App,Organic Search,2025-09
U105118,2025-02-27,South,Desktop,Influencer,2025-02
U105119,2025-11-24,South,Mobile App,Paid Social,2025-11
U105120,2025-08-07,East,Mobile App,Organic Search,2025-08
U105121,2025-04-19,East,Mobile App,Referral,2025-04
U105122,2025-10-06,North,Mobile App,Paid Social,2025-10
U105123,2025-06-23,East,Mobile App,Paid Social,2025-06
U105124,2025-11-24,North,Mobile App,Organic Search,2025-11
U105125,2025-09-21,North,Mobile App,Paid Social,2025-09
U105126,2025-11-11,East,Mobile App,Organic Search,2025-11
U105127,2025-04-21,East,Mobile App,Influencer,2025-04
U105128,2025-07-06,South,Mobile Web,Influencer,2025-07
U105129,2025-09-26,South,Mobile App,Organic Search,2025-09
U105130,2025-08-17,West,Mobile App,Organic Search,2025-08
U105131,2025-06-05,South,Mobile App,Paid Social,2025-06
U105132,2025-07-08,East,Desktop,Organic Search,2025-07
U105133,2025-09-29,North,Mobile Web,Email/Push,2025-09
U105134,2025-01-02,North,Mobile Web,Paid Social,2025-01
U105135,2025-09-03,South,Mobile App,Organic Search,2025-09
U105136,2025-07-29,South,Mobile App,Influencer,2025-07
U105137,2025-10-13,East,Mobile App,Organic Search,2025-10
U105138,2025-12-25,South,Mobile App,Organic Search,2025-12
U105139,2025-01-13,South,Mobile App,Paid Social,2025-01
U105140,2025-04-06,North,Desktop,Organic Search,2025-04
U105141,2025-08-09,North,Desktop,Paid Social,2025-08
U105142,2025-08-26,West,Mobile App,Referral,2025-08
U105143,2025-04-04,East,Mobile App,Organic Search,2025-04
U105144,2025-12-04,North,Mobile App,Influencer,2025-12
U105145,2025-09-26,East,Mobile App,Paid Social,2025-09
U105146,2025-06-20,East,Desktop,Organic Search,2025-06
U105147,2025-04-04,East,Mobile App,Organic Search,2025-04
U105148,2025-05-29,North,Desktop,Paid Social,2025-05
U105149,2025-04-22,South,Mobile App,Organic Search,2025-04
U105150,2025-02-24,North,Mobile App,Paid Social,2025-02
U105151,2025-12-03,West,Mobile App,Paid Social,2025-12
U105152,2025-04-26,East,Mobile Web,Paid Social,2025-04
U105153,2025-05-23,South,Mobile App,Organic Search,2025-05
U105154,2025-07-20,South,Mobile App,Email/Push,2025-07
U105155,2025-06-29,North,Mobile App,Paid Social,2025-06
U105156,2025-07-21,North,Mobile App,Influencer,2025-07
U105157,2025-12-30,West,Mobile App,Organic Search,2025-12
U105158,2025-02-22,North,Mobile App,Organic Search,2025-02
U105159,2025-06-29,North,Mobile Web,Organic Search,2025-06
U105160,2025-11-09,West,Mobile Web,Email/Push,2025-11
U105161,2025-11-04,South,Mobile App,Influencer,2025-11
U105162,2025-05-17,West,Mobile Web,Email/Push,2025-05
U105163,2025-07-01,North,Mobile App,Influencer,2025-07
U105164,2025-01-01,South,Mobile Web,Paid Social,2025-01
U105165,2025-02-13,South,Mobile App,Email/Push,2025-02
U105166,2025-08-15,East,Mobile App,Email/Push,2025-08
U105167,2025-11-27,North,Mobile App,Paid Social,2025-11
U105168,2025-04-08,South,Mobile Web,Influencer,2025-04
U105169,2025-07-27,West,Mobile App,Referral,2025-07
U105170,2025-09-22,South,Mobile App,Email/Push,2025-09
U105171,2025-10-15,South,Mobile App,Influencer,2025-10
U105172,2025-09-28,North,Mobile App,Influencer,2025-09
U105173,2025-05-20,North,Mobile Web,Influencer,2025-05
U105174,2025-08-25,East,Mobile App,Paid Social,2025-08
U105175,2025-03-13,East,Desktop,Paid Social,2025-03
U105176,2025-06-04,West,Mobile App,Paid Social,2025-06
U105177,2025-07-09,East,Mobile App,Paid Social,2025-07
U105178,2025-09-25,South,Mobile Web,Organic Search,2025-09
U105179,2025-11-17,West,Mobile Web,Referral,2025-11
U105180,2025-04-17,North,Mobile App,Organic Search,2025-04
U105181,2025-08-20,South,Mobile App,Referral,2025-08
U105182,2025-02-11,South,Mobile Web,Influencer,2025-02
U105183,2025-07-09,North,Mobile App,Referral,2025-07
U105184,2025-05-19,East,Mobile Web,Organic Search,2025-05
U105185,2025-04-13,South,Mobile App,Paid Social,2025-04
U105186,2025-06-20,South,Desktop,Paid Social,2025-06
U105187,2025-12-17,South,Mobile App,Organic Search,2025-12
U105188,2025-09-30,South,Mobile App,Referral,2025-09
U105189,2025-08-09,North,Mobile App,Organic Search,2025-08
U105190,2025-08-01,East,Desktop,Referral,2025-08
U105191,2025-12-07,South,Mobile Web,Paid Social,2025-12
U105192,2025-02-25,West,Mobile App,Paid Social,2025-02
U105193,2025-12-08,North,Mobile App,Influencer,2025-12
U105194,2025-04-12,North,Mobile App,Paid Social,2025-04
U105195,2025-07-11,East,Mobile App,Organic Search,2025-07
U105196,2025-11-06,West,Mobile App,Influencer,2025-11
U105197,2025-07-19,South,Mobile App,Paid Social,2025-07
U105198,2025-08-21,East,Mobile App,Organic Search,2025-08
U105199,2025-08-15,West,Mobile App,Referral,2025-08
U105200,2025-05-19,West,Mobile Web,Referral,2025-05
U105201,2025-12-10,East,Mobile App,Paid Social,2025-12
U105202,2025-11-01,East,Mobile App,Influencer,2025-11
U105203,2025-05-29,North,Mobile App,Paid Social,2025-05
U105204,2025-04-25,West,Mobile App,Organic Search,2025-04
U105205,2025-03-04,South,Mobile Web,Organic Search,2025-03
U105206,2025-04-14,West,Mobile Web,Paid Social,2025-04
U105207,2025-12-05,North,Mobile App,Paid Social,2025-12
U105208,2025-12-25,South,Mobile App,Paid Social,2025-12
U105209,2025-06-05,South,Desktop,Organic Search,2025-06
U105210,2025-09-30,South,Mobile App,Paid Social,2025-09
U105211,2025-01-06,North,Mobile App,Influencer,2025-01
U105212,2025-05-27,South,Mobile Web,Paid Social,2025-05
U105213,2025-07-03,East,Mobile App,Influencer,2025-07
U105214,2025-01-28,East,Mobile App,Influencer,2025-01
U105215,2025-02-07,North,Mobile App,Organic Search,2025-02
U105216,2025-04-29,East,Mobile App,Organic Search,2025-04
U105217,2025-10-20,North,Mobile App,Paid Social,2025-10
U105218,2025-09-01,North,Mobile App,Email/Push,2025-09
U105219,2025-03-09,East,Desktop,Referral,2025-03
U105220,2025-08-02,West,Mobile App,Email/Push,2025-08
U105221,2025-08-06,South,Mobile App,Organic Search,2025-08
U105222,2025-06-26,South,Mobile App,Influencer,2025-06
U105223,2025-10-26,South,Mobile Web,Organic Search,2025-10
U105224,2025-06-13,South,Mobile App,Influencer,2025-06
U105225,2025-02-27,North,Mobile Web,Paid Social,2025-02
U105226,2025-09-26,West,Mobile Web,Referral,2025-09
U105227,2025-11-04,West,Mobile Web,Referral,2025-11
U105228,2025-02-27,East,Mobile App,Referral,2025-02
U105229,2025-10-15,South,Mobile Web,Organic Search,2025-10
U105230,2025-04-15,West,Mobile App,Referral,2025-04
U105231,2025-08-16,South,Mobile App,Paid Social,2025-08
U105232,2025-09-04,South,Mobile App,Organic Search,2025-09
U105233,2025-07-07,North,Desktop,Organic Search,2025-07
U105234,2025-03-24,East,Mobile App,Paid Social,2025-03
U105235,2025-07-05,West,Mobile Web,Influencer,2025-07
U105236,2025-09-09,North,Mobile App,Paid Social,2025-09
U105237,2025-12-21,North,Mobile App,Paid Social,2025-12
U105238,2025-08-26,South,Mobile Web,Organic Search,2025-08
U105239,2025-12-26,West,Mobile App,Influencer,2025-12
U105240,2025-07-03,South,Mobile Web,Organic Search,2025-07
U105241,2025-10-11,North,Mobile Web,Influencer,2025-10
U105242,2025-07-29,East,Mobile App,Organic Search,2025-07
U105243,2025-10-31,South,Mobile App,Influencer,2025-10
U105244,2025-10-23,North,Mobile App,Paid Social,2025-10
U105245,2025-04-07,North,Mobile App,Influencer,2025-04
U105246,2025-07-27,East,Mobile App,Organic Search,2025-07
U105247,2025-05-17,South,Mobile App,Organic Search,2025-05
U105248,2025-07-03,West,Desktop,Paid Social,2025-07
U105249,2025-03-17,East,Mobile App,Email/Push,2025-03
U105250,2025-10-14,North,Mobile Web,Referral,2025-10
U105251,2025-05-22,South,Mobile App,Influencer,2025-05
U105252,2025-08-25,South,Mobile App,Paid Social,2025-08
U105253,2025-01-25,North,Mobile App,Paid Social,2025-01
U105254,2025-10-17,West,Mobile Web,Paid Social,2025-10
U105255,2025-03-08,West,Mobile App,Organic Search,2025-03
U105256,2025-09-07,North,Mobile Web,Influencer,2025-09
U105257,2025-04-28,North,Mobile App,Organic Search,2025-04
U105258,2025-03-14,North,Mobile App,Paid Social,2025-03
U105259,2025-10-09,South,Mobile App,Organic Search,2025-10
U105260,2025-12-26,South,Mobile App,Referral,2025-12
U105261,2025-01-10,South,Mobile App,Paid Social,2025-01
U105262,2025-07-30,West,Mobile Web,Email/Push,2025-07
U105263,2025-11-19,North,Desktop,Paid Social,2025-11
U105264,2025-06-01,South,Mobile Web,Referral,2025-06
U105265,2025-01-05,West,Mobile Web,Organic Search,2025-01
U105266,2025-07-14,South,Desktop,Paid Social,2025-07
U105267,2025-10-10,North,Desktop,Referral,2025-10
U105268,2025-04-23,North,Mobile App,Organic Search,2025-04
U105269,2025-09-28,South,Mobile App,Referral,2025-09
U105270,2025-06-12,West,Mobile App,Referral,2025-06
U105271,2025-04-15,West,Mobile App,Paid Social,2025-04
U105272,2025-06-30,West,Desktop,Influencer,2025-06
U105273,2025-02-13,West,Mobile App,Referral,2025-02
U105274,2025-10-09,South,Mobile Web,Influencer,2025-10
U105275,2025-06-24,West,Mobile Web,Organic Search,2025-06
U105276,2025-06-11,West,Mobile App,Paid Social,2025-06
U105277,2025-12-17,South,Mobile App,Paid Social,2025-12
U105278,2025-12-06,North,Mobile App,Influencer,2025-12
U105279,2025-05-20,South,Mobile App,Email/Push,2025-05
U105280,2025-05-12,North,Mobile App,Organic Search,2025-05
U105281,2025-03-28,North,Mobile App,Paid Social,2025-03
U105282,2025-06-25,West,Mobile App,Referral,2025-06
U105283,2025-07-02,West,Mobile App,Influencer,2025-07
U105284,2025-05-09,North,Mobile App,Influencer,2025-05
U105285,2025-09-03,South,Mobile App,Paid Social,2025-09
U105286,2025-03-30,West,Desktop,Paid Social,2025-03
U105287,2025-03-07,East,Mobile App,Organic Search,2025-03
U105288,2025-06-07,South,Desktop,Paid Social,2025-06
U105289,2025-05-29,East,Mobile Web,Influencer,2025-05
U105290,2025-12-06,West,Mobile Web,Organic Search,2025-12
U105291,2025-04-26,West,Mobile App,Influencer,2025-04
U105292,2025-08-02,South,Mobile App,Paid Social,2025-08
U105293,2025-10-21,North,Mobile App,Referral,2025-10
U105294,2025-09-10,West,Mobile App,Organic Search,2025-09
U105295,2025-05-23,North,Desktop,Organic Search,2025-05
U105296,2025-09-07,East,Mobile App,Organic Search,2025-09
U105297,2025-10-29,North,Desktop,Organic Search,2025-10
U105298,2025-01-25,South,Mobile Web,Influencer,2025-01
U105299,2025-10-04,South,Mobile App,Paid Social,2025-10
U105300,2025-03-11,North,Mobile Web,Influencer,2025-03
U105301,2025-04-23,West,Mobile App,Email/Push,2025-04
U105302,2025-12-29,North,Mobile App,Referral,2025-12
U105303,2025-04-22,West,Mobile App,Referral,2025-04
U105304,2025-12-30,West,Desktop,Paid Social,2025-12
U105305,2025-10-30,South,Mobile App,Organic Search,2025-10
U105306,2025-04-01,East,Mobile Web,Referral,2025-04
U105307,2025-01-18,North,Mobile App,Organic Search,2025-01
U105308,2025-05-29,East,Mobile App,Organic Search,2025-05
U105309,2025-08-15,South,Mobile App,Email/Push,2025-08
U105310,2025-08-02,South,Mobile App,Organic Search,2025-08
U105311,2025-12-26,South,Mobile App,Email/Push,2025-12
U105312,2025-05-31,East,Mobile App,Organic Search,2025-05
U105313,2025-07-11,West,Mobile Web,Influencer,2025-07
U105314,2025-02-09,North,Mobile App,Referral,2025-02
U105315,2025-08-30,South,Desktop,Referral,2025-08
U105316,2025-05-18,North,Mobile App,Paid Social,2025-05
U105317,2025-12-11,West,Mobile App,Paid Social,2025-12
U105318,2025-06-29,North,Mobile App,Organic Search,2025-06
U105319,2025-07-19,East,Mobile App,Influencer,2025-07
U105320,2025-07-22,North,Desktop,Organic Search,2025-07
U105321,2025-03-02,South,Mobile Web,Paid Social,2025-03
U105322,2025-07-11,West,Mobile Web,Paid Social,2025-07
U105323,2025-01-05,East,Desktop,Referral,2025-01
U105324,2025-08-25,East,Mobile Web,Organic Search,2025-08
U105325,2025-06-30,South,Mobile Web,Email/Push,2025-06
U105326,2025-11-07,West,Mobile Web,Organic Search,2025-11
U105327,2025-02-06,South,Mobile App,Organic Search,2025-02
U105328,2025-02-25,West,Mobile App,Organic Search,2025-02
U105329,2025-08-25,South,Mobile Web,Influencer,2025-08
U105330,2025-12-24,South,Mobile App,Organic Search,2025-12
U105331,2025-12-15,North,Desktop,Paid Social,2025-12
U105332,2025-07-16,South,Mobile App,Paid Social,2025-07
U105333,2025-03-14,North,Desktop,Referral,2025-03
U105334,2025-02-28,West,Mobile App,Paid Social,2025-02
U105335,2025-08-28,East,Mobile App,Paid Social,2025-08
U105336,2025-01-02,West,Mobile App,Paid Social,2025-01
U105337,2025-12-26,North,Desktop,Email/Push,2025-12
U105338,2025-07-07,North,Mobile App,Paid Social,2025-07
U105339,2025-11-03,West,Mobile Web,Referral,2025-11
U105340,2025-01-30,South,Mobile Web,Referral,2025-01
U105341,2025-09-24,South,Mobile App,Referral,2025-09
U105342,2025-04-18,West,Desktop,Influencer,2025-04
U105343,2025-11-28,South,Mobile App,Organic Search,2025-11
U105344,2025-03-31,North,Mobile App,Organic Search,2025-03
U105345,2025-07-24,West,Mobile App,Paid Social,2025-07
U105346,2025-08-08,North,Mobile App,Organic Search,2025-08
U105347,2025-04-04,West,Mobile App,Email/Push,2025-04
U105348,2025-04-13,North,Mobile Web,Email/Push,2025-04
U105349,2025-08-11,East,Desktop,Referral,2025-08
U105350,2025-07-05,North,Mobile App,Influencer,2025-07
U105351,2025-07-03,East,Mobile App,Email/Push,2025-07
U105352,2025-06-11,North,Desktop,Influencer,2025-06
U105353,2025-09-04,West,Mobile App,Organic Search,2025-09
U105354,2025-01-31,South,Mobile App,Organic Search,2025-01
U105355,2025-02-21,North,Mobile App,Email/Push,2025-02
U105356,2025-12-11,East,Mobile App,Referral,2025-12
U105357,2025-03-17,South,Mobile Web,Influencer,2025-03
U105358,2025-10-05,North,Desktop,Paid Social,2025-10
U105359,2025-02-09,North,Mobile App,Paid Social,2025-02
U105360,2025-04-11,South,Mobile Web,Organic Search,2025-04
U105361,2025-04-21,North,Mobile Web,Paid Social,2025-04
U105362,2025-11-17,North,Mobile App,Influencer,2025-11
U105363,2025-09-06,North,Mobile App,Paid Social,2025-09
U105364,2025-07-10,East,Mobile Web,Organic Search,2025-07
U105365,2025-07-01,South,Mobile App,Paid Social,2025-07
U105366,2025-12-01,North,Mobile App,Paid Social,2025-12
U105367,2025-07-28,West,Desktop,Paid Social,2025-07
U105368,2025-01-22,West,Mobile Web,Email/Push,2025-01
U105369,2025-06-15,North,Desktop,Influencer,2025-06
U105370,2025-04-09,North,Mobile App,Referral,2025-04
U105371,2025-07-27,West,Mobile Web,Influencer,2025-07
U105372,2025-01-08,South,Mobile App,Email/Push,2025-01
U105373,2025-07-09,South,Desktop,Organic Search,2025-07
U105374,2025-06-24,South,Desktop,Paid Social,2025-06
U105375,2025-09-30,East,Desktop,Paid Social,2025-09
U105376,2025-01-17,North,Desktop,Paid Social,2025-01
U105377,2025-03-31,East,Mobile App,Paid Social,2025-03
U105378,2025-05-21,East,Mobile Web,Organic Search,2025-05
U105379,2025-05-25,South,Mobile App,Paid Social,2025-05
U105380,2025-06-15,West,Mobile Web,Influencer,2025-06
U105381,2025-12-03,North,Desktop,Influencer,2025-12
U105382,2025-03-19,South,Mobile App,Paid Social,2025-03
U105383,2025-09-19,South,Mobile App,Influencer,2025-09
U105384,2025-06-12,South,Mobile Web,Influencer,2025-06
U105385,2025-01-14,North,Mobile App,Paid Social,2025-01
U105386,2025-08-27,South,Mobile App,Referral,2025-08
U105387,2025-03-13,North,Mobile App,Paid Social,2025-03
U105388,2025-05-23,North,Mobile App,Paid Social,2025-05
U105389,2025-11-06,North,Mobile Web,Organic Search,2025-11
U105390,2025-10-10,East,Mobile App,Organic Search,2025-10
U105391,2025-09-26,North,Mobile App,Paid Social,2025-09
U105392,2025-08-29,East,Desktop,Organic Search,2025-08
U105393,2025-09-02,North,Mobile Web,Email/Push,2025-09
U105394,2025-06-12,North,Mobile App,Referral,2025-06
U105395,2025-03-01,South,Mobile App,Referral,2025-03
U105396,2025-01-06,North,Mobile Web,Referral,2025-01
U105397,2025-07-16,South,Mobile App,Referral,2025-07
U105398,2025-02-27,South,Mobile Web,Paid Social,2025-02
U105399,2025-11-01,West,Mobile Web,Email/Push,2025-11
U105400,2025-08-05,West,Mobile App,Influencer,2025-08
U105401,2025-01-26,South,Desktop,Paid Social,2025-01
U105402,2025-10-30,West,Mobile App,Organic Search,2025-10
U105403,2025-01-05,North,Mobile App,Organic Search,2025-01
U105404,2025-01-20,South,Desktop,Paid Social,2025-01
U105405,2025-07-17,East,Mobile App,Paid Social,2025-07
U105406,2025-02-28,North,Mobile Web,Paid Social,2025-02
U105407,2025-08-30,North,Mobile Web,Influencer,2025-08
U105408,2025-05-26,North,Mobile App,Paid Social,2025-05
U105409,2025-09-30,South,Desktop,Paid Social,2025-09
U105410,2025-09-06,South,Mobile App,Paid Social,2025-09
U105411,2025-01-14,South,Mobile App,Influencer,2025-01
U105412,2025-01-13,South,Desktop,Email/Push,2025-01
U105413,2025-02-13,South,Mobile App,Organic Search,2025-02
U105414,2025-01-19,East,Mobile Web,Paid Social,2025-01
U105415,2025-03-04,North,Mobile Web,Organic Search,2025-03
U105416,2025-08-27,East,Mobile App,Influencer,2025-08
U105417,2025-12-03,East,Mobile App,Referral,2025-12
U105418,2025-04-10,East,Mobile App,Referral,2025-04
U105419,2025-06-12,East,Desktop,Paid Social,2025-06
U105420,2025-05-02,South,Mobile App,Paid Social,2025-05
U105421,2025-02-13,North,Mobile App,Paid Social,2025-02
U105422,2025-12-26,South,Mobile App,Email/Push,2025-12
U105423,2025-11-13,West,Mobile App,Organic Search,2025-11
U105424,2025-05-25,South,Mobile Web,Referral,2025-05
U105425,2025-11-23,North,Desktop,Influencer,2025-11
U105426,2025-12-29,North,Mobile App,Influencer,2025-12
U105427,2025-02-19,West,Mobile App,Paid Social,2025-02
U105428,2025-03-06,North,Mobile Web,Paid Social,2025-03
U105429,2025-12-21,North,Mobile App,Email/Push,2025-12
U105430,2025-10-15,South,Desktop,Email/Push,2025-10
U105431,2025-06-13,West,Mobile App,Organic Search,2025-06
U105432,2025-05-21,South,Mobile App,Influencer,2025-05
U105433,2025-11-10,South,Desktop,Paid Social,2025-11
U105434,2025-05-08,East,Mobile App,Paid Social,2025-05
U105435,2025-08-27,North,Mobile App,Organic Search,2025-08
U105436,2025-11-20,West,Mobile App,Influencer,2025-11
U105437,2025-10-23,South,Desktop,Referral,2025-10
U105438,2025-07-06,South,Mobile Web,Referral,2025-07
U105439,2025-07-27,West,Mobile App,Paid Social,2025-07
U105440,2025-08-08,West,Mobile Web,Paid Social,2025-08
U105441,2025-07-09,South,Mobile App,Email/Push,2025-07
U105442,2025-12-12,North,Mobile App,Paid Social,2025-12
U105443,2025-10-11,West,Mobile Web,Referral,2025-10
U105444,2025-12-18,South,Mobile Web,Referral,2025-12
U105445,2025-08-25,West,Mobile App,Referral,2025-08
U105446,2025-07-13,West,Mobile App,Email/Push,2025-07
U105447,2025-10-14,North,Mobile App,Organic Search,2025-10
U105448,2025-09-16,West,Mobile Web,Referral,2025-09
U105449,2025-09-03,South,Mobile Web,Paid Social,2025-09
U105450,2025-05-16,East,Mobile Web,Organic Search,2025-05
U105451,2025-10-07,North,Mobile Web,Organic Search,2025-10
U105452,2025-09-28,West,Mobile Web,Paid Social,2025-09
U105453,2025-06-20,East,Desktop,Influencer,2025-06
U105454,2025-06-08,East,Mobile App,Referral,2025-06
U105455,2025-07-20,West,Mobile App,Paid Social,2025-07
U105456,2025-02-14,South,Mobile App,Paid Social,2025-02
U105457,2025-09-21,South,Mobile App,Paid Social,2025-09
U105458,2025-03-12,West,Mobile Web,Referral,2025-03
U105459,2025-12-30,East,Desktop,Influencer,2025-12
U105460,2025-04-13,West,Mobile App,Organic Search,2025-04
U105461,2025-05-05,West,Desktop,Paid Social,2025-05
U105462,2025-11-09,South,Mobile App,Paid Social,2025-11
U105463,2025-10-13,South,Mobile App,Organic Search,2025-10
U105464,2025-08-18,North,Mobile App,Referral,2025-08
U105465,2025-05-26,East,Mobile App,Paid Social,2025-05
U105466,2025-07-16,South,Mobile App,Paid Social,2025-07
U105467,2025-08-09,West,Mobile App,Paid Social,2025-08
U105468,2025-03-01,North,Desktop,Organic Search,2025-03
U105469,2025-04-08,North,Mobile Web,Organic Search,2025-04
U105470,2025-06-20,North,Mobile App,Influencer,2025-06
U105471,2025-06-22,North,Mobile App,Referral,2025-06
U105472,2025-05-31,East,Desktop,Referral,2025-05
U105473,2025-12-16,North,Mobile App,Paid Social,2025-12
U105474,2025-05-02,North,Desktop,Paid Social,2025-05
U105475,2025-04-18,North,Mobile App,Organic Search,2025-04
U105476,2025-01-04,West,Mobile App,Paid Social,2025-01
U105477,2025-04-03,West,Mobile Web,Organic Search,2025-04
U105478,2025-01-06,North,Mobile App,Paid Social,2025-01
U105479,2025-10-15,East,Mobile Web,Paid Social,2025-10
U105480,2025-04-16,South,Mobile App,Paid Social,2025-04
U105481,2025-05-26,North,Mobile Web,Influencer,2025-05
U105482,2025-09-28,East,Mobile Web,Organic Search,2025-09
U105483,2025-04-06,North,Mobile App,Paid Social,2025-04
U105484,2025-08-17,East,Mobile App,Paid Social,2025-08
U105485,2025-07-21,North,Mobile App,Referral,2025-07
U105486,2025-07-31,West,Mobile App,Referral,2025-07
U105487,2025-01-06,North,Mobile Web,Paid Social,2025-01
U105488,2025-04-22,South,Mobile App,Influencer,2025-04
U105489,2025-11-19,West,Mobile App,Organic Search,2025-11
U105490,2025-04-16,North,Mobile App,Referral,2025-04
U105491,2025-05-19,South,Mobile App,Referral,2025-05
U105492,2025-10-26,South,Mobile App,Influencer,2025-10
U105493,2025-04-06,South,Mobile App,Referral,2025-04
U105494,2025-12-03,North,Mobile Web,Paid Social,2025-12
U105495,2025-10-24,North,Mobile Web,Organic Search,2025-10
U105496,2025-08-02,East,Desktop,Paid Social,2025-08
U105497,2025-10-18,South,Mobile App,Email/Push,2025-10
U105498,2025-01-22,East,Mobile Web,Paid Social,2025-01
U105499,2025-07-12,North,Mobile Web,Organic Search,2025-07
U105500,2025-05-30,South,Mobile App,Paid Social,2025-05
U105501,2025-09-04,South,Mobile Web,Paid Social,2025-09
U105502,2025-09-24,South,Mobile Web,Organic Search,2025-09
U105503,2025-09-08,South,Mobile App,Organic Search,2025-09
U105504,2025-01-03,South,Mobile Web,Organic Search,2025-01
U105505,2025-11-12,North,Mobile App,Paid Social,2025-11
U105506,2025-03-17,North,Mobile App,Referral,2025-03
U105507,2025-03-28,South,Mobile App,Paid Social,2025-03
U105508,2025-09-27,North,Desktop,Organic Search,2025-09
U105509,2025-08-13,East,Mobile App,Referral,2025-08
U105510,2025-01-18,South,Mobile App,Organic Search,2025-01
U105511,2025-04-23,South,Mobile App,Paid Social,2025-04
U105512,2025-09-08,South,Mobile Web,Influencer,2025-09
U105513,2025-08-21,North,Mobile Web,Paid Social,2025-08
U105514,2025-11-25,South,Mobile App,Paid Social,2025-11
U105515,2025-10-06,West,Mobile Web,Organic Search,2025-10
U105516,2025-07-21,East,Mobile App,Paid Social,2025-07
U105517,2025-03-24,East,Mobile App,Paid Social,2025-03
U105518,2025-05-05,West,Mobile App,Referral,2025-05
U105519,2025-06-24,South,Mobile Web,Influencer,2025-06
U105520,2025-03-10,North,Mobile Web,Organic Search,2025-03
U105521,2025-02-16,East,Mobile Web,Paid Social,2025-02
U105522,2025-09-13,North,Mobile App,Paid Social,2025-09
U105523,2025-08-03,South,Mobile App,Organic Search,2025-08
U105524,2025-01-30,East,Mobile App,Organic Search,2025-01
U105525,2025-10-08,West,Desktop,Paid Social,2025-10
U105526,2025-08-25,South,Mobile App,Influencer,2025-08
U105527,2025-09-05,South,Mobile App,Paid Social,2025-09
U105528,2025-01-25,East,Mobile Web,Paid Social,2025-01
U105529,2025-03-15,West,Mobile App,Paid Social,2025-03
U105530,2025-07-25,East,Desktop,Referral,2025-07
U105531,2025-11-10,West,Mobile Web,Paid Social,2025-11
U105532,2025-04-04,North,Mobile Web,Paid Social,2025-04
U105533,2025-05-07,South,Mobile App,Paid Social,2025-05
U105534,2025-01-25,North,Mobile App,Influencer,2025-01
U105535,2025-11-30,North,Mobile App,Organic Search,2025-11
U105536,2025-12-21,West,Mobile App,Paid Social,2025-12
U105537,2025-04-26,West,Mobile Web,Influencer,2025-04
U105538,2025-02-17,North,Mobile App,Paid Social,2025-02
U105539,2025-08-14,North,Mobile Web,Organic Search,2025-08
U105540,2025-09-23,North,Mobile App,Organic Search,2025-09
U105541,2025-04-09,West,Mobile Web,Organic Search,2025-04
U105542,2025-01-11,South,Mobile App,Paid Social,2025-01
U105543,2025-03-26,North,Mobile App,Influencer,2025-03
U105544,2025-08-02,North,Mobile App,Organic Search,2025-08
U105545,2025-06-22,South,Desktop,Email/Push,2025-06
U105546,2025-07-28,West,Mobile App,Referral,2025-07
U105547,2025-03-05,South,Mobile App,Email/Push,2025-03
U105548,2025-09-15,South,Mobile App,Organic Search,2025-09
U105549,2025-11-28,North,Mobile App,Paid Social,2025-11
U105550,2025-05-01,South,Mobile Web,Referral,2025-05
U105551,2025-10-25,East,Mobile Web,Influencer,2025-10
U105552,2025-02-23,North,Mobile App,Influencer,2025-02
U105553,2025-11-27,South,Mobile App,Paid Social,2025-11
U105554,2025-09-29,West,Mobile App,Organic Search,2025-09
U105555,2025-08-29,North,Desktop,Influencer,2025-08
U105556,2025-08-31,East,Mobile App,Influencer,2025-08
U105557,2025-01-18,South,Mobile Web,Paid Social,2025-01
U105558,2025-07-06,South,Mobile Web,Referral,2025-07
U105559,2025-12-12,East,Desktop,Organic Search,2025-12
U105560,2025-05-24,West,Desktop,Paid Social,2025-05
U105561,2025-09-19,South,Mobile App,Email/Push,2025-09
U105562,2025-12-30,North,Desktop,Organic Search,2025-12
U105563,2025-08-27,South,Desktop,Referral,2025-08
U105564,2025-10-31,South,Mobile App,Influencer,2025-10
U105565,2025-10-25,South,Mobile Web,Paid Social,2025-10
U105566,2025-03-17,East,Mobile Web,Influencer,2025-03
U105567,2025-07-07,North,Mobile Web,Referral,2025-07
U105568,2025-11-29,South,Mobile App,Influencer,2025-11
U105569,2025-09-03,South,Mobile Web,Organic Search,2025-09
U105570,2025-05-10,South,Mobile App,Paid Social,2025-05
U105571,2025-11-11,East,Mobile Web,Referral,2025-11
U105572,2025-10-10,North,Desktop,Organic Search,2025-10
U105573,2025-03-20,South,Mobile Web,Organic Search,2025-03
U105574,2025-03-13,West,Mobile App,Organic Search,2025-03
U105575,2025-09-20,South,Mobile Web,Organic Search,2025-09
U105576,2025-07-10,South,Mobile App,Referral,2025-07
U105577,2025-03-04,South,Mobile Web,Referral,2025-03
U105578,2025-01-12,West,Mobile Web,Influencer,2025-01
U105579,2025-05-21,West,Mobile App,Referral,2025-05
U105580,2025-09-11,South,Mobile App,Influencer,2025-09
U105581,2025-02-12,North,Mobile Web,Paid Social,2025-02
U105582,2025-01-17,West,Mobile App,Influencer,2025-01
U105583,2025-03-04,South,Desktop,Organic Search,2025-03
U105584,2025-09-10,South,Mobile App,Organic Search,2025-09
U105585,2025-10-19,West,Mobile App,Organic Search,2025-10
U105586,2025-01-08,South,Mobile Web,Organic Search,2025-01
U105587,2025-11-21,North,Mobile Web,Paid Social,2025-11
U105588,2025-03-31,West,Mobile App,Paid Social,2025-03
U105589,2025-07-27,South,Mobile Web,Paid Social,2025-07
U105590,2025-10-19,South,Mobile App,Organic Search,2025-10
U105591,2025-10-11,North,Mobile Web,Paid Social,2025-10
U105592,2025-04-28,South,Mobile App,Paid Social,2025-04
U105593,2025-12-15,North,Mobile App,Paid Social,2025-12
U105594,2025-06-24,South,Mobile App,Paid Social,2025-06
U105595,2025-03-17,East,Mobile App,Influencer,2025-03
U105596,2025-04-11,West,Mobile App,Referral,2025-04
U105597,2025-05-31,South,Mobile App,Email/Push,2025-05
U105598,2025-09-27,East,Desktop,Referral,2025-09
U105599,2025-03-12,East,Mobile App,Influencer,2025-03
U105600,2025-06-29,East,Mobile App,Organic Search,2025-06
U105601,2025-05-04,North,Mobile Web,Organic Search,2025-05
U105602,2025-10-20,West,Mobile App,Organic Search,2025-10
U105603,2025-10-12,South,Mobile App,Paid Social,2025-10
U105604,2025-07-14,North,Mobile App,Referral,2025-07
U105605,2025-08-16,North,Mobile App,Influencer,2025-08
U105606,2025-10-02,East,Mobile App,Influencer,2025-10
U105607,2025-04-16,North,Mobile App,Organic Search,2025-04
U105608,2025-01-21,North,Desktop,Email/Push,2025-01
U105609,2025-03-05,East,Mobile App,Email/Push,2025-03
U105610,2025-06-14,West,Mobile App,Organic Search,2025-06
U105611,2025-01-27,East,Mobile App,Influencer,2025-01
U105612,2025-11-07,North,Mobile App,Paid Social,2025-11
U105613,2025-10-12,North,Mobile App,Paid Social,2025-10
U105614,2025-05-28,East,Mobile Web,Paid Social,2025-05
U105615,2025-10-08,North,Desktop,Influencer,2025-10
U105616,2025-11-22,East,Mobile Web,Paid Social,2025-11
U105617,2025-11-15,North,Mobile App,Paid Social,2025-11
U105618,2025-06-13,West,Desktop,Paid Social,2025-06
U105619,2025-08-12,South,Mobile App,Paid Social,2025-08
U105620,2025-09-29,North,Mobile App,Organic Search,2025-09
U105621,2025-05-26,West,Mobile App,Paid Social,2025-05
U105622,2025-12-22,North,Mobile Web,Organic Search,2025-12
U105623,2025-01-30,South,Mobile App,Paid Social,2025-01
U105624,2025-02-14,West,Mobile Web,Paid Social,2025-02
U105625,2025-10-02,South,Desktop,Influencer,2025-10
U105626,2025-02-03,South,Mobile App,Email/Push,2025-02
U105627,2025-05-21,South,Mobile Web,Organic Search,2025-05
U105628,2025-11-14,North,Mobile App,Paid Social,2025-11
U105629,2025-08-09,North,Mobile App,Email/Push,2025-08
U105630,2025-12-22,East,Mobile App,Organic Search,2025-12
U105631,2025-01-22,East,Mobile Web,Referral,2025-01
U105632,2025-06-29,South,Mobile App,Organic Search,2025-06
U105633,2025-11-25,South,Mobile Web,Paid Social,2025-11
U105634,2025-08-19,West,Desktop,Referral,2025-08
U105635,2025-02-07,West,Desktop,Referral,2025-02
U105636,2025-03-11,South,Mobile App,Organic Search,2025-03
U105637,2025-04-26,West,Mobile App,Paid Social,2025-04
U105638,2025-08-27,East,Mobile App,Influencer,2025-08
U105639,2025-12-01,South,Mobile Web,Paid Social,2025-12
U105640,2025-05-28,North,Desktop,Referral,2025-05
U105641,2025-01-09,North,Mobile Web,Organic Search,2025-01
U105642,2025-10-15,West,Mobile App,Organic Search,2025-10
U105643,2025-02-19,East,Mobile App,Paid Social,2025-02
U105644,2025-12-04,East,Mobile Web,Referral,2025-12
U105645,2025-01-05,North,Mobile App,Paid Social,2025-01
U105646,2025-12-09,East,Mobile App,Organic Search,2025-12
U105647,2025-05-06,East,Desktop,Paid Social,2025-05
U105648,2025-03-16,West,Mobile App,Email/Push,2025-03
U105649,2025-06-14,North,Mobile App,Email/Push,2025-06
U105650,2025-10-05,East,Mobile App,Referral,2025-10
U105651,2025-11-20,North,Mobile App,Email/Push,2025-11
U105652,2025-10-27,East,Mobile Web,Paid Social,2025-10
U105653,2025-10-17,East,Mobile App,Email/Push,2025-10
U105654,2025-03-18,North,Desktop,Paid Social,2025-03
U105655,2025-10-25,East,Mobile App,Organic Search,2025-10
U105656,2025-05-17,North,Mobile App,Paid Social,2025-05
U105657,2025-04-16,West,Mobile App,Email/Push,2025-04
U105658,2025-04-05,North,Mobile App,Referral,2025-04
U105659,2025-05-15,East,Mobile Web,Organic Search,2025-05
U105660,2025-03-09,West,Mobile Web,Email/Push,2025-03
U105661,2025-05-27,South,Mobile App,Organic Search,2025-05
U105662,2025-06-08,South,Mobile App,Referral,2025-06
U105663,2025-06-12,South,Mobile Web,Paid Social,2025-06
U105664,2025-12-07,North,Mobile App,Influencer,2025-12
U105665,2025-07-08,South,Mobile App,Email/Push,2025-07
U105666,2025-12-05,East,Mobile App,Email/Push,2025-12
U105667,2025-04-05,West,Mobile App,Paid Social,2025-04
U105668,2025-06-30,West,Mobile App,Paid Social,2025-06
U105669,2025-10-15,South,Mobile App,Organic Search,2025-10
U105670,2025-11-18,East,Mobile App,Paid Social,2025-11
U105671,2025-07-06,West,Desktop,Paid Social,2025-07
U105672,2025-05-18,South,Mobile App,Organic Search,2025-05
U105673,2025-05-10,North,Mobile App,Influencer,2025-05
U105674,2025-07-13,South,Mobile App,Email/Push,2025-07
U105675,2025-11-12,West,Mobile App,Paid Social,2025-11
U105676,2025-09-30,South,Mobile App,Paid Social,2025-09
U105677,2025-12-18,East,Mobile App,Paid Social,2025-12
U105678,2025-05-24,North,Desktop,Organic Search,2025-05
U105679,2025-01-16,West,Mobile Web,Organic Search,2025-01
U105680,2025-10-29,South,Mobile App,Organic Search,2025-10
U105681,2025-09-02,East,Mobile Web,Email/Push,2025-09
U105682,2025-04-17,North,Mobile App,Organic Search,2025-04
U105683,2025-03-29,North,Mobile App,Organic Search,2025-03
U105684,2025-05-09,West,Desktop,Referral,2025-05
U105685,2025-12-07,West,Desktop,Referral,2025-12
U105686,2025-01-04,South,Mobile App,Organic Search,2025-01
U105687,2025-11-23,North,Mobile App,Influencer,2025-11
U105688,2025-11-02,South,Mobile App,Referral,2025-11
U105689,2025-04-05,North,Mobile App,Influencer,2025-04
U105690,2025-07-28,North,Desktop,Paid Social,2025-07
U105691,2025-08-13,East,Mobile App,Paid Social,2025-08
U105692,2025-12-14,West,Mobile App,Influencer,2025-12
U105693,2025-11-17,North,Mobile App,Organic Search,2025-11
U105694,2025-02-16,South,Mobile App,Referral,2025-02
U105695,2025-06-30,North,Mobile Web,Referral,2025-06
U105696,2025-04-16,North,Mobile Web,Paid Social,2025-04
U105697,2025-07-18,North,Mobile App,Organic Search,2025-07
U105698,2025-04-16,South,Mobile App,Influencer,2025-04
U105699,2025-10-07,North,Mobile App,Influencer,2025-10
U105700,2025-09-17,South,Mobile App,Referral,2025-09
U105701,2025-04-18,North,Mobile App,Influencer,2025-04
U105702,2025-01-19,North,Mobile App,Influencer,2025-01
U105703,2025-10-23,North,Mobile App,Referral,2025-10
U105704,2025-11-02,West,Mobile App,Paid Social,2025-11
U105705,2025-06-20,East,Mobile Web,Paid Social,2025-06
U105706,2025-11-27,West,Mobile App,Organic Search,2025-11
U105707,2025-07-14,South,Mobile Web,Paid Social,2025-07
U105708,2025-01-12,South,Mobile App,Paid Social,2025-01
U105709,2025-07-14,South,Mobile Web,Email/Push,2025-07
U105710,2025-10-10,North,Mobile App,Referral,2025-10
U105711,2025-07-01,East,Mobile Web,Influencer,2025-07
U105712,2025-11-01,South,Mobile App,Referral,2025-11
U105713,2025-05-24,South,Desktop,Organic Search,2025-05
U105714,2025-11-12,South,Mobile Web,Paid Social,2025-11
U105715,2025-07-01,South,Mobile App,Email/Push,2025-07
U105716,2025-01-30,West,Mobile App,Paid Social,2025-01
U105717,2025-03-25,South,Desktop,Organic Search,2025-03
U105718,2025-06-15,East,Desktop,Paid Social,2025-06
U105719,2025-10-11,South,Desktop,Paid Social,2025-10
U105720,2025-10-08,West,Mobile Web,Paid Social,2025-10
U105721,2025-04-06,South,Mobile Web,Organic Search,2025-04
U105722,2025-09-23,East,Mobile App,Influencer,2025-09
U105723,2025-10-25,North,Mobile App,Referral,2025-10
U105724,2025-10-23,East,Mobile App,Referral,2025-10
U105725,2025-08-13,North,Mobile Web,Influencer,2025-08
U105726,2025-11-29,South,Mobile App,Referral,2025-11
U105727,2025-12-27,West,Mobile App,Influencer,2025-12
U105728,2025-02-11,West,Mobile App,Organic Search,2025-02
U105729,2025-10-30,South,Mobile Web,Influencer,2025-10
U105730,2025-09-03,West,Mobile App,Referral,2025-09
U105731,2025-07-27,North,Mobile App,Paid Social,2025-07
U105732,2025-08-25,West,Mobile App,Paid Social,2025-08
U105733,2025-01-22,East,Mobile App,Paid Social,2025-01
U105734,2025-07-04,South,Desktop,Organic Search,2025-07
U105735,2025-08-30,West,Mobile App,Influencer,2025-08
U105736,2025-12-29,West,Desktop,Referral,2025-12
U105737,2025-10-10,South,Mobile App,Email/Push,2025-10
U105738,2025-02-10,West,Mobile App,Organic Search,2025-02
U105739,2025-12-02,North,Mobile App,Referral,2025-12
U105740,2025-06-11,West,Mobile App,Paid Social,2025-06
U105741,2025-06-09,East,Mobile App,Referral,2025-06
U105742,2025-03-30,North,Mobile App,Referral,2025-03
U105743,2025-11-18,East,Desktop,Influencer,2025-11
U105744,2025-01-12,South,Desktop,Organic Search,2025-01
U105745,2025-03-14,South,Desktop,Referral,2025-03
U105746,2025-03-17,South,Desktop,Paid Social,2025-03
U105747,2025-12-12,North,Mobile App,Referral,2025-12
U105748,2025-07-20,East,Mobile App,Influencer,2025-07
U105749,2025-01-10,North,Mobile App,Organic Search,2025-01
U105750,2025-12-18,South,Mobile App,Paid Social,2025-12
U105751,2025-08-14,East,Mobile Web,Paid Social,2025-08
U105752,2025-06-25,North,Desktop,Organic Search,2025-06
U105753,2025-10-03,South,Mobile Web,Referral,2025-10
U105754,2025-02-08,South,Mobile Web,Paid Social,2025-02
U105755,2025-03-01,East,Mobile App,Influencer,2025-03
U105756,2025-03-07,South,Mobile App,Organic Search,2025-03
U105757,2025-11-17,South,Mobile App,Paid Social,2025-11
U105758,2025-05-04,South,Desktop,Influencer,2025-05
U105759,2025-06-13,West,Desktop,Referral,2025-06
U105760,2025-06-08,North,Mobile App,Influencer,2025-06
U105761,2025-02-26,West,Mobile App,Organic Search,2025-02
U105762,2025-03-19,East,Mobile App,Paid Social,2025-03
U105763,2025-07-13,West,Mobile App,Paid Social,2025-07
U105764,2025-10-12,South,Desktop,Paid Social,2025-10
U105765,2025-01-15,South,Mobile App,Influencer,2025-01
U105766,2025-01-12,West,Mobile App,Paid Social,2025-01
U105767,2025-04-11,North,Mobile App,Email/Push,2025-04
U105768,2025-06-05,North,Desktop,Referral,2025-06
U105769,2025-12-06,South,Mobile App,Organic Search,2025-12
U105770,2025-05-05,West,Mobile Web,Email/Push,2025-05
U105771,2025-12-25,East,Mobile App,Paid Social,2025-12
U105772,2025-10-07,South,Mobile App,Paid Social,2025-10
U105773,2025-04-20,East,Mobile App,Referral,2025-04
U105774,2025-11-30,South,Mobile Web,Paid Social,2025-11
U105775,2025-12-23,East,Desktop,Email/Push,2025-12
U105776,2025-05-26,South,Mobile App,Email/Push,2025-05
U105777,2025-08-04,West,Mobile App,Email/Push,2025-08
U105778,2025-06-11,North,Mobile Web,Email/Push,2025-06
U105779,2025-05-08,North,Mobile Web,Organic Search,2025-05
U105780,2025-11-10,South,Mobile App,Referral,2025-11
U105781,2025-11-28,South,Mobile App,Paid Social,2025-11
U105782,2025-05-30,East,Mobile Web,Influencer,2025-05
U105783,2025-02-05,South,Mobile App,Paid Social,2025-02
U105784,2025-06-22,North,Desktop,Influencer,2025-06
U105785,2025-01-22,South,Desktop,Email/Push,2025-01
U105786,2025-07-25,South,Mobile App,Paid Social,2025-07
U105787,2025-05-07,North,Mobile Web,Paid Social,2025-05
U105788,2025-12-02,South,Mobile App,Organic Search,2025-12
U105789,2025-12-22,South,Mobile Web,Influencer,2025-12
U105790,2025-08-05,South,Mobile App,Influencer,2025-08
U105791,2025-04-06,North,Mobile App,Referral,2025-04
U105792,2025-06-13,West,Desktop,Influencer,2025-06
U105793,2025-05-28,East,Mobile Web,Paid Social,2025-05
U105794,2025-01-18,North,Desktop,Referral,2025-01
U105795,2025-10-21,East,Mobile App,Organic Search,2025-10
U105796,2025-07-14,West,Mobile App,Paid Social,2025-07
U105797,2025-05-31,South,Mobile Web,Organic Search,2025-05
U105798,2025-05-03,West,Desktop,Influencer,2025-05
U105799,2025-07-06,North,Mobile App,Email/Push,2025-07
U105800,2025-05-29,West,Mobile App,Referral,2025-05
U105801,2025-04-14,South,Mobile App,Email/Push,2025-04
U105802,2025-08-31,North,Mobile App,Paid Social,2025-08
U105803,2025-08-19,South,Mobile Web,Email/Push,2025-08
U105804,2025-07-25,West,Mobile Web,Paid Social,2025-07
U105805,2025-07-17,West,Desktop,Organic Search,2025-07
U105806,2025-12-03,South,Mobile Web,Paid Social,2025-12
U105807,2025-03-28,North,Mobile App,Influencer,2025-03
U105808,2025-05-22,South,Mobile Web,Paid Social,2025-05
U105809,2025-11-13,North,Mobile Web,Paid Social,2025-11
U105810,2025-07-18,North,Desktop,Organic Search,2025-07
U105811,2025-02-15,South,Mobile App,Paid Social,2025-02
U105812,2025-10-15,West,Mobile App,Paid Social,2025-10
U105813,2025-01-15,East,Mobile App,Referral,2025-01
U105814,2025-02-13,North,Mobile App,Paid Social,2025-02
U105815,2025-06-18,South,Mobile App,Paid Social,2025-06
U105816,2025-11-06,West,Mobile Web,Paid Social,2025-11
U105817,2025-02-13,East,Mobile Web,Paid Social,2025-02
U105818,2025-04-08,East,Mobile App,Organic Search,2025-04
U105819,2025-09-18,West,Mobile App,Referral,2025-09
U105820,2025-04-19,West,Desktop,Organic Search,2025-04
U105821,2025-10-10,North,Mobile App,Paid Social,2025-10
U105822,2025-12-09,South,Mobile App,Referral,2025-12
U105823,2025-04-14,West,Mobile App,Organic Search,2025-04
U105824,2025-09-13,South,Mobile App,Organic Search,2025-09
U105825,2025-07-25,North,Mobile App,Paid Social,2025-07
U105826,2025-12-01,South,Mobile App,Paid Social,2025-12
U105827,2025-02-12,East,Desktop,Paid Social,2025-02
U105828,2025-12-19,West,Mobile Web,Paid Social,2025-12
U105829,2025-09-02,South,Mobile App,Paid Social,2025-09
U105830,2025-10-14,South,Mobile App,Organic Search,2025-10
U105831,2025-12-21,West,Desktop,Organic Search,2025-12
U105832,2025-09-30,South,Desktop,Email/Push,2025-09
U105833,2025-03-24,North,Mobile App,Referral,2025-03
U105834,2025-04-20,West,Mobile App,Referral,2025-04
U105835,2025-07-09,South,Mobile Web,Organic Search,2025-07
U105836,2025-10-15,South,Mobile App,Paid Social,2025-10
U105837,2025-09-08,East,Mobile App,Organic Search,2025-09
U105838,2025-07-31,North,Mobile App,Organic Search,2025-07
U105839,2025-10-18,West,Mobile App,Referral,2025-10
U105840,2025-05-13,South,Mobile App,Influencer,2025-05
U105841,2025-07-20,South,Mobile App,Paid Social,2025-07
U105842,2025-10-12,North,Mobile App,Paid Social,2025-10
U105843,2025-11-22,South,Mobile Web,Organic Search,2025-11
U105844,2025-04-05,West,Mobile App,Organic Search,2025-04
U105845,2025-10-05,West,Mobile App,Paid Social,2025-10
U105846,2025-11-21,West,Desktop,Organic Search,2025-11
U105847,2025-08-07,South,Mobile App,Organic Search,2025-08
U105848,2025-03-30,East,Mobile App,Referral,2025-03
U105849,2025-03-13,South,Mobile App,Paid Social,2025-03
U105850,2025-09-04,West,Mobile Web,Organic Search,2025-09
U105851,2025-05-09,East,Mobile App,Influencer,2025-05
U105852,2025-07-31,South,Mobile App,Email/Push,2025-07
U105853,2025-12-09,South,Mobile App,Influencer,2025-12
U105854,2025-04-06,North,Mobile App,Organic Search,2025-04
U105855,2025-03-16,South,Mobile Web,Organic Search,2025-03
U105856,2025-02-23,West,Mobile Web,Organic Search,2025-02
U105857,2025-12-10,North,Desktop,Paid Social,2025-12
U105858,2025-02-23,North,Mobile App,Paid Social,2025-02
U105859,2025-08-06,North,Mobile App,Paid Social,2025-08
U105860,2025-01-16,West,Desktop,Referral,2025-01
U105861,2025-04-09,South,Mobile Web,Organic Search,2025-04
U105862,2025-01-20,North,Mobile Web,Paid Social,2025-01
U105863,2025-02-15,South,Mobile App,Referral,2025-02
U105864,2025-07-12,East,Mobile App,Referral,2025-07
U105865,2025-02-27,South,Mobile App,Referral,2025-02
U105866,2025-04-21,East,Mobile App,Organic Search,2025-04
U105867,2025-05-09,South,Mobile App,Paid Social,2025-05
U105868,2025-12-03,South,Mobile App,Paid Social,2025-12
U105869,2025-07-13,North,Mobile App,Influencer,2025-07
U105870,2025-12-06,North,Mobile App,Paid Social,2025-12
U105871,2025-11-22,South,Mobile App,Organic Search,2025-11
U105872,2025-01-08,South,Mobile App,Organic Search,2025-01
U105873,2025-01-29,East,Mobile App,Email/Push,2025-01
U105874,2025-04-22,North,Mobile App,Organic Search,2025-04
U105875,2025-06-10,North,Mobile App,Organic Search,2025-06
U105876,2025-05-11,West,Mobile App,Paid Social,2025-05
U105877,2025-07-07,South,Mobile Web,Email/Push,2025-07
U105878,2025-06-12,East,Mobile App,Organic Search,2025-06
U105879,2025-07-16,West,Mobile Web,Paid Social,2025-07
U105880,2025-12-30,South,Desktop,Organic Search,2025-12
U105881,2025-07-23,East,Mobile Web,Organic Search,2025-07
U105882,2025-07-31,South,Mobile App,Paid Social,2025-07
U105883,2025-04-19,North,Mobile App,Organic Search,2025-04
U105884,2025-10-03,South,Mobile Web,Influencer,2025-10
U105885,2025-03-14,South,Desktop,Organic Search,2025-03
U105886,2025-06-16,South,Desktop,Referral,2025-06
U105887,2025-09-17,South,Mobile App,Referral,2025-09
U105888,2025-08-31,South,Mobile App,Referral,2025-08
U105889,2025-10-02,North,Desktop,Organic Search,2025-10
U105890,2025-04-12,North,Mobile Web,Organic Search,2025-04
U105891,2025-06-22,North,Mobile App,Paid Social,2025-06
U105892,2025-06-20,North,Mobile App,Paid Social,2025-06
U105893,2025-05-21,South,Mobile App,Email/Push,2025-05
U105894,2025-07-07,South,Mobile App,Influencer,2025-07
U105895,2025-03-27,North,Mobile Web,Paid Social,2025-03
U105896,2025-02-21,West,Desktop,Organic Search,2025-02
U105897,2025-04-21,West,Desktop,Email/Push,2025-04
U105898,2025-12-08,South,Mobile App,Paid Social,2025-12
U105899,2025-02-12,East,Mobile Web,Organic Search,2025-02
U105900,2025-07-30,South,Mobile App,Paid Social,2025-07
U105901,2025-07-19,North,Mobile Web,Organic Search,2025-07
U105902,2025-10-25,West,Mobile Web,Email/Push,2025-10
U105903,2025-12-12,North,Mobile App,Influencer,2025-12
U105904,2025-08-28,West,Mobile App,Organic Search,2025-08
U105905,2025-04-25,South,Mobile App,Referral,2025-04
U105906,2025-01-26,South,Mobile App,Organic Search,2025-01
U105907,2025-10-26,South,Desktop,Paid Social,2025-10
U105908,2025-03-18,South,Mobile App,Paid Social,2025-03
U105909,2025-05-17,North,Mobile App,Email/Push,2025-05
U105910,2025-01-20,South,Mobile App,Paid Social,2025-01
U105911,2025-07-30,East,Desktop,Organic Search,2025-07
U105912,2025-08-28,South,Mobile App,Organic Search,2025-08
U105913,2025-02-08,North,Mobile App,Email/Push,2025-02
U105914,2025-09-25,South,Mobile Web,Referral,2025-09
U105915,2025-07-26,West,Mobile App,Referral,2025-07
U105916,2025-09-24,South,Mobile App,Organic Search,2025-09
U105917,2025-06-03,South,Mobile Web,Referral,2025-06
U105918,2025-02-11,West,Mobile App,Referral,2025-02
U105919,2025-01-11,South,Desktop,Influencer,2025-01
U105920,2025-10-21,South,Mobile App,Organic Search,2025-10
U105921,2025-04-08,West,Mobile App,Organic Search,2025-04
U105922,2025-10-02,East,Mobile App,Influencer,2025-10
U105923,2025-08-18,North,Mobile Web,Influencer,2025-08
U105924,2025-08-08,North,Mobile App,Paid Social,2025-08
U105925,2025-03-06,East,Mobile App,Paid Social,2025-03
U105926,2025-12-21,North,Mobile App,Email/Push,2025-12
U105927,2025-08-20,West,Mobile App,Organic Search,2025-08
U105928,2025-11-24,North,Mobile Web,Organic Search,2025-11
U105929,2025-02-21,South,Desktop,Paid Social,2025-02
U105930,2025-09-20,North,Mobile Web,Organic Search,2025-09
U105931,2025-09-24,East,Mobile App,Referral,2025-09
U105932,2025-12-25,West,Mobile App,Organic Search,2025-12
U105933,2025-11-13,East,Mobile Web,Paid Social,2025-11
U105934,2025-11-20,West,Desktop,Paid Social,2025-11
U105935,2025-06-03,North,Mobile App,Email/Push,2025-06
U105936,2025-12-24,North,Mobile App,Influencer,2025-12
U105937,2025-05-20,West,Mobile App,Influencer,2025-05
U105938,2025-02-20,West,Mobile App,Referral,2025-02
U105939,2025-04-27,West,Mobile App,Organic Search,2025-04
U105940,2025-02-15,West,Desktop,Influencer,2025-02
U105941,2025-11-05,South,Mobile App,Influencer,2025-11
U105942,2025-03-29,North,Mobile App,Influencer,2025-03
U105943,2025-07-27,West,Mobile App,Paid Social,2025-07
U105944,2025-09-26,South,Desktop,Organic Search,2025-09
U105945,2025-03-30,South,Mobile App,Referral,2025-03
U105946,2025-04-28,East,Mobile App,Organic Search,2025-04
U105947,2025-02-23,South,Mobile App,Organic Search,2025-02
U105948,2025-04-26,West,Mobile App,Referral,2025-04
U105949,2025-04-28,North,Mobile Web,Organic Search,2025-04
U105950,2025-09-17,West,Mobile App,Influencer,2025-09
U105951,2025-03-16,East,Mobile App,Paid Social,2025-03
U105952,2025-11-01,South,Mobile App,Referral,2025-11
U105953,2025-01-07,South,Mobile App,Paid Social,2025-01
U105954,2025-05-02,North,Mobile App,Email/Push,2025-05
U105955,2025-01-11,South,Desktop,Paid Social,2025-01
U105956,2025-12-14,South,Mobile App,Influencer,2025-12
U105957,2025-08-03,South,Mobile Web,Organic Search,2025-08
U105958,2025-10-06,South,Mobile Web,Paid Social,2025-10
U105959,2025-01-28,North,Desktop,Organic Search,2025-01
U105960,2025-08-23,North,Mobile App,Influencer,2025-08
U105961,2025-11-09,East,Mobile App,Paid Social,2025-11
U105962,2025-01-26,North,Mobile App,Paid Social,2025-01
U105963,2025-02-23,West,Mobile App,Organic Search,2025-02
U105964,2025-01-29,East,Mobile App,Paid Social,2025-01
U105965,2025-12-19,East,Desktop,Email/Push,2025-12
U105966,2025-06-13,West,Desktop,Organic Search,2025-06
U105967,2025-09-27,North,Mobile App,Referral,2025-09
U105968,2025-11-30,West,Mobile App,Paid Social,2025-11
U105969,2025-02-04,South,Mobile App,Paid Social,2025-02
U105970,2025-10-13,West,Desktop,Paid Social,2025-10
U105971,2025-12-14,West,Mobile App,Organic Search,2025-12
U105972,2025-09-30,North,Mobile App,Organic Search,2025-09
U105973,2025-07-27,South,Desktop,Paid Social,2025-07
U105974,2025-08-26,South,Mobile App,Influencer,2025-08
U105975,2025-04-03,East,Mobile Web,Organic Search,2025-04
U105976,2025-06-22,South,Mobile App,Paid Social,2025-06
U105977,2025-03-20,North,Mobile Web,Paid Social,2025-03
U105978,2025-04-20,South,Mobile App,Paid Social,2025-04
U105979,2025-08-05,South,Mobile App,Paid Social,2025-08
U105980,2025-12-24,West,Desktop,Organic Search,2025-12
U105981,2025-04-16,East,Mobile App,Influencer,2025-04
U105982,2025-02-16,South,Mobile App,Influencer,2025-02
U105983,2025-06-30,North,Mobile App,Influencer,2025-06
U105984,2025-03-05,North,Mobile App,Paid Social,2025-03
U105985,2025-09-03,South,Mobile Web,Paid Social,2025-09
U105986,2025-09-01,West,Mobile App,Email/Push,2025-09
U105987,2025-11-16,South,Mobile Web,Referral,2025-11
U105988,2025-03-28,South,Mobile App,Paid Social,2025-03
U105989,2025-08-05,West,Mobile App,Paid Social,2025-08
U105990,2025-01-07,West,Mobile Web,Organic Search,2025-01
U105991,2025-10-05,North,Mobile App,Referral,2025-10
U105992,2025-12-03,North,Desktop,Influencer,2025-12
U105993,2025-07-29,South,Mobile App,Paid Social,2025-07
U105994,2025-06-18,East,Mobile App,Paid Social,2025-06
U105995,2025-11-26,West,Mobile App,Organic Search,2025-11
U105996,2025-05-18,North,Mobile App,Paid Social,2025-05
U105997,2025-11-02,North,Mobile App,Organic Search,2025-11
U105998,2025-08-18,West,Mobile App,Referral,2025-08
U105999,2025-11-04,East,Mobile Web,Paid Social,2025-11
U106000,2025-06-10,West,Mobile App,Referral,2025-06
U106001,2025-01-01,South,Mobile App,Organic Search,2025-01
U106002,2025-08-24,South,Mobile App,Referral,2025-08
U106003,2025-07-07,North,Mobile App,Referral,2025-07
U106004,2025-01-04,North,Mobile App,Paid Social,2025-01
U106005,2025-05-12,South,Mobile App,Referral,2025-05
U106006,2025-08-06,South,Mobile App,Organic Search,2025-08
U106007,2025-09-17,North,Mobile App,Paid Social,2025-09
U106008,2025-01-01,West,Mobile App,Paid Social,2025-01
U106009,2025-03-12,North,Mobile Web,Organic Search,2025-03
U106010,2025-06-27,East,Mobile Web,Influencer,2025-06
U106011,2025-07-08,South,Mobile App,Paid Social,2025-07
U106012,2025-10-18,West,Desktop,Referral,2025-10
U106013,2025-01-08,North,Mobile App,Influencer,2025-01
U106014,2025-09-10,East,Mobile App,Organic Search,2025-09
U106015,2025-10-19,North,Mobile Web,Paid Social,2025-10
U106016,2025-09-01,South,Mobile Web,Paid Social,2025-09
U106017,2025-05-03,East,Desktop,Paid Social,2025-05
U106018,2025-10-26,North,Desktop,Paid Social,2025-10
U106019,2025-10-10,South,Mobile App,Referral,2025-10
U106020,2025-02-01,West,Desktop,Paid Social,2025-02
U106021,2025-11-30,West,Desktop,Referral,2025-11
U106022,2025-05-26,North,Mobile App,Paid Social,2025-05
U106023,2025-06-05,North,Desktop,Paid Social,2025-06
U106024,2025-01-16,North,Mobile App,Paid Social,2025-01
U106025,2025-12-21,North,Mobile Web,Paid Social,2025-12
U106026,2025-02-16,West,Mobile App,Paid Social,2025-02
U106027,2025-09-08,South,Mobile App,Organic Search,2025-09
U106028,2025-07-06,South,Mobile App,Referral,2025-07
U106029,2025-01-31,West,Mobile App,Paid Social,2025-01
U106030,2025-09-17,South,Mobile Web,Referral,2025-09
U106031,2025-01-17,East,Mobile App,Paid Social,2025-01
U106032,2025-02-08,South,Mobile App,Paid Social,2025-02
U106033,2025-10-31,South,Mobile App,Influencer,2025-10
U106034,2025-02-08,South,Mobile App,Influencer,2025-02
U106035,2025-05-12,North,Mobile Web,Influencer,2025-05
U106036,2025-01-30,North,Mobile App,Paid Social,2025-01
U106037,2025-06-07,North,Mobile App,Email/Push,2025-06
U106038,2025-10-05,North,Mobile App,Referral,2025-10
U106039,2025-07-22,South,Mobile App,Organic Search,2025-07
U106040,2025-03-07,South,Mobile App,Email/Push,2025-03
U106041,2025-04-18,South,Desktop,Influencer,2025-04
U106042,2025-09-25,North,Mobile Web,Referral,2025-09
U106043,2025-08-10,East,Mobile App,Influencer,2025-08
U106044,2025-10-19,North,Mobile App,Organic Search,2025-10
U106045,2025-01-18,South,Mobile App,Referral,2025-01
U106046,2025-03-31,East,Mobile Web,Paid Social,2025-03
U106047,2025-06-30,North,Mobile App,Email/Push,2025-06
U106048,2025-09-12,East,Mobile Web,Organic Search,2025-09
U106049,2025-09-10,East,Mobile App,Influencer,2025-09
U106050,2025-09-14,North,Mobile App,Organic Search,2025-09
U106051,2025-12-12,North,Desktop,Referral,2025-12
U106052,2025-03-28,West,Mobile App,Organic Search,2025-03
U106053,2025-03-31,North,Desktop,Organic Search,2025-03
U106054,2025-08-25,West,Mobile App,Influencer,2025-08
U106055,2025-03-11,South,Mobile App,Paid Social,2025-03
U106056,2025-02-13,North,Mobile App,Organic Search,2025-02
U106057,2025-07-19,North,Mobile Web,Organic Search,2025-07
U106058,2025-06-01,South,Mobile Web,Paid Social,2025-06
U106059,2025-03-27,South,Mobile App,Paid Social,2025-03
U106060,2025-01-19,East,Mobile App,Paid Social,2025-01
U106061,2025-04-11,West,Mobile App,Paid Social,2025-04
U106062,2025-04-05,West,Mobile App,Influencer,2025-04
U106063,2025-09-11,North,Mobile App,Email/Push,2025-09
U106064,2025-12-23,West,Mobile App,Referral,2025-12
U106065,2025-01-30,West,Mobile App,Paid Social,2025-01
U106066,2025-09-06,West,Mobile App,Influencer,2025-09
U106067,2025-02-02,South,Mobile App,Organic Search,2025-02
U106068,2025-08-17,East,Mobile App,Referral,2025-08
U106069,2025-01-12,South,Mobile App,Organic Search,2025-01
U106070,2025-04-28,South,Mobile App,Paid Social,2025-04
U106071,2025-12-16,West,Mobile Web,Referral,2025-12
U106072,2025-06-04,North,Mobile App,Organic Search,2025-06
U106073,2025-09-03,North,Mobile App,Influencer,2025-09
U106074,2025-11-28,West,Mobile App,Referral,2025-11
U106075,2025-09-04,North,Mobile Web,Organic Search,2025-09
U106076,2025-01-29,West,Mobile App,Referral,2025-01
U106077,2025-06-10,East,Desktop,Organic Search,2025-06
U106078,2025-08-23,North,Mobile App,Paid Social,2025-08
U106079,2025-07-09,South,Mobile App,Organic Search,2025-07
U106080,2025-04-27,East,Mobile App,Paid Social,2025-04
U106081,2025-09-28,South,Mobile App,Paid Social,2025-09
U106082,2025-09-15,West,Mobile App,Paid Social,2025-09
U106083,2025-06-29,West,Mobile App,Paid Social,2025-06
U106084,2025-06-21,South,Mobile App,Paid Social,2025-06
U106085,2025-10-01,North,Mobile App,Influencer,2025-10
U106086,2025-09-16,West,Mobile App,Paid Social,2025-09
U106087,2025-05-15,South,Mobile App,Organic Search,2025-05
U106088,2025-06-20,North,Mobile App,Organic Search,2025-06
U106089,2025-07-29,West,Mobile Web,Paid Social,2025-07
U106090,2025-08-24,West,Mobile App,Email/Push,2025-08
U106091,2025-07-05,East,Mobile App,Organic Search,2025-07
U106092,2025-12-30,South,Mobile App,Influencer,2025-12
U106093,2025-04-05,East,Mobile App,Organic Search,2025-04
U106094,2025-01-11,East,Mobile App,Referral,2025-01
U106095,2025-03-09,West,Mobile App,Email/Push,2025-03
U106096,2025-07-29,West,Mobile App,Organic Search,2025-07
U106097,2025-07-15,South,Desktop,Organic Search,2025-07
U106098,2025-04-08,West,Mobile App,Organic Search,2025-04
U106099,2025-04-03,West,Mobile App,Email/Push,2025-04
U106100,2025-01-22,North,Mobile Web,Paid Social,2025-01
U106101,2025-06-21,North,Mobile App,Referral,2025-06
U106102,2025-05-14,West,Desktop,Paid Social,2025-05
U106103,2025-01-25,North,Mobile App,Email/Push,2025-01
U106104,2025-07-04,North,Mobile App,Organic Search,2025-07
U106105,2025-03-26,North,Mobile Web,Influencer,2025-03
U106106,2025-02-24,South,Desktop,Influencer,2025-02
U106107,2025-09-08,North,Mobile App,Organic Search,2025-09
U106108,2025-05-24,South,Mobile App,Referral,2025-05
U106109,2025-12-17,West,Mobile App,Referral,2025-12
U106110,2025-06-16,East,Mobile App,Organic Search,2025-06
U106111,2025-08-12,East,Mobile Web,Organic Search,2025-08
U106112,2025-08-08,North,Mobile App,Paid Social,2025-08
U106113,2025-06-28,East,Mobile App,Organic Search,2025-06
U106114,2025-04-29,East,Mobile Web,Email/Push,2025-04
U106115,2025-09-22,East,Desktop,Paid Social,2025-09
U106116,2025-05-30,North,Mobile App,Influencer,2025-05
U106117,2025-08-03,South,Mobile Web,Paid Social,2025-08
U106118,2025-07-16,West,Mobile App,Organic Search,2025-07
U106119,2025-02-11,East,Mobile App,Paid Social,2025-02
U106120,2025-02-22,East,Mobile App,Organic Search,2025-02
U106121,2025-11-26,South,Mobile App,Paid Social,2025-11
U106122,2025-09-08,South,Mobile Web,Organic Search,2025-09
U106123,2025-10-22,East,Mobile Web,Organic Search,2025-10
U106124,2025-09-28,North,Mobile App,Influencer,2025-09
U106125,2025-05-03,East,Mobile Web,Organic Search,2025-05
U106126,2025-12-05,West,Mobile App,Email/Push,2025-12
U106127,2025-09-23,West,Mobile App,Influencer,2025-09
U106128,2025-12-14,South,Mobile App,Paid Social,2025-12
U106129,2025-01-29,North,Mobile Web,Paid Social,2025-01
U106130,2025-02-04,East,Mobile App,Paid Social,2025-02
U106131,2025-01-06,West,Mobile App,Organic Search,2025-01
U106132,2025-04-21,South,Mobile App,Organic Search,2025-04
U106133,2025-10-21,South,Mobile App,Email/Push,2025-10
U106134,2025-03-18,North,Mobile Web,Organic Search,2025-03
U106135,2025-12-15,East,Mobile App,Influencer,2025-12
U106136,2025-05-27,East,Mobile App,Paid Social,2025-05
U106137,2025-03-08,West,Desktop,Paid Social,2025-03
U106138,2025-01-08,South,Mobile App,Influencer,2025-01
U106139,2025-05-02,East,Mobile Web,Paid Social,2025-05
U106140,2025-12-06,South,Mobile App,Influencer,2025-12
U106141,2025-06-24,South,Mobile App,Paid Social,2025-06
U106142,2025-06-28,West,Mobile Web,Influencer,2025-06
U106143,2025-03-26,North,Mobile App,Influencer,2025-03
U106144,2025-02-14,South,Desktop,Organic Search,2025-02
U106145,2025-05-16,East,Mobile App,Influencer,2025-05
U106146,2025-12-09,South,Mobile App,Paid Social,2025-12
U106147,2025-01-16,North,Mobile Web,Paid Social,2025-01
U106148,2025-11-29,South,Mobile App,Paid Social,2025-11
U106149,2025-07-14,South,Mobile App,Paid Social,2025-07
U106150,2025-01-09,West,Desktop,Organic Search,2025-01
U106151,2025-11-12,North,Mobile Web,Influencer,2025-11
U106152,2025-11-30,West,Mobile App,Paid Social,2025-11
U106153,2025-11-29,North,Mobile Web,Influencer,2025-11
U106154,2025-11-23,North,Desktop,Email/Push,2025-11
U106155,2025-01-15,North,Mobile App,Referral,2025-01
U106156,2025-11-23,West,Mobile App,Influencer,2025-11
U106157,2025-04-12,North,Mobile App,Influencer,2025-04
U106158,2025-08-14,West,Desktop,Organic Search,2025-08
U106159,2025-10-05,South,Mobile Web,Organic Search,2025-10
U106160,2025-04-23,West,Mobile Web,Referral,2025-04
U106161,2025-01-01,West,Desktop,Paid Social,2025-01
U106162,2025-09-23,East,Mobile App,Paid Social,2025-09
U106163,2025-07-27,West,Mobile App,Organic Search,2025-07
U106164,2025-04-20,East,Mobile App,Paid Social,2025-04
U106165,2025-07-19,West,Mobile App,Email/Push,2025-07
U106166,2025-11-02,North,Mobile Web,Organic Search,2025-11
U106167,2025-01-12,North,Mobile Web,Organic Search,2025-01
U106168,2025-12-11,East,Mobile App,Paid Social,2025-12
U106169,2025-07-07,South,Mobile App,Organic Search,2025-07
U106170,2025-06-03,South,Mobile Web,Paid Social,2025-06
U106171,2025-11-30,South,Mobile App,Paid Social,2025-11
U106172,2025-10-06,South,Mobile App,Email/Push,2025-10
U106173,2025-06-20,East,Mobile App,Paid Social,2025-06
U106174,2025-05-14,North,Mobile App,Referral,2025-05
U106175,2025-01-25,West,Desktop,Paid Social,2025-01
U106176,2025-01-18,West,Mobile App,Influencer,2025-01
U106177,2025-07-09,West,Mobile Web,Organic Search,2025-07
U106178,2025-05-21,South,Mobile App,Referral,2025-05
U106179,2025-02-12,South,Mobile App,Influencer,2025-02
U106180,2025-11-30,West,Mobile App,Organic Search,2025-11
U106181,2025-10-11,West,Mobile App,Paid Social,2025-10
U106182,2025-05-26,West,Mobile App,Organic Search,2025-05
U106183,2025-11-11,South,Mobile App,Paid Social,2025-11
U106184,2025-11-15,South,Mobile App,Organic Search,2025-11
U106185,2025-04-02,West,Mobile App,Organic Search,2025-04
U106186,2025-06-28,North,Mobile App,Influencer,2025-06
U106187,2025-02-25,East,Mobile App,Paid Social,2025-02
U106188,2025-06-04,West,Mobile App,Paid Social,2025-06
U106189,2025-06-09,East,Mobile App,Email/Push,2025-06
U106190,2025-04-21,South,Desktop,Email/Push,2025-04
U106191,2025-05-17,South,Desktop,Email/Push,2025-05
U106192,2025-08-20,West,Mobile Web,Organic Search,2025-08
U106193,2025-08-08,East,Mobile Web,Paid Social,2025-08
U106194,2025-03-09,West,Mobile App,Influencer,2025-03
U106195,2025-10-29,East,Mobile App,Paid Social,2025-10
U106196,2025-09-06,East,Mobile Web,Paid Social,2025-09
U106197,2025-11-19,East,Mobile App,Paid Social,2025-11
U106198,2025-01-06,South,Mobile App,Referral,2025-01
U106199,2025-10-07,South,Mobile Web,Paid Social,2025-10
U106200,2025-04-04,South,Mobile Web,Influencer,2025-04
U106201,2025-09-26,North,Mobile App,Paid Social,2025-09
U106202,2025-07-16,North,Mobile App,Paid Social,2025-07
U106203,2025-01-25,North,Mobile App,Organic Search,2025-01
U106204,2025-05-28,West,Mobile Web,Organic Search,2025-05
U106205,2025-04-28,North,Mobile App,Email/Push,2025-04
U106206,2025-12-04,North,Desktop,Email/Push,2025-12
U106207,2025-12-04,North,Mobile Web,Paid Social,2025-12
U106208,2025-03-07,East,Mobile App,Email/Push,2025-03
U106209,2025-10-28,North,Mobile App,Referral,2025-10
U106210,2025-06-24,South,Mobile App,Organic Search,2025-06
U106211,2025-11-15,North,Desktop,Referral,2025-11
U106212,2025-03-17,West,Mobile App,Influencer,2025-03
U106213,2025-04-24,West,Mobile Web,Paid Social,2025-04
U106214,2025-04-21,West,Mobile App,Paid Social,2025-04
U106215,2025-09-06,South,Mobile App,Organic Search,2025-09
U106216,2025-07-22,East,Desktop,Paid Social,2025-07
U106217,2025-05-27,South,Mobile App,Organic Search,2025-05
U106218,2025-02-04,South,Mobile Web,Referral,2025-02
U106219,2025-11-05,South,Mobile App,Influencer,2025-11
U106220,2025-01-26,North,Mobile Web,Paid Social,2025-01
U106221,2025-08-26,West,Mobile Web,Paid Social,2025-08
U106222,2025-01-14,North,Desktop,Influencer,2025-01
U106223,2025-02-14,South,Mobile App,Organic Search,2025-02
U106224,2025-08-04,South,Mobile App,Influencer,2025-08
U106225,2025-08-21,South,Mobile App,Email/Push,2025-08
U106226,2025-07-12,West,Mobile App,Email/Push,2025-07
U106227,2025-02-20,East,Mobile App,Referral,2025-02
U106228,2025-08-02,East,Mobile App,Organic Search,2025-08
U106229,2025-05-31,South,Mobile App,Paid Social,2025-05
U106230,2025-10-02,North,Mobile Web,Referral,2025-10
U106231,2025-12-04,South,Mobile Web,Email/Push,2025-12
U106232,2025-03-17,West,Desktop,Paid Social,2025-03
U106233,2025-08-08,West,Mobile App,Paid Social,2025-08
U106234,2025-12-14,East,Mobile App,Influencer,2025-12
U106235,2025-07-06,North,Mobile App,Paid Social,2025-07
U106236,2025-10-16,North,Mobile App,Paid Social,2025-10
U106237,2025-01-28,South,Mobile App,Influencer,2025-01
U106238,2025-06-29,West,Desktop,Paid Social,2025-06
U106239,2025-09-10,East,Mobile App,Paid Social,2025-09
U106240,2025-05-06,West,Mobile App,Organic Search,2025-05
U106241,2025-06-26,East,Mobile App,Referral,2025-06
U106242,2025-02-06,North,Mobile App,Organic Search,2025-02
U106243,2025-04-09,North,Mobile App,Organic Search,2025-04
U106244,2025-04-08,North,Mobile App,Referral,2025-04
U106245,2025-05-07,South,Mobile App,Organic Search,2025-05
U106246,2025-06-17,North,Mobile App,Paid Social,2025-06
U106247,2025-03-21,East,Mobile App,Paid Social,2025-03
U106248,2025-10-21,East,Mobile Web,Organic Search,2025-10
U106249,2025-11-29,South,Mobile App,Influencer,2025-11
U106250,2025-05-06,North,Mobile App,Influencer,2025-05
U106251,2025-12-09,North,Desktop,Referral,2025-12
U106252,2025-11-06,East,Mobile App,Influencer,2025-11
U106253,2025-05-30,South,Mobile App,Paid Social,2025-05
U106254,2025-01-16,South,Desktop,Influencer,2025-01
U106255,2025-01-28,West,Mobile App,Influencer,2025-01
U106256,2025-06-22,South,Mobile Web,Organic Search,2025-06
U106257,2025-02-15,South,Desktop,Paid Social,2025-02
U106258,2025-11-24,East,Mobile App,Organic Search,2025-11
U106259,2025-08-24,West,Desktop,Organic Search,2025-08
U106260,2025-08-02,East,Mobile App,Paid Social,2025-08
U106261,2025-03-26,South,Mobile App,Organic Search,2025-03
U106262,2025-10-09,South,Mobile Web,Influencer,2025-10
U106263,2025-08-20,East,Desktop,Influencer,2025-08
U106264,2025-03-26,South,Mobile Web,Paid Social,2025-03
U106265,2025-03-06,East,Mobile App,Paid Social,2025-03
U106266,2025-05-14,West,Mobile App,Referral,2025-05
U106267,2025-05-31,West,Mobile App,Influencer,2025-05
U106268,2025-04-25,North,Mobile App,Organic Search,2025-04
U106269,2025-03-05,North,Desktop,Referral,2025-03
U106270,2025-12-09,North,Mobile App,Paid Social,2025-12
U106271,2025-12-29,East,Mobile App,Organic Search,2025-12
U106272,2025-12-18,South,Mobile App,Email/Push,2025-12
U106273,2025-06-07,North,Mobile App,Referral,2025-06
U106274,2025-03-18,North,Mobile Web,Email/Push,2025-03
U106275,2025-05-26,South,Mobile App,Organic Search,2025-05
U106276,2025-12-09,North,Mobile Web,Influencer,2025-12
U106277,2025-08-13,North,Mobile App,Paid Social,2025-08
U106278,2025-11-09,East,Mobile App,Paid Social,2025-11
U106279,2025-04-13,North,Mobile Web,Paid Social,2025-04
U106280,2025-12-13,North,Mobile App,Organic Search,2025-12
U106281,2025-10-28,West,Mobile App,Paid Social,2025-10
U106282,2025-03-29,West,Mobile Web,Referral,2025-03
U106283,2025-10-30,South,Mobile App,Influencer,2025-10
U106284,2025-06-17,North,Mobile App,Organic Search,2025-06
U106285,2025-06-19,East,Mobile Web,Paid Social,2025-06
U106286,2025-05-15,South,Desktop,Email/Push,2025-05
U106287,2025-02-19,North,Mobile App,Organic Search,2025-02
U106288,2025-12-06,North,Mobile Web,Referral,2025-12
U106289,2025-12-13,North,Mobile App,Influencer,2025-12
U106290,2025-05-14,South,Mobile App,Email/Push,2025-05
U106291,2025-12-13,West,Mobile App,Organic Search,2025-12
U106292,2025-05-17,West,Desktop,Influencer,2025-05
U106293,2025-09-02,South,Mobile App,Organic Search,2025-09
U106294,2025-04-19,South,Mobile App,Organic Search,2025-04
U106295,2025-11-09,East,Mobile App,Organic Search,2025-11
U106296,2025-10-14,South,Desktop,Organic Search,2025-10
U106297,2025-01-21,North,Mobile App,Organic Search,2025-01
U106298,2025-03-31,East,Mobile App,Referral,2025-03
U106299,2025-10-23,West,Desktop,Paid Social,2025-10
U106300,2025-04-22,South,Mobile App,Organic Search,2025-04
U106301,2025-10-28,West,Mobile App,Referral,2025-10
U106302,2025-03-18,South,Mobile App,Influencer,2025-03
U106303,2025-06-26,South,Desktop,Paid Social,2025-06
U106304,2025-12-09,North,Desktop,Influencer,2025-12
U106305,2025-05-28,East,Mobile App,Email/Push,2025-05
U106306,2025-04-11,West,Mobile App,Referral,2025-04
U106307,2025-09-03,East,Mobile App,Influencer,2025-09
U106308,2025-04-27,North,Mobile App,Organic Search,2025-04
U106309,2025-04-02,North,Mobile Web,Email/Push,2025-04
U106310,2025-01-28,South,Mobile App,Referral,2025-01
U106311,2025-01-25,South,Mobile Web,Paid Social,2025-01
U106312,2025-02-27,South,Mobile Web,Organic Search,2025-02
U106313,2025-10-24,West,Mobile Web,Organic Search,2025-10
U106314,2025-05-14,East,Desktop,Paid Social,2025-05
U106315,2025-11-27,South,Mobile App,Referral,2025-11
U106316,2025-09-06,North,Mobile App,Paid Social,2025-09
U106317,2025-02-07,North,Mobile Web,Organic Search,2025-02
U106318,2025-03-16,East,Mobile Web,Referral,2025-03
U106319,2025-05-22,West,Mobile App,Influencer,2025-05
U106320,2025-11-18,East,Mobile Web,Referral,2025-11
U106321,2025-06-17,South,Mobile App,Influencer,2025-06
U106322,2025-09-16,North,Mobile App,Influencer,2025-09
U106323,2025-12-21,West,Mobile App,Organic Search,2025-12
U106324,2025-08-13,West,Desktop,Influencer,2025-08
U106325,2025-06-01,South,Mobile App,Paid Social,2025-06
U106326,2025-01-19,North,Mobile App,Influencer,2025-01
U106327,2025-05-26,South,Desktop,Paid Social,2025-05
U106328,2025-08-29,West,Mobile Web,Email/Push,2025-08
U106329,2025-12-10,East,Mobile Web,Paid Social,2025-12
U106330,2025-08-25,East,Mobile App,Paid Social,2025-08
U106331,2025-02-04,North,Mobile App,Paid Social,2025-02
U106332,2025-07-09,North,Mobile App,Paid Social,2025-07
U106333,2025-01-01,North,Mobile Web,Organic Search,2025-01
U106334,2025-06-02,West,Mobile Web,Organic Search,2025-06
U106335,2025-05-06,South,Mobile Web,Influencer,2025-05
U106336,2025-12-11,West,Mobile Web,Organic Search,2025-12
U106337,2025-08-14,North,Mobile App,Paid Social,2025-08
U106338,2025-08-09,West,Mobile Web,Referral,2025-08
U106339,2025-07-30,West,Mobile App,Paid Social,2025-07
U106340,2025-01-25,North,Mobile App,Influencer,2025-01
U106341,2025-01-16,West,Mobile App,Organic Search,2025-01
U106342,2025-07-01,North,Mobile Web,Organic Search,2025-07
U106343,2025-11-25,North,Desktop,Paid Social,2025-11
U106344,2025-05-09,North,Mobile App,Paid Social,2025-05
U106345,2025-02-11,West,Mobile App,Influencer,2025-02
U106346,2025-12-02,West,Mobile App,Organic Search,2025-12
U106347,2025-08-24,South,Desktop,Email/Push,2025-08
U106348,2025-12-26,East,Mobile Web,Organic Search,2025-12
U106349,2025-02-03,East,Desktop,Influencer,2025-02
U106350,2025-12-11,West,Desktop,Email/Push,2025-12
U106351,2025-02-14,South,Mobile App,Paid Social,2025-02
U106352,2025-05-14,South,Mobile App,Influencer,2025-05
U106353,2025-01-21,East,Mobile App,Paid Social,2025-01
U106354,2025-05-02,North,Mobile App,Referral,2025-05
U106355,2025-03-11,South,Mobile App,Referral,2025-03
U106356,2025-12-18,East,Mobile App,Organic Search,2025-12
U106357,2025-12-27,North,Mobile Web,Paid Social,2025-12
U106358,2025-02-17,West,Mobile App,Organic Search,2025-02
U106359,2025-02-08,North,Mobile App,Influencer,2025-02
U106360,2025-10-14,West,Mobile App,Email/Push,2025-10
U106361,2025-01-10,North,Mobile App,Referral,2025-01
U106362,2025-01-30,North,Mobile Web,Paid Social,2025-01
U106363,2025-09-01,South,Mobile Web,Influencer,2025-09
U106364,2025-10-01,West,Mobile App,Influencer,2025-10
U106365,2025-03-29,East,Mobile App,Organic Search,2025-03
U106366,2025-09-01,North,Mobile App,Paid Social,2025-09
U106367,2025-11-25,North,Mobile App,Influencer,2025-11
U106368,2025-01-15,East,Mobile App,Influencer,2025-01
U106369,2025-01-04,South,Desktop,Paid Social,2025-01
U106370,2025-07-10,West,Mobile App,Email/Push,2025-07
U106371,2025-06-17,North,Mobile App,Organic Search,2025-06
U106372,2025-01-09,East,Mobile Web,Email/Push,2025-01
U106373,2025-04-19,East,Mobile App,Organic Search,2025-04
U106374,2025-05-17,West,Mobile App,Organic Search,2025-05
U106375,2025-06-03,East,Desktop,Paid Social,2025-06
U106376,2025-07-28,North,Mobile App,Influencer,2025-07
U106377,2025-09-29,North,Mobile Web,Organic Search,2025-09
U106378,2025-05-23,East,Mobile Web,Influencer,2025-05
U106379,2025-04-09,South,Mobile Web,Paid Social,2025-04
U106380,2025-11-04,West,Desktop,Influencer,2025-11
U106381,2025-03-10,East,Mobile Web,Organic Search,2025-03
U106382,2025-09-04,South,Mobile Web,Paid Social,2025-09
U106383,2025-09-18,South,Desktop,Paid Social,2025-09
U106384,2025-10-03,South,Desktop,Paid Social,2025-10
U106385,2025-03-20,North,Desktop,Referral,2025-03
U106386,2025-05-26,North,Mobile Web,Organic Search,2025-05
U106387,2025-04-21,South,Mobile App,Paid Social,2025-04
U106388,2025-09-15,North,Mobile Web,Paid Social,2025-09
U106389,2025-04-03,North,Mobile App,Organic Search,2025-04
U106390,2025-01-13,North,Mobile App,Paid Social,2025-01
U106391,2025-09-17,North,Mobile App,Organic Search,2025-09
U106392,2025-04-19,North,Desktop,Referral,2025-04
U106393,2025-11-26,East,Mobile App,Organic Search,2025-11
U106394,2025-07-08,South,Mobile Web,Organic Search,2025-07
U106395,2025-04-05,South,Mobile App,Paid Social,2025-04
U106396,2025-04-15,East,Mobile App,Paid Social,2025-04
U106397,2025-01-08,West,Mobile App,Influencer,2025-01
U106398,2025-03-08,North,Mobile Web,Influencer,2025-03
U106399,2025-07-10,South,Desktop,Organic Search,2025-07
U106400,2025-09-13,North,Mobile App,Paid Social,2025-09
U106401,2025-01-09,South,Mobile App,Organic Search,2025-01
U106402,2025-04-27,West,Mobile Web,Influencer,2025-04
U106403,2025-09-24,East,Mobile App,Referral,2025-09
U106404,2025-04-09,East,Mobile App,Influencer,2025-04
U106405,2025-10-25,South,Mobile App,Paid Social,2025-10
U106406,2025-06-13,East,Mobile Web,Referral,2025-06
U106407,2025-05-21,North,Mobile App,Referral,2025-05
U106408,2025-09-25,South,Mobile App,Organic Search,2025-09
U106409,2025-02-06,South,Desktop,Organic Search,2025-02
U106410,2025-03-15,South,Mobile Web,Organic Search,2025-03
U106411,2025-03-14,North,Mobile App,Influencer,2025-03
U106412,2025-11-04,West,Mobile App,Influencer,2025-11
U106413,2025-07-18,North,Mobile App,Paid Social,2025-07
U106414,2025-05-10,North,Mobile App,Organic Search,2025-05
U106415,2025-09-03,South,Mobile App,Influencer,2025-09
U106416,2025-11-08,North,Mobile App,Paid Social,2025-11
U106417,2025-03-01,East,Mobile App,Organic Search,2025-03
U106418,2025-10-06,East,Desktop,Paid Social,2025-10
U106419,2025-04-13,East,Desktop,Paid Social,2025-04
U106420,2025-10-23,South,Mobile App,Influencer,2025-10
U106421,2025-11-16,East,Mobile App,Organic Search,2025-11
U106422,2025-12-07,West,Mobile App,Referral,2025-12
U106423,2025-05-31,South,Mobile Web,Paid Social,2025-05
U106424,2025-06-06,South,Mobile App,Paid Social,2025-06
U106425,2025-07-25,West,Desktop,Influencer,2025-07
U106426,2025-06-28,North,Desktop,Organic Search,2025-06
U106427,2025-07-16,South,Mobile App,Paid Social,2025-07
U106428,2025-08-11,North,Mobile Web,Email/Push,2025-08
U106429,2025-03-30,North,Mobile Web,Organic Search,2025-03
U106430,2025-10-14,North,Mobile App,Organic Search,2025-10
U106431,2025-10-03,South,Mobile App,Referral,2025-10
U106432,2025-08-24,East,Mobile Web,Paid Social,2025-08
U106433,2025-07-02,South,Desktop,Organic Search,2025-07
U106434,2025-07-28,West,Mobile Web,Referral,2025-07
U106435,2025-05-10,South,Mobile App,Paid Social,2025-05
U106436,2025-06-02,West,Mobile Web,Referral,2025-06
U106437,2025-01-13,West,Desktop,Organic Search,2025-01
U106438,2025-05-02,East,Mobile App,Referral,2025-05
U106439,2025-12-25,West,Mobile App,Paid Social,2025-12
U106440,2025-08-08,East,Mobile Web,Influencer,2025-08
U106441,2025-04-16,West,Desktop,Influencer,2025-04
U106442,2025-03-11,North,Mobile App,Paid Social,2025-03
U106443,2025-07-14,South,Mobile App,Email/Push,2025-07
U106444,2025-07-05,East,Mobile App,Organic Search,2025-07
U106445,2025-04-09,South,Mobile Web,Referral,2025-04
U106446,2025-03-23,West,Desktop,Influencer,2025-03
U106447,2025-03-16,West,Mobile App,Paid Social,2025-03
U106448,2025-12-06,South,Mobile App,Paid Social,2025-12
U106449,2025-07-11,West,Desktop,Paid Social,2025-07
U106450,2025-11-21,North,Mobile App,Organic Search,2025-11
U106451,2025-08-02,South,Desktop,Organic Search,2025-08
U106452,2025-11-11,South,Mobile App,Organic Search,2025-11
U106453,2025-11-14,North,Mobile App,Paid Social,2025-11
U106454,2025-05-24,South,Mobile App,Referral,2025-05
U106455,2025-08-04,South,Mobile App,Paid Social,2025-08
U106456,2025-12-27,North,Desktop,Organic Search,2025-12
U106457,2025-11-20,West,Desktop,Paid Social,2025-11
U106458,2025-01-15,East,Mobile Web,Referral,2025-01
U106459,2025-08-05,South,Mobile App,Influencer,2025-08
U106460,2025-02-04,North,Mobile App,Paid Social,2025-02
U106461,2025-07-02,West,Mobile App,Influencer,2025-07
U106462,2025-09-27,West,Desktop,Influencer,2025-09
U106463,2025-12-24,North,Mobile App,Email/Push,2025-12
U106464,2025-04-10,North,Desktop,Organic Search,2025-04
U106465,2025-01-07,West,Desktop,Paid Social,2025-01
U106466,2025-01-30,East,Mobile App,Paid Social,2025-01
U106467,2025-11-01,North,Desktop,Organic Search,2025-11
U106468,2025-05-24,South,Desktop,Organic Search,2025-05
U106469,2025-04-21,South,Mobile Web,Organic Search,2025-04
U106470,2025-08-20,East,Mobile Web,Referral,2025-08
U106471,2025-06-28,North,Mobile Web,Paid Social,2025-06
U106472,2025-03-13,South,Mobile App,Paid Social,2025-03
U106473,2025-07-29,North,Mobile Web,Email/Push,2025-07
U106474,2025-08-08,West,Mobile App,Email/Push,2025-08
U106475,2025-03-21,East,Mobile App,Referral,2025-03
U106476,2025-03-24,East,Desktop,Paid Social,2025-03
U106477,2025-02-11,East,Mobile Web,Email/Push,2025-02
U106478,2025-09-30,South,Mobile App,Paid Social,2025-09
U106479,2025-07-10,West,Mobile App,Referral,2025-07
U106480,2025-06-22,North,Desktop,Paid Social,2025-06
U106481,2025-01-07,West,Desktop,Referral,2025-01
U106482,2025-06-04,North,Mobile App,Referral,2025-06
U106483,2025-01-10,South,Desktop,Influencer,2025-01
U106484,2025-02-03,South,Mobile App,Referral,2025-02
U106485,2025-02-05,West,Mobile Web,Email/Push,2025-02
U106486,2025-01-06,West,Mobile Web,Organic Search,2025-01
U106487,2025-08-03,South,Desktop,Referral,2025-08
U106488,2025-05-14,South,Desktop,Organic Search,2025-05
U106489,2025-10-12,West,Mobile App,Paid Social,2025-10
U106490,2025-05-06,North,Mobile Web,Referral,2025-05
U106491,2025-12-03,West,Mobile App,Influencer,2025-12
U106492,2025-06-23,East,Mobile App,Paid Social,2025-06
U106493,2025-06-01,South,Mobile App,Paid Social,2025-06
U106494,2025-11-27,North,Mobile App,Paid Social,2025-11
U106495,2025-01-26,South,Mobile App,Influencer,2025-01
U106496,2025-04-25,North,Mobile App,Paid Social,2025-04
U106497,2025-10-11,North,Mobile App,Paid Social,2025-10
U106498,2025-03-16,North,Mobile Web,Paid Social,2025-03
U106499,2025-06-15,South,Mobile App,Paid Social,2025-06
U106500,2025-07-08,East,Desktop,Referral,2025-07
U106501,2025-03-19,West,Mobile App,Email/Push,2025-03
U106502,2025-03-31,North,Mobile App,Paid Social,2025-03
U106503,2025-06-25,South,Mobile App,Paid Social,2025-06
U106504,2025-01-21,South,Mobile App,Influencer,2025-01
U106505,2025-02-23,South,Mobile App,Influencer,2025-02
U106506,2025-07-03,West,Desktop,Paid Social,2025-07
U106507,2025-12-25,South,Mobile App,Paid Social,2025-12
U106508,2025-08-10,West,Mobile App,Email/Push,2025-08
U106509,2025-11-11,South,Mobile App,Referral,2025-11
U106510,2025-11-24,East,Desktop,Email/Push,2025-11
U106511,2025-06-28,South,Mobile App,Organic Search,2025-06
U106512,2025-10-03,West,Desktop,Referral,2025-10
U106513,2025-04-22,West,Mobile App,Referral,2025-04
U106514,2025-08-12,East,Mobile App,Influencer,2025-08
U106515,2025-08-02,West,Mobile App,Email/Push,2025-08
U106516,2025-02-28,North,Mobile Web,Paid Social,2025-02
U106517,2025-11-23,West,Mobile Web,Referral,2025-11
U106518,2025-04-19,North,Mobile App,Paid Social,2025-04
U106519,2025-06-06,North,Mobile App,Influencer,2025-06
U106520,2025-07-10,North,Mobile App,Referral,2025-07
U106521,2025-07-19,West,Mobile App,Influencer,2025-07
U106522,2025-11-08,West,Mobile App,Organic Search,2025-11
U106523,2025-07-15,West,Desktop,Paid Social,2025-07
U106524,2025-02-04,West,Mobile Web,Paid Social,2025-02
U106525,2025-09-03,South,Mobile App,Paid Social,2025-09
U106526,2025-08-25,West,Desktop,Organic Search,2025-08
U106527,2025-04-14,West,Desktop,Email/Push,2025-04
U106528,2025-01-07,South,Mobile App,Organic Search,2025-01
U106529,2025-10-10,North,Mobile App,Organic Search,2025-10
U106530,2025-01-01,East,Desktop,Influencer,2025-01
U106531,2025-08-07,West,Mobile Web,Influencer,2025-08
U106532,2025-08-18,West,Mobile App,Organic Search,2025-08
U106533,2025-06-21,West,Mobile Web,Paid Social,2025-06
U106534,2025-03-28,West,Mobile App,Paid Social,2025-03
U106535,2025-02-10,West,Desktop,Organic Search,2025-02
U106536,2025-05-03,East,Mobile App,Referral,2025-05
U106537,2025-11-27,East,Mobile App,Referral,2025-11
U106538,2025-10-25,North,Mobile App,Referral,2025-10
U106539,2025-06-27,East,Mobile App,Influencer,2025-06
U106540,2025-03-04,South,Mobile App,Influencer,2025-03
U106541,2025-06-14,West,Mobile App,Email/Push,2025-06
U106542,2025-07-06,South,Mobile Web,Influencer,2025-07
U106543,2025-07-28,North,Mobile App,Paid Social,2025-07
U106544,2025-08-15,North,Mobile App,Paid Social,2025-08
U106545,2025-02-17,East,Mobile App,Organic Search,2025-02
U106546,2025-08-12,South,Mobile App,Organic Search,2025-08
U106547,2025-01-03,South,Mobile App,Referral,2025-01
U106548,2025-06-24,North,Mobile App,Paid Social,2025-06
U106549,2025-04-09,South,Desktop,Influencer,2025-04
U106550,2025-04-26,North,Mobile App,Paid Social,2025-04
U106551,2025-09-27,South,Desktop,Influencer,2025-09
U106552,2025-09-10,South,Mobile App,Organic Search,2025-09
U106553,2025-11-13,South,Mobile Web,Paid Social,2025-11
U106554,2025-04-05,South,Mobile App,Paid Social,2025-04
U106555,2025-09-30,North,Mobile Web,Paid Social,2025-09
U106556,2025-01-24,West,Mobile App,Paid Social,2025-01
U106557,2025-04-26,South,Mobile App,Referral,2025-04
U106558,2025-05-31,North,Mobile App,Paid Social,2025-05
U106559,2025-12-04,North,Mobile Web,Influencer,2025-12
U106560,2025-02-19,South,Desktop,Paid Social,2025-02
U106561,2025-07-25,North,Mobile App,Paid Social,2025-07
U106562,2025-12-01,North,Mobile App,Influencer,2025-12
U106563,2025-03-20,East,Mobile Web,Organic Search,2025-03
U106564,2025-03-11,East,Desktop,Organic Search,2025-03
U106565,2025-01-27,South,Mobile Web,Paid Social,2025-01
U106566,2025-09-28,East,Desktop,Paid Social,2025-09
U106567,2025-02-19,North,Mobile App,Organic Search,2025-02
U106568,2025-10-19,West,Mobile App,Organic Search,2025-10
U106569,2025-09-04,North,Mobile App,Paid Social,2025-09
U106570,2025-09-21,East,Mobile Web,Organic Search,2025-09
U106571,2025-03-20,North,Mobile App,Influencer,2025-03
U106572,2025-07-09,West,Mobile App,Paid Social,2025-07
U106573,2025-02-16,South,Mobile App,Email/Push,2025-02
U106574,2025-12-27,North,Mobile App,Paid Social,2025-12
U106575,2025-12-20,East,Mobile App,Influencer,2025-12
U106576,2025-12-18,North,Mobile App,Influencer,2025-12
U106577,2025-07-08,East,Desktop,Paid Social,2025-07
U106578,2025-09-13,East,Mobile App,Email/Push,2025-09
U106579,2025-08-10,North,Mobile App,Organic Search,2025-08
U106580,2025-08-29,South,Mobile Web,Paid Social,2025-08
U106581,2025-09-26,North,Desktop,Organic Search,2025-09
U106582,2025-01-01,East,Mobile Web,Email/Push,2025-01
U106583,2025-02-03,South,Mobile App,Influencer,2025-02
U106584,2025-03-20,South,Desktop,Paid Social,2025-03
U106585,2025-08-24,West,Mobile App,Organic Search,2025-08
U106586,2025-11-30,South,Mobile App,Paid Social,2025-11
U106587,2025-12-15,West,Mobile App,Organic Search,2025-12
U106588,2025-04-08,East,Mobile Web,Organic Search,2025-04
U106589,2025-03-23,North,Mobile App,Paid Social,2025-03
U106590,2025-07-11,South,Desktop,Organic Search,2025-07
U106591,2025-09-10,East,Mobile Web,Influencer,2025-09
U106592,2025-02-07,South,Desktop,Organic Search,2025-02
U106593,2025-01-14,North,Mobile App,Influencer,2025-01
U106594,2025-12-13,North,Mobile App,Paid Social,2025-12
U106595,2025-11-06,West,Mobile App,Email/Push,2025-11
U106596,2025-07-28,East,Mobile App,Paid Social,2025-07
U106597,2025-12-23,South,Mobile App,Organic Search,2025-12
U106598,2025-03-30,North,Mobile Web,Influencer,2025-03
U106599,2025-02-25,West,Mobile Web,Influencer,2025-02
U106600,2025-04-04,West,Mobile App,Paid Social,2025-04
U106601,2025-04-03,North,Mobile App,Organic Search,2025-04
U106602,2025-12-06,North,Mobile App,Referral,2025-12
U106603,2025-03-26,West,Desktop,Paid Social,2025-03
U106604,2025-09-02,West,Mobile App,Referral,2025-09
U106605,2025-01-22,East,Mobile Web,Organic Search,2025-01
U106606,2025-10-18,West,Mobile App,Organic Search,2025-10
U106607,2025-09-29,East,Mobile App,Paid Social,2025-09
U106608,2025-11-02,North,Mobile App,Paid Social,2025-11
U106609,2025-05-02,East,Mobile App,Influencer,2025-05
U106610,2025-05-08,East,Mobile Web,Organic Search,2025-05
U106611,2025-04-23,West,Mobile Web,Organic Search,2025-04
U106612,2025-09-30,North,Mobile Web,Organic Search,2025-09
U106613,2025-12-02,South,Mobile Web,Paid Social,2025-12
U106614,2025-05-10,West,Mobile App,Organic Search,2025-05
U106615,2025-05-12,South,Mobile App,Paid Social,2025-05
U106616,2025-03-26,South,Desktop,Influencer,2025-03
U106617,2025-12-16,West,Mobile Web,Email/Push,2025-12
U106618,2025-03-22,South,Mobile Web,Influencer,2025-03
U106619,2025-11-21,East,Mobile App,Organic Search,2025-11
U106620,2025-03-10,West,Mobile App,Referral,2025-03
U106621,2025-05-28,North,Mobile App,Email/Push,2025-05
U106622,2025-01-16,West,Mobile Web,Organic Search,2025-01
U106623,2025-11-03,East,Desktop,Referral,2025-11
U106624,2025-04-15,South,Mobile App,Referral,2025-04
U106625,2025-06-14,South,Mobile App,Referral,2025-06
U106626,2025-07-20,West,Mobile App,Referral,2025-07
U106627,2025-07-16,North,Mobile App,Referral,2025-07
U106628,2025-07-04,South,Mobile App,Referral,2025-07
U106629,2025-11-18,South,Desktop,Influencer,2025-11
U106630,2025-09-22,South,Mobile Web,Organic Search,2025-09
U106631,2025-12-29,South,Desktop,Referral,2025-12
U106632,2025-04-10,West,Mobile Web,Paid Social,2025-04
U106633,2025-12-08,West,Mobile App,Influencer,2025-12
U106634,2025-11-16,South,Desktop,Paid Social,2025-11
U106635,2025-08-02,South,Mobile App,Organic Search,2025-08
U106636,2025-10-05,East,Desktop,Influencer,2025-10
U106637,2025-06-11,North,Mobile Web,Referral,2025-06
U106638,2025-06-06,West,Mobile App,Paid Social,2025-06
U106639,2025-09-08,West,Mobile App,Paid Social,2025-09
U106640,2025-04-07,West,Mobile App,Email/Push,2025-04
U106641,2025-01-18,South,Mobile App,Paid Social,2025-01
U106642,2025-11-23,South,Mobile App,Paid Social,2025-11
U106643,2025-04-07,North,Desktop,Referral,2025-04
U106644,2025-01-01,South,Mobile Web,Organic Search,2025-01
U106645,2025-08-04,South,Mobile App,Referral,2025-08
U106646,2025-05-12,West,Mobile App,Referral,2025-05
U106647,2025-09-17,West,Mobile App,Influencer,2025-09
U106648,2025-05-05,West,Mobile App,Email/Push,2025-05
U106649,2025-03-23,West,Mobile App,Influencer,2025-03
U106650,2025-10-10,North,Mobile Web,Paid Social,2025-10
U106651,2025-06-20,East,Mobile App,Organic Search,2025-06
U106652,2025-02-28,North,Mobile App,Referral,2025-02
U106653,2025-02-01,North,Mobile App,Organic Search,2025-02
U106654,2025-06-10,South,Mobile App,Paid Social,2025-06
U106655,2025-10-11,East,Mobile App,Organic Search,2025-10
U106656,2025-04-16,East,Mobile App,Influencer,2025-04
U106657,2025-04-15,North,Mobile App,Organic Search,2025-04
U106658,2025-08-16,North,Desktop,Referral,2025-08
U106659,2025-07-07,North,Mobile Web,Organic Search,2025-07
U106660,2025-03-11,North,Mobile Web,Organic Search,2025-03
U106661,2025-11-14,North,Mobile App,Organic Search,2025-11
U106662,2025-10-17,East,Mobile App,Paid Social,2025-10
U106663,2025-03-28,West,Mobile App,Organic Search,2025-03
U106664,2025-12-28,South,Mobile Web,Influencer,2025-12
U106665,2025-02-25,East,Mobile App,Referral,2025-02
U106666,2025-04-23,North,Mobile App,Organic Search,2025-04
U106667,2025-01-13,West,Mobile App,Paid Social,2025-01
U106668,2025-01-18,South,Desktop,Influencer,2025-01
U106669,2025-07-01,West,Desktop,Paid Social,2025-07
U106670,2025-04-23,West,Mobile App,Paid Social,2025-04
U106671,2025-08-17,West,Mobile Web,Organic Search,2025-08
U106672,2025-06-20,North,Mobile App,Referral,2025-06
U106673,2025-10-22,East,Mobile App,Influencer,2025-10
U106674,2025-07-08,North,Mobile App,Email/Push,2025-07
U106675,2025-03-20,North,Mobile App,Paid Social,2025-03
U106676,2025-05-26,North,Mobile App,Paid Social,2025-05
U106677,2025-07-01,West,Desktop,Organic Search,2025-07
U106678,2025-10-13,West,Mobile Web,Influencer,2025-10
U106679,2025-09-07,North,Mobile App,Paid Social,2025-09
U106680,2025-12-20,South,Mobile App,Organic Search,2025-12
U106681,2025-11-10,West,Mobile App,Organic Search,2025-11
U106682,2025-07-15,South,Mobile App,Influencer,2025-07
U106683,2025-11-19,South,Desktop,Paid Social,2025-11
U106684,2025-03-12,South,Mobile App,Email/Push,2025-03
U106685,2025-09-05,West,Mobile App,Organic Search,2025-09
U106686,2025-05-26,South,Mobile App,Paid Social,2025-05
U106687,2025-04-16,West,Mobile App,Paid Social,2025-04
U106688,2025-09-20,South,Mobile App,Paid Social,2025-09
U106689,2025-10-23,North,Desktop,Referral,2025-10
U106690,2025-03-11,South,Mobile Web,Influencer,2025-03
U106691,2025-07-12,North,Mobile App,Paid Social,2025-07
U106692,2025-03-09,South,Mobile Web,Organic Search,2025-03
U106693,2025-11-01,North,Desktop,Influencer,2025-11
U106694,2025-02-21,West,Mobile App,Organic Search,2025-02
U106695,2025-12-29,South,Mobile App,Organic Search,2025-12
U106696,2025-10-12,East,Mobile App,Organic Search,2025-10
U106697,2025-11-30,West,Mobile App,Paid Social,2025-11
U106698,2025-01-09,West,Mobile Web,Organic Search,2025-01
U106699,2025-09-08,West,Mobile App,Paid Social,2025-09
U106700,2025-11-28,South,Mobile App,Organic Search,2025-11
U106701,2025-10-25,North,Mobile App,Email/Push,2025-10
U106702,2025-07-03,West,Mobile App,Paid Social,2025-07
U106703,2025-06-28,West,Mobile App,Paid Social,2025-06
U106704,2025-07-17,West,Mobile Web,Influencer,2025-07
U106705,2025-05-08,East,Mobile App,Paid Social,2025-05
U106706,2025-01-20,East,Mobile App,Paid Social,2025-01
U106707,2025-11-24,North,Mobile App,Organic Search,2025-11
U106708,2025-03-06,East,Desktop,Email/Push,2025-03
U106709,2025-07-01,North,Mobile App,Paid Social,2025-07
U106710,2025-08-29,North,Mobile App,Email/Push,2025-08
U106711,2025-01-24,South,Mobile App,Referral,2025-01
U106712,2025-03-24,South,Mobile App,Referral,2025-03
U106713,2025-11-15,North,Mobile App,Referral,2025-11
U106714,2025-07-04,West,Mobile Web,Paid Social,2025-07
U106715,2025-11-12,West,Mobile Web,Paid Social,2025-11
U106716,2025-04-09,East,Mobile App,Paid Social,2025-04
U106717,2025-03-03,South,Mobile App,Paid Social,2025-03
U106718,2025-10-13,West,Mobile Web,Email/Push,2025-10
U106719,2025-01-22,North,Mobile App,Organic Search,2025-01
U106720,2025-07-31,East,Mobile App,Organic Search,2025-07
U106721,2025-05-06,North,Mobile App,Influencer,2025-05
U106722,2025-02-11,South,Desktop,Email/Push,2025-02
U106723,2025-04-08,South,Mobile Web,Email/Push,2025-04
U106724,2025-01-31,East,Mobile App,Influencer,2025-01
U106725,2025-06-07,North,Mobile App,Organic Search,2025-06
U106726,2025-04-22,North,Mobile Web,Paid Social,2025-04
U106727,2025-09-04,South,Mobile App,Paid Social,2025-09
U106728,2025-05-02,South,Mobile Web,Paid Social,2025-05
U106729,2025-09-30,East,Mobile App,Paid Social,2025-09
U106730,2025-10-21,South,Desktop,Email/Push,2025-10
U106731,2025-07-26,South,Mobile Web,Email/Push,2025-07
U106732,2025-04-20,North,Mobile App,Referral,2025-04
U106733,2025-10-05,North,Mobile App,Referral,2025-10
U106734,2025-02-25,South,Mobile App,Organic Search,2025-02
U106735,2025-02-26,East,Mobile App,Paid Social,2025-02
U106736,2025-10-18,North,Mobile Web,Influencer,2025-10
U106737,2025-04-24,North,Mobile App,Paid Social,2025-04
U106738,2025-11-04,South,Mobile Web,Referral,2025-11
U106739,2025-12-07,North,Mobile App,Paid Social,2025-12
U106740,2025-07-17,South,Mobile Web,Influencer,2025-07
U106741,2025-11-17,South,Mobile App,Referral,2025-11
U106742,2025-06-28,North,Mobile Web,Referral,2025-06
U106743,2025-08-07,North,Mobile App,Paid Social,2025-08
U106744,2025-10-04,West,Mobile App,Organic Search,2025-10
U106745,2025-01-16,East,Mobile App,Organic Search,2025-01
U106746,2025-03-02,East,Mobile App,Paid Social,2025-03
U106747,2025-02-23,South,Mobile App,Influencer,2025-02
U106748,2025-06-17,East,Mobile App,Influencer,2025-06
U106749,2025-01-26,West,Desktop,Organic Search,2025-01
U106750,2025-12-02,East,Mobile App,Organic Search,2025-12
U106751,2025-03-06,North,Mobile Web,Influencer,2025-03
U106752,2025-04-10,South,Mobile App,Paid Social,2025-04
U106753,2025-03-15,South,Mobile App,Paid Social,2025-03
U106754,2025-07-11,South,Mobile Web,Paid Social,2025-07
U106755,2025-06-20,South,Desktop,Paid Social,2025-06
U106756,2025-09-30,West,Mobile App,Organic Search,2025-09
U106757,2025-07-06,East,Desktop,Paid Social,2025-07
U106758,2025-01-23,North,Mobile App,Referral,2025-01
U106759,2025-06-30,North,Mobile Web,Referral,2025-06
U106760,2025-11-23,South,Mobile App,Organic Search,2025-11
U106761,2025-04-18,North,Mobile App,Organic Search,2025-04
U106762,2025-12-01,South,Mobile App,Influencer,2025-12
U106763,2025-06-11,South,Mobile App,Referral,2025-06
U106764,2025-10-29,South,Mobile App,Paid Social,2025-10
U106765,2025-07-25,West,Mobile App,Organic Search,2025-07
U106766,2025-03-19,South,Mobile App,Paid Social,2025-03
U106767,2025-01-16,North,Mobile App,Paid Social,2025-01
U106768,2025-11-23,North,Mobile App,Email/Push,2025-11
U106769,2025-04-06,South,Mobile App,Paid Social,2025-04
U106770,2025-05-27,North,Mobile Web,Referral,2025-05
U106771,2025-01-02,East,Mobile Web,Paid Social,2025-01
U106772,2025-01-10,North,Mobile App,Email/Push,2025-01
U106773,2025-05-05,South,Mobile App,Paid Social,2025-05
U106774,2025-03-22,West,Mobile App,Organic Search,2025-03
U106775,2025-05-20,North,Desktop,Organic Search,2025-05
U106776,2025-11-22,South,Mobile Web,Organic Search,2025-11
U106777,2025-05-30,South,Mobile App,Organic Search,2025-05
U106778,2025-10-15,West,Mobile Web,Organic Search,2025-10
U106779,2025-12-27,South,Mobile App,Paid Social,2025-12
U106780,2025-12-06,South,Mobile App,Organic Search,2025-12
U106781,2025-05-09,West,Desktop,Organic Search,2025-05
U106782,2025-08-27,South,Desktop,Referral,2025-08
U106783,2025-02-27,South,Mobile Web,Paid Social,2025-02
U106784,2025-07-17,North,Mobile App,Referral,2025-07
U106785,2025-07-30,East,Mobile App,Email/Push,2025-07
U106786,2025-02-14,West,Desktop,Referral,2025-02
U106787,2025-04-07,West,Mobile Web,Paid Social,2025-04
U106788,2025-10-06,West,Mobile App,Organic Search,2025-10
U106789,2025-01-23,West,Mobile App,Organic Search,2025-01
U106790,2025-12-01,East,Desktop,Paid Social,2025-12
U106791,2025-02-13,West,Desktop,Organic Search,2025-02
U106792,2025-01-27,South,Mobile Web,Organic Search,2025-01
U106793,2025-10-09,South,Mobile Web,Paid Social,2025-10
U106794,2025-04-07,South,Mobile App,Paid Social,2025-04
U106795,2025-02-05,South,Mobile App,Paid Social,2025-02
U106796,2025-04-19,East,Mobile Web,Organic Search,2025-04
U106797,2025-02-24,South,Mobile App,Paid Social,2025-02
U106798,2025-07-11,North,Mobile Web,Paid Social,2025-07
U106799,2025-08-07,North,Desktop,Paid Social,2025-08
U106800,2025-07-04,West,Mobile App,Influencer,2025-07
U106801,2025-03-10,East,Mobile Web,Influencer,2025-03
U106802,2025-11-13,South,Mobile Web,Organic Search,2025-11
U106803,2025-05-10,South,Mobile App,Influencer,2025-05
U106804,2025-02-24,South,Mobile Web,Paid Social,2025-02
U106805,2025-04-07,North,Mobile App,Organic Search,2025-04
U106806,2025-12-02,South,Mobile Web,Paid Social,2025-12
U106807,2025-03-28,West,Mobile App,Influencer,2025-03
U106808,2025-10-21,South,Mobile Web,Paid Social,2025-10
U106809,2025-04-29,South,Mobile App,Paid Social,2025-04
U106810,2025-07-27,North,Mobile App,Paid Social,2025-07
U106811,2025-11-30,South,Mobile App,Influencer,2025-11
U106812,2025-06-03,North,Mobile App,Paid Social,2025-06
U106813,2025-02-04,South,Mobile App,Paid Social,2025-02
U106814,2025-03-20,South,Mobile App,Paid Social,2025-03
U106815,2025-03-08,West,Mobile Web,Influencer,2025-03
U106816,2025-12-09,South,Desktop,Organic Search,2025-12
U106817,2025-02-03,South,Desktop,Organic Search,2025-02
U106818,2025-04-07,South,Desktop,Organic Search,2025-04
U106819,2025-06-18,East,Mobile Web,Organic Search,2025-06
U106820,2025-06-18,North,Mobile App,Paid Social,2025-06
U106821,2025-05-31,East,Mobile Web,Organic Search,2025-05
U106822,2025-03-12,West,Mobile Web,Influencer,2025-03
U106823,2025-01-03,South,Mobile App,Referral,2025-01
U106824,2025-11-10,East,Mobile Web,Email/Push,2025-11
U106825,2025-02-01,West,Mobile App,Influencer,2025-02
U106826,2025-10-14,South,Desktop,Organic Search,2025-10
U106827,2025-03-23,East,Mobile Web,Referral,2025-03
U106828,2025-02-12,South,Desktop,Influencer,2025-02
U106829,2025-04-15,South,Mobile App,Paid Social,2025-04
U106830,2025-01-01,East,Mobile App,Paid Social,2025-01
U106831,2025-03-02,East,Desktop,Organic Search,2025-03
U106832,2025-09-27,West,Mobile App,Paid Social,2025-09
U106833,2025-06-29,North,Mobile App,Paid Social,2025-06
U106834,2025-08-12,South,Mobile Web,Email/Push,2025-08
U106835,2025-01-06,North,Desktop,Influencer,2025-01
U106836,2025-04-13,North,Mobile App,Organic Search,2025-04
U106837,2025-01-10,South,Mobile App,Organic Search,2025-01
U106838,2025-03-12,South,Mobile App,Paid Social,2025-03
U106839,2025-03-31,North,Mobile App,Organic Search,2025-03
U106840,2025-08-14,South,Mobile App,Organic Search,2025-08
U106841,2025-06-07,South,Desktop,Influencer,2025-06
U106842,2025-08-16,West,Mobile Web,Email/Push,2025-08
U106843,2025-05-06,West,Desktop,Paid Social,2025-05
U106844,2025-07-28,North,Mobile App,Paid Social,2025-07
U106845,2025-04-07,West,Mobile Web,Organic Search,2025-04
U106846,2025-03-15,East,Desktop,Organic Search,2025-03
U106847,2025-04-25,West,Mobile App,Paid Social,2025-04
U106848,2025-07-10,South,Mobile App,Influencer,2025-07
U106849,2025-06-19,South,Desktop,Email/Push,2025-06
U106850,2025-11-03,West,Mobile App,Email/Push,2025-11
U106851,2025-07-23,North,Mobile Web,Influencer,2025-07
U106852,2025-02-25,West,Mobile App,Email/Push,2025-02
U106853,2025-07-27,West,Mobile Web,Influencer,2025-07
U106854,2025-02-10,West,Desktop,Referral,2025-02
U106855,2025-02-01,South,Mobile App,Paid Social,2025-02
U106856,2025-01-15,North,Mobile App,Paid Social,2025-01
U106857,2025-03-03,South,Mobile App,Paid Social,2025-03
U106858,2025-06-04,West,Mobile App,Organic Search,2025-06
U106859,2025-10-11,South,Mobile App,Influencer,2025-10
U106860,2025-07-28,South,Mobile Web,Organic Search,2025-07
U106861,2025-11-16,South,Mobile App,Organic Search,2025-11
U106862,2025-07-06,South,Mobile App,Paid Social,2025-07
U106863,2025-05-10,North,Mobile App,Paid Social,2025-05
U106864,2025-05-07,South,Mobile App,Organic Search,2025-05
U106865,2025-10-19,West,Mobile Web,Paid Social,2025-10
U106866,2025-04-24,North,Mobile Web,Paid Social,2025-04
U106867,2025-07-18,West,Desktop,Organic Search,2025-07
U106868,2025-01-13,East,Mobile App,Organic Search,2025-01
U106869,2025-09-28,East,Mobile App,Paid Social,2025-09
U106870,2025-03-30,East,Mobile App,Referral,2025-03
U106871,2025-08-03,South,Mobile App,Organic Search,2025-08
U106872,2025-10-05,South,Mobile App,Paid Social,2025-10
U106873,2025-07-22,West,Mobile Web,Referral,2025-07
U106874,2025-03-15,South,Mobile App,Organic Search,2025-03
U106875,2025-01-25,South,Mobile App,Paid Social,2025-01
U106876,2025-04-11,North,Mobile Web,Email/Push,2025-04
U106877,2025-06-25,East,Mobile Web,Organic Search,2025-06
U106878,2025-04-27,South,Mobile App,Organic Search,2025-04
U106879,2025-06-15,South,Mobile Web,Influencer,2025-06
U106880,2025-02-10,North,Desktop,Email/Push,2025-02
U106881,2025-12-10,West,Mobile App,Paid Social,2025-12
U106882,2025-04-30,South,Mobile App,Influencer,2025-04
U106883,2025-04-07,East,Mobile App,Influencer,2025-04
U106884,2025-05-25,South,Mobile Web,Paid Social,2025-05
U106885,2025-08-04,West,Mobile App,Referral,2025-08
U106886,2025-08-17,South,Desktop,Paid Social,2025-08
U106887,2025-11-09,East,Mobile Web,Organic Search,2025-11
U106888,2025-05-10,South,Mobile App,Referral,2025-05
U106889,2025-12-18,South,Mobile App,Organic Search,2025-12
U106890,2025-11-14,East,Mobile App,Influencer,2025-11
U106891,2025-05-17,West,Mobile App,Influencer,2025-05
U106892,2025-11-20,East,Desktop,Email/Push,2025-11
U106893,2025-12-03,West,Mobile App,Paid Social,2025-12
U106894,2025-09-30,South,Mobile App,Paid Social,2025-09
U106895,2025-04-27,West,Mobile App,Influencer,2025-04
U106896,2025-11-02,North,Mobile App,Paid Social,2025-11
U106897,2025-04-04,East,Mobile App,Organic Search,2025-04
U106898,2025-06-17,South,Mobile App,Influencer,2025-06
U106899,2025-07-22,South,Mobile App,Paid Social,2025-07
U106900,2025-12-07,South,Mobile App,Paid Social,2025-12
U106901,2025-05-29,South,Mobile App,Organic Search,2025-05
U106902,2025-07-02,North,Mobile Web,Paid Social,2025-07
U106903,2025-06-01,South,Mobile App,Organic Search,2025-06
U106904,2025-03-15,North,Mobile App,Paid Social,2025-03
U106905,2025-10-01,South,Mobile App,Paid Social,2025-10
U106906,2025-02-11,North,Mobile App,Influencer,2025-02
U106907,2025-07-31,North,Desktop,Organic Search,2025-07
U106908,2025-04-11,North,Mobile App,Referral,2025-04
U106909,2025-02-14,South,Mobile Web,Paid Social,2025-02
U106910,2025-03-23,West,Mobile App,Referral,2025-03
U106911,2025-01-17,West,Mobile App,Email/Push,2025-01
U106912,2025-03-14,North,Mobile Web,Organic Search,2025-03
U106913,2025-01-14,East,Mobile App,Referral,2025-01
U106914,2025-06-06,East,Mobile Web,Paid Social,2025-06
U106915,2025-08-11,South,Mobile App,Organic Search,2025-08
U106916,2025-05-12,East,Mobile App,Influencer,2025-05
U106917,2025-12-04,North,Mobile Web,Influencer,2025-12
U106918,2025-02-16,South,Mobile App,Organic Search,2025-02
U106919,2025-04-17,South,Mobile Web,Influencer,2025-04
U106920,2025-04-18,North,Mobile App,Paid Social,2025-04
U106921,2025-09-22,East,Mobile Web,Referral,2025-09
U106922,2025-07-24,South,Mobile App,Paid Social,2025-07
U106923,2025-03-20,North,Mobile Web,Referral,2025-03
U106924,2025-06-04,South,Desktop,Paid Social,2025-06
U106925,2025-09-28,East,Mobile App,Email/Push,2025-09
U106926,2025-09-04,West,Mobile App,Influencer,2025-09
U106927,2025-01-19,East,Desktop,Paid Social,2025-01
U106928,2025-12-12,South,Mobile App,Referral,2025-12
U106929,2025-01-26,South,Mobile Web,Referral,2025-01
U106930,2025-08-05,South,Desktop,Paid Social,2025-08
U106931,2025-06-03,North,Mobile Web,Paid Social,2025-06
U106932,2025-06-03,South,Mobile App,Organic Search,2025-06
U106933,2025-06-23,South,Mobile App,Paid Social,2025-06
U106934,2025-04-02,South,Mobile App,Organic Search,2025-04
U106935,2025-12-04,West,Mobile App,Organic Search,2025-12
U106936,2025-06-30,East,Mobile App,Organic Search,2025-06
U106937,2025-05-11,North,Mobile Web,Organic Search,2025-05
U106938,2025-10-25,North,Mobile App,Email/Push,2025-10
U106939,2025-10-02,North,Desktop,Influencer,2025-10
U106940,2025-09-30,East,Mobile Web,Referral,2025-09
U106941,2025-03-17,East,Desktop,Organic Search,2025-03
U106942,2025-06-26,West,Mobile App,Paid Social,2025-06
U106943,2025-07-03,South,Mobile App,Paid Social,2025-07
U106944,2025-11-15,West,Mobile App,Referral,2025-11
U106945,2025-05-11,South,Mobile App,Organic Search,2025-05
U106946,2025-12-29,West,Mobile App,Paid Social,2025-12
U106947,2025-02-18,East,Mobile Web,Influencer,2025-02
U106948,2025-02-24,East,Mobile App,Organic Search,2025-02
U106949,2025-06-03,South,Mobile App,Influencer,2025-06
U106950,2025-12-21,East,Mobile App,Influencer,2025-12
U106951,2025-07-19,South,Mobile Web,Paid Social,2025-07
U106952,2025-11-04,North,Desktop,Email/Push,2025-11
U106953,2025-12-22,North,Mobile App,Paid Social,2025-12
U106954,2025-04-28,South,Mobile App,Email/Push,2025-04
U106955,2025-09-20,South,Desktop,Organic Search,2025-09
U106956,2025-02-15,North,Mobile App,Influencer,2025-02
U106957,2025-10-29,South,Mobile Web,Referral,2025-10
U106958,2025-12-22,South,Mobile App,Organic Search,2025-12
U106959,2025-07-08,South,Mobile App,Organic Search,2025-07
U106960,2025-11-06,North,Mobile App,Email/Push,2025-11
U106961,2025-11-14,North,Mobile Web,Email/Push,2025-11
U106962,2025-05-09,North,Mobile App,Referral,2025-05
U106963,2025-02-18,North,Mobile App,Referral,2025-02
U106964,2025-01-25,West,Mobile App,Paid Social,2025-01
U106965,2025-09-23,South,Mobile App,Influencer,2025-09
U106966,2025-04-28,East,Desktop,Referral,2025-04
U106967,2025-05-24,South,Mobile Web,Influencer,2025-05
U106968,2025-07-19,West,Mobile App,Referral,2025-07
U106969,2025-06-06,North,Desktop,Paid Social,2025-06
U106970,2025-12-14,North,Mobile App,Paid Social,2025-12
U106971,2025-05-14,North,Mobile App,Paid Social,2025-05
U106972,2025-05-28,North,Mobile Web,Organic Search,2025-05
U106973,2025-12-02,East,Mobile App,Paid Social,2025-12
U106974,2025-03-12,North,Mobile App,Referral,2025-03
U106975,2025-08-21,North,Mobile App,Paid Social,2025-08
U106976,2025-11-30,West,Mobile Web,Organic Search,2025-11
U106977,2025-10-26,South,Mobile App,Paid Social,2025-10
U106978,2025-06-03,North,Mobile App,Organic Search,2025-06
U106979,2025-03-31,North,Mobile Web,Paid Social,2025-03
U106980,2025-11-30,North,Mobile Web,Referral,2025-11
U106981,2025-07-18,West,Mobile Web,Paid Social,2025-07
U106982,2025-06-10,West,Mobile App,Paid Social,2025-06
U106983,2025-01-26,West,Mobile App,Email/Push,2025-01
U106984,2025-05-01,West,Mobile App,Paid Social,2025-05
U106985,2025-10-28,South,Mobile Web,Influencer,2025-10
U106986,2025-07-31,North,Mobile Web,Email/Push,2025-07
U106987,2025-03-04,South,Desktop,Organic Search,2025-03
U106988,2025-03-09,East,Mobile App,Organic Search,2025-03
U106989,2025-09-10,West,Mobile App,Organic Search,2025-09
U106990,2025-01-02,South,Mobile App,Organic Search,2025-01
U106991,2025-04-18,South,Mobile App,Organic Search,2025-04
U106992,2025-10-13,West,Mobile App,Paid Social,2025-10
U106993,2025-02-18,North,Desktop,Organic Search,2025-02
U106994,2025-05-20,West,Mobile App,Influencer,2025-05
U106995,2025-08-06,North,Mobile App,Paid Social,2025-08
U106996,2025-02-13,South,Mobile Web,Referral,2025-02
U106997,2025-09-26,North,Mobile App,Referral,2025-09
U106998,2025-03-19,East,Mobile Web,Paid Social,2025-03
U106999,2025-08-04,South,Mobile Web,Paid Social,2025-08
U107000,2025-04-08,South,Mobile App,Organic Search,2025-04
U107001,2025-08-24,West,Mobile Web,Referral,2025-08
U107002,2025-10-09,East,Mobile App,Paid Social,2025-10
U107003,2025-05-29,East,Mobile App,Referral,2025-05
U107004,2025-10-31,North,Mobile App,Referral,2025-10
U107005,2025-03-07,West,Mobile App,Influencer,2025-03
U107006,2025-08-22,North,Mobile App,Paid Social,2025-08
U107007,2025-03-28,North,Mobile App,Organic Search,2025-03
U107008,2025-03-20,North,Mobile App,Paid Social,2025-03
U107009,2025-07-24,South,Mobile App,Paid Social,2025-07
U107010,2025-10-06,West,Mobile Web,Paid Social,2025-10
U107011,2025-12-03,North,Desktop,Referral,2025-12
U107012,2025-09-11,South,Mobile Web,Email/Push,2025-09
U107013,2025-10-31,West,Mobile App,Organic Search,2025-10
U107014,2025-05-10,East,Mobile Web,Organic Search,2025-05
U107015,2025-03-25,East,Mobile Web,Paid Social,2025-03
U107016,2025-10-03,North,Mobile App,Referral,2025-10
U107017,2025-07-06,East,Mobile App,Organic Search,2025-07
U107018,2025-02-15,North,Mobile Web,Organic Search,2025-02
U107019,2025-07-02,West,Mobile Web,Organic Search,2025-07
U107020,2025-09-25,South,Desktop,Referral,2025-09
U107021,2025-10-23,East,Mobile Web,Paid Social,2025-10
U107022,2025-11-18,North,Desktop,Organic Search,2025-11
U107023,2025-04-10,North,Mobile App,Organic Search,2025-04
U107024,2025-03-19,North,Mobile App,Paid Social,2025-03
U107025,2025-09-29,South,Desktop,Paid Social,2025-09
U107026,2025-12-05,South,Mobile App,Influencer,2025-12
U107027,2025-06-11,East,Mobile App,Influencer,2025-06
U107028,2025-02-13,North,Mobile App,Paid Social,2025-02
U107029,2025-08-26,East,Mobile Web,Referral,2025-08
U107030,2025-05-14,North,Mobile App,Organic Search,2025-05
U107031,2025-07-11,North,Mobile App,Email/Push,2025-07
U107032,2025-12-22,West,Mobile App,Influencer,2025-12
U107033,2025-10-05,East,Mobile App,Organic Search,2025-10
U107034,2025-01-18,South,Desktop,Paid Social,2025-01
U107035,2025-01-12,North,Mobile App,Organic Search,2025-01
U107036,2025-06-29,East,Mobile App,Referral,2025-06
U107037,2025-05-03,South,Mobile App,Email/Push,2025-05
U107038,2025-09-03,South,Mobile App,Organic Search,2025-09
U107039,2025-08-10,East,Mobile App,Influencer,2025-08
U107040,2025-02-20,South,Mobile App,Referral,2025-02
U107041,2025-03-12,North,Desktop,Paid Social,2025-03
U107042,2025-02-17,West,Mobile App,Organic Search,2025-02
U107043,2025-01-19,East,Mobile App,Paid Social,2025-01
U107044,2025-09-19,North,Mobile App,Referral,2025-09
U107045,2025-03-25,South,Mobile App,Organic Search,2025-03
U107046,2025-06-04,North,Mobile App,Email/Push,2025-06
U107047,2025-02-22,West,Mobile App,Email/Push,2025-02
U107048,2025-04-17,East,Desktop,Paid Social,2025-04
U107049,2025-12-23,North,Mobile App,Paid Social,2025-12
U107050,2025-10-31,North,Mobile Web,Influencer,2025-10
U107051,2025-05-15,North,Mobile App,Referral,2025-05
U107052,2025-03-10,South,Mobile App,Influencer,2025-03
U107053,2025-01-11,East,Mobile App,Paid Social,2025-01
U107054,2025-05-23,North,Mobile App,Influencer,2025-05
U107055,2025-07-11,North,Mobile App,Organic Search,2025-07
U107056,2025-03-10,South,Mobile App,Paid Social,2025-03
U107057,2025-01-23,North,Mobile Web,Paid Social,2025-01
U107058,2025-06-30,South,Mobile App,Influencer,2025-06
U107059,2025-10-20,South,Mobile App,Organic Search,2025-10
U107060,2025-01-09,East,Desktop,Email/Push,2025-01
U107061,2025-09-28,West,Mobile App,Referral,2025-09
U107062,2025-04-03,West,Mobile Web,Paid Social,2025-04
U107063,2025-01-17,South,Mobile App,Organic Search,2025-01
U107064,2025-06-03,East,Mobile App,Paid Social,2025-06
U107065,2025-11-24,West,Mobile App,Organic Search,2025-11
U107066,2025-05-29,North,Mobile App,Organic Search,2025-05
U107067,2025-09-24,North,Mobile App,Referral,2025-09
U107068,2025-11-24,North,Mobile Web,Organic Search,2025-11
U107069,2025-04-16,South,Mobile Web,Paid Social,2025-04
U107070,2025-02-04,East,Mobile Web,Paid Social,2025-02
U107071,2025-04-29,South,Desktop,Organic Search,2025-04
U107072,2025-01-14,South,Desktop,Email/Push,2025-01
U107073,2025-01-14,South,Mobile App,Organic Search,2025-01
U107074,2025-09-23,North,Mobile Web,Referral,2025-09
U107075,2025-05-20,South,Mobile App,Paid Social,2025-05
U107076,2025-10-21,North,Mobile Web,Organic Search,2025-10
U107077,2025-12-30,North,Mobile Web,Organic Search,2025-12
U107078,2025-04-29,West,Mobile App,Referral,2025-04
U107079,2025-08-26,West,Mobile App,Organic Search,2025-08
U107080,2025-02-03,West,Desktop,Organic Search,2025-02
U107081,2025-06-18,East,Mobile App,Influencer,2025-06
U107082,2025-01-10,West,Mobile App,Paid Social,2025-01
U107083,2025-05-02,East,Mobile App,Paid Social,2025-05
U107084,2025-05-25,East,Mobile App,Organic Search,2025-05
U107085,2025-08-11,East,Mobile App,Paid Social,2025-08
U107086,2025-09-14,South,Mobile App,Email/Push,2025-09
U107087,2025-09-25,South,Mobile App,Organic Search,2025-09
U107088,2025-12-25,East,Desktop,Organic Search,2025-12
U107089,2025-01-04,South,Mobile App,Influencer,2025-01
U107090,2025-12-20,South,Mobile App,Influencer,2025-12
U107091,2025-04-16,South,Mobile App,Organic Search,2025-04
U107092,2025-03-26,North,Mobile App,Influencer,2025-03
U107093,2025-08-02,West,Desktop,Paid Social,2025-08
U107094,2025-05-01,North,Mobile Web,Influencer,2025-05
U107095,2025-05-12,South,Mobile App,Paid Social,2025-05
U107096,2025-12-04,North,Mobile App,Organic Search,2025-12
U107097,2025-07-16,West,Mobile Web,Paid Social,2025-07
U107098,2025-01-19,South,Mobile App,Email/Push,2025-01
U107099,2025-05-10,East,Mobile App,Paid Social,2025-05
U107100,2025-01-12,West,Mobile App,Organic Search,2025-01
U107101,2025-03-22,South,Desktop,Referral,2025-03
U107102,2025-11-26,North,Mobile App,Organic Search,2025-11
U107103,2025-12-20,North,Mobile App,Referral,2025-12
U107104,2025-09-19,East,Mobile App,Referral,2025-09
U107105,2025-05-05,East,Mobile App,Influencer,2025-05
U107106,2025-11-03,North,Mobile App,Paid Social,2025-11
U107107,2025-09-24,North,Mobile App,Organic Search,2025-09
U107108,2025-05-20,North,Desktop,Organic Search,2025-05
U107109,2025-11-25,East,Mobile App,Email/Push,2025-11
U107110,2025-01-02,North,Mobile App,Organic Search,2025-01
U107111,2025-01-08,North,Mobile App,Paid Social,2025-01
U107112,2025-09-07,South,Mobile Web,Referral,2025-09
U107113,2025-05-19,East,Mobile App,Organic Search,2025-05
U107114,2025-05-04,East,Mobile App,Paid Social,2025-05
U107115,2025-11-05,South,Mobile Web,Referral,2025-11
U107116,2025-08-16,East,Mobile App,Paid Social,2025-08
U107117,2025-01-10,South,Desktop,Referral,2025-01
U107118,2025-07-31,West,Mobile App,Organic Search,2025-07
U107119,2025-04-22,North,Mobile App,Paid Social,2025-04
U107120,2025-01-08,East,Mobile App,Email/Push,2025-01
U107121,2025-10-19,South,Mobile App,Paid Social,2025-10
U107122,2025-12-28,North,Mobile Web,Organic Search,2025-12
U107123,2025-09-10,East,Mobile App,Influencer,2025-09
U107124,2025-01-14,North,Mobile App,Paid Social,2025-01
U107125,2025-08-28,South,Desktop,Paid Social,2025-08
U107126,2025-08-30,South,Mobile Web,Paid Social,2025-08
U107127,2025-12-08,North,Mobile App,Organic Search,2025-12
U107128,2025-05-29,South,Mobile App,Organic Search,2025-05
U107129,2025-08-24,South,Mobile App,Organic Search,2025-08
U107130,2025-11-02,East,Mobile Web,Paid Social,2025-11
U107131,2025-06-16,East,Mobile Web,Paid Social,2025-06
U107132,2025-01-20,North,Mobile App,Organic Search,2025-01
U107133,2025-08-04,South,Mobile App,Paid Social,2025-08
U107134,2025-12-09,West,Mobile App,Organic Search,2025-12
U107135,2025-05-15,North,Mobile App,Organic Search,2025-05
U107136,2025-05-09,South,Mobile Web,Email/Push,2025-05
U107137,2025-10-21,East,Mobile App,Paid Social,2025-10
U107138,2025-09-03,East,Mobile App,Organic Search,2025-09
U107139,2025-07-08,North,Mobile App,Organic Search,2025-07
U107140,2025-02-13,South,Mobile App,Influencer,2025-02
U107141,2025-03-27,South,Mobile App,Influencer,2025-03
U107142,2025-02-13,West,Desktop,Influencer,2025-02
U107143,2025-11-26,North,Mobile Web,Organic Search,2025-11
U107144,2025-05-25,West,Mobile App,Paid Social,2025-05
U107145,2025-02-20,South,Mobile Web,Organic Search,2025-02
U107146,2025-08-30,North,Mobile Web,Organic Search,2025-08
U107147,2025-10-21,South,Mobile App,Referral,2025-10
U107148,2025-02-20,East,Mobile App,Paid Social,2025-02
U107149,2025-09-23,North,Mobile App,Referral,2025-09
U107150,2025-04-30,South,Mobile App,Email/Push,2025-04
U107151,2025-07-19,West,Mobile Web,Paid Social,2025-07
U107152,2025-09-05,West,Mobile App,Referral,2025-09
U107153,2025-03-11,South,Desktop,Paid Social,2025-03
U107154,2025-12-07,North,Mobile Web,Paid Social,2025-12
U107155,2025-02-26,West,Mobile App,Paid Social,2025-02
U107156,2025-02-08,East,Mobile Web,Paid Social,2025-02
U107157,2025-10-16,North,Mobile App,Paid Social,2025-10
U107158,2025-01-18,West,Mobile App,Organic Search,2025-01
U107159,2025-08-08,North,Mobile App,Influencer,2025-08
U107160,2025-11-09,East,Mobile App,Paid Social,2025-11
U107161,2025-09-01,South,Mobile App,Influencer,2025-09
U107162,2025-12-18,South,Mobile Web,Influencer,2025-12
U107163,2025-10-31,North,Desktop,Referral,2025-10
U107164,2025-10-25,East,Mobile App,Organic Search,2025-10
U107165,2025-10-10,West,Mobile App,Paid Social,2025-10
U107166,2025-03-15,South,Mobile App,Referral,2025-03
U107167,2025-04-20,South,Mobile Web,Influencer,2025-04
U107168,2025-06-29,North,Mobile App,Paid Social,2025-06
U107169,2025-02-01,West,Desktop,Referral,2025-02
U107170,2025-08-22,West,Mobile Web,Paid Social,2025-08
U107171,2025-10-09,West,Mobile Web,Referral,2025-10
U107172,2025-01-25,South,Desktop,Paid Social,2025-01
U107173,2025-11-27,West,Desktop,Organic Search,2025-11
U107174,2025-10-06,North,Mobile App,Organic Search,2025-10
U107175,2025-08-14,South,Mobile App,Paid Social,2025-08
U107176,2025-02-26,South,Mobile Web,Paid Social,2025-02
U107177,2025-06-29,South,Desktop,Email/Push,2025-06
U107178,2025-08-20,West,Mobile Web,Organic Search,2025-08
U107179,2025-12-09,East,Mobile App,Organic Search,2025-12
U107180,2025-10-14,North,Mobile Web,Organic Search,2025-10
U107181,2025-03-05,South,Mobile App,Influencer,2025-03
U107182,2025-08-20,South,Desktop,Paid Social,2025-08
U107183,2025-10-16,South,Mobile App,Influencer,2025-10
U107184,2025-08-01,South,Desktop,Paid Social,2025-08
U107185,2025-09-15,North,Mobile App,Paid Social,2025-09
U107186,2025-01-18,East,Desktop,Referral,2025-01
U107187,2025-06-24,West,Mobile App,Email/Push,2025-06
U107188,2025-08-17,West,Mobile Web,Paid Social,2025-08
U107189,2025-08-14,West,Desktop,Organic Search,2025-08
U107190,2025-03-25,West,Mobile Web,Organic Search,2025-03
U107191,2025-10-18,North,Mobile Web,Paid Social,2025-10
U107192,2025-09-03,West,Mobile App,Email/Push,2025-09
U107193,2025-04-20,South,Mobile App,Referral,2025-04
U107194,2025-09-11,East,Desktop,Influencer,2025-09
U107195,2025-03-29,South,Mobile App,Organic Search,2025-03
U107196,2025-03-13,West,Mobile Web,Organic Search,2025-03
U107197,2025-01-30,South,Mobile Web,Organic Search,2025-01
U107198,2025-06-21,North,Mobile App,Organic Search,2025-06
U107199,2025-11-05,South,Mobile App,Referral,2025-11
U107200,2025-12-09,North,Mobile App,Paid Social,2025-12
U107201,2025-06-26,West,Mobile App,Organic Search,2025-06
U107202,2025-05-19,South,Desktop,Influencer,2025-05
U107203,2025-07-13,South,Mobile Web,Referral,2025-07
U107204,2025-07-05,West,Mobile App,Paid Social,2025-07
U107205,2025-08-06,East,Mobile App,Influencer,2025-08
U107206,2025-06-13,South,Mobile Web,Organic Search,2025-06
U107207,2025-06-10,South,Mobile App,Referral,2025-06
U107208,2025-01-13,South,Mobile App,Paid Social,2025-01
U107209,2025-10-23,West,Mobile App,Organic Search,2025-10
U107210,2025-03-30,West,Desktop,Influencer,2025-03
U107211,2025-11-20,West,Mobile App,Paid Social,2025-11
U107212,2025-02-11,North,Mobile App,Paid Social,2025-02
U107213,2025-07-29,North,Desktop,Organic Search,2025-07
U107214,2025-08-17,North,Mobile App,Paid Social,2025-08
U107215,2025-12-16,East,Desktop,Referral,2025-12
U107216,2025-10-02,North,Mobile App,Paid Social,2025-10
U107217,2025-10-06,North,Mobile App,Paid Social,2025-10
U107218,2025-09-08,South,Mobile App,Influencer,2025-09
U107219,2025-11-06,South,Mobile App,Organic Search,2025-11
U107220,2025-07-27,East,Mobile App,Paid Social,2025-07
U107221,2025-11-17,South,Mobile App,Organic Search,2025-11
U107222,2025-05-20,South,Mobile App,Paid Social,2025-05
U107223,2025-10-07,South,Mobile App,Paid Social,2025-10
U107224,2025-02-03,West,Mobile Web,Organic Search,2025-02
U107225,2025-11-05,South,Mobile Web,Referral,2025-11
U107226,2025-01-18,South,Desktop,Influencer,2025-01
U107227,2025-02-26,South,Mobile App,Influencer,2025-02
U107228,2025-04-22,North,Desktop,Email/Push,2025-04
U107229,2025-01-05,West,Mobile App,Email/Push,2025-01
U107230,2025-07-01,North,Mobile App,Referral,2025-07
U107231,2025-01-13,West,Mobile App,Influencer,2025-01
U107232,2025-12-05,South,Mobile Web,Referral,2025-12
U107233,2025-10-12,West,Desktop,Paid Social,2025-10
U107234,2025-09-16,West,Mobile App,Paid Social,2025-09
U107235,2025-03-31,South,Mobile App,Paid Social,2025-03
U107236,2025-04-14,East,Mobile Web,Email/Push,2025-04
U107237,2025-07-05,South,Mobile App,Referral,2025-07
U107238,2025-09-07,South,Mobile App,Influencer,2025-09
U107239,2025-09-12,South,Mobile App,Paid Social,2025-09
U107240,2025-03-17,South,Mobile App,Organic Search,2025-03
U107241,2025-04-18,East,Mobile App,Paid Social,2025-04
U107242,2025-06-05,North,Mobile Web,Influencer,2025-06
U107243,2025-03-23,West,Mobile App,Influencer,2025-03
U107244,2025-03-18,South,Mobile App,Influencer,2025-03
U107245,2025-09-15,South,Mobile App,Paid Social,2025-09
U107246,2025-05-07,West,Desktop,Paid Social,2025-05
U107247,2025-10-09,East,Mobile App,Paid Social,2025-10
U107248,2025-03-29,East,Mobile App,Paid Social,2025-03
U107249,2025-07-23,East,Mobile App,Influencer,2025-07
U107250,2025-01-16,West,Mobile Web,Paid Social,2025-01
U107251,2025-05-31,North,Mobile App,Organic Search,2025-05
U107252,2025-09-11,East,Mobile App,Organic Search,2025-09
U107253,2025-07-07,South,Mobile App,Organic Search,2025-07
U107254,2025-11-25,North,Mobile App,Paid Social,2025-11
U107255,2025-02-01,North,Mobile App,Email/Push,2025-02
U107256,2025-09-28,South,Mobile Web,Organic Search,2025-09
U107257,2025-01-05,South,Desktop,Referral,2025-01
U107258,2025-11-26,West,Desktop,Paid Social,2025-11
U107259,2025-11-04,West,Mobile Web,Influencer,2025-11
U107260,2025-11-29,South,Mobile App,Paid Social,2025-11
U107261,2025-06-18,North,Mobile Web,Referral,2025-06
U107262,2025-06-30,South,Mobile Web,Organic Search,2025-06
U107263,2025-06-27,South,Mobile Web,Paid Social,2025-06
U107264,2025-05-23,East,Mobile App,Paid Social,2025-05
U107265,2025-12-28,North,Mobile App,Email/Push,2025-12
U107266,2025-09-05,South,Desktop,Paid Social,2025-09
U107267,2025-05-07,West,Desktop,Referral,2025-05
U107268,2025-09-20,East,Mobile App,Referral,2025-09
U107269,2025-02-09,West,Desktop,Organic Search,2025-02
U107270,2025-12-21,East,Mobile Web,Paid Social,2025-12
U107271,2025-09-12,North,Mobile App,Paid Social,2025-09
U107272,2025-05-23,North,Mobile App,Organic Search,2025-05
U107273,2025-08-28,West,Mobile App,Organic Search,2025-08
U107274,2025-08-16,East,Mobile App,Influencer,2025-08
U107275,2025-12-07,South,Desktop,Referral,2025-12
U107276,2025-07-17,North,Mobile App,Influencer,2025-07
U107277,2025-03-06,East,Mobile Web,Paid Social,2025-03
U107278,2025-01-11,North,Mobile Web,Referral,2025-01
U107279,2025-04-18,North,Mobile App,Paid Social,2025-04
U107280,2025-01-26,South,Mobile App,Paid Social,2025-01
U107281,2025-05-31,South,Mobile Web,Referral,2025-05
U107282,2025-08-09,North,Mobile App,Influencer,2025-08
U107283,2025-12-07,North,Mobile Web,Organic Search,2025-12
U107284,2025-08-25,East,Mobile App,Influencer,2025-08
U107285,2025-08-25,South,Mobile App,Organic Search,2025-08
U107286,2025-08-07,South,Mobile App,Influencer,2025-08
U107287,2025-05-31,South,Mobile App,Paid Social,2025-05
U107288,2025-05-03,West,Mobile App,Paid Social,2025-05
U107289,2025-05-24,North,Desktop,Influencer,2025-05
U107290,2025-07-08,North,Mobile App,Referral,2025-07
U107291,2025-09-12,East,Desktop,Organic Search,2025-09
U107292,2025-03-09,North,Desktop,Organic Search,2025-03
U107293,2025-04-14,South,Desktop,Email/Push,2025-04
U107294,2025-12-02,South,Mobile App,Referral,2025-12
U107295,2025-06-08,West,Mobile Web,Referral,2025-06
U107296,2025-11-05,West,Mobile App,Referral,2025-11
U107297,2025-12-28,West,Mobile App,Influencer,2025-12
U107298,2025-10-27,North,Desktop,Paid Social,2025-10
U107299,2025-03-31,West,Mobile App,Organic Search,2025-03
U107300,2025-12-23,North,Desktop,Organic Search,2025-12
U107301,2025-09-13,East,Mobile Web,Paid Social,2025-09
U107302,2025-12-19,East,Mobile App,Organic Search,2025-12
U107303,2025-08-08,North,Mobile App,Paid Social,2025-08
U107304,2025-01-09,East,Mobile Web,Paid Social,2025-01
U107305,2025-01-12,North,Mobile App,Influencer,2025-01
U107306,2025-11-21,South,Mobile Web,Paid Social,2025-11
U107307,2025-09-01,West,Mobile App,Organic Search,2025-09
U107308,2025-07-01,North,Mobile App,Paid Social,2025-07
U107309,2025-10-11,North,Mobile App,Organic Search,2025-10
U107310,2025-11-08,South,Mobile App,Paid Social,2025-11
U107311,2025-04-09,West,Mobile App,Organic Search,2025-04
U107312,2025-07-16,North,Mobile App,Influencer,2025-07
U107313,2025-08-14,South,Mobile App,Organic Search,2025-08
U107314,2025-11-29,West,Mobile Web,Organic Search,2025-11
U107315,2025-04-13,North,Mobile Web,Organic Search,2025-04
U107316,2025-04-16,South,Mobile App,Paid Social,2025-04
U107317,2025-02-27,East,Mobile App,Organic Search,2025-02
U107318,2025-03-19,South,Mobile Web,Paid Social,2025-03
U107319,2025-03-16,West,Mobile App,Organic Search,2025-03
U107320,2025-02-11,North,Mobile App,Influencer,2025-02
U107321,2025-11-20,West,Mobile App,Organic Search,2025-11
U107322,2025-06-30,West,Mobile App,Organic Search,2025-06
U107323,2025-02-02,North,Mobile App,Paid Social,2025-02
U107324,2025-03-12,North,Mobile App,Influencer,2025-03
U107325,2025-02-25,West,Mobile App,Organic Search,2025-02
U107326,2025-04-15,South,Desktop,Email/Push,2025-04
U107327,2025-07-19,South,Mobile App,Paid Social,2025-07
U107328,2025-04-11,East,Mobile Web,Email/Push,2025-04
U107329,2025-09-13,West,Mobile Web,Referral,2025-09
U107330,2025-11-03,West,Mobile App,Paid Social,2025-11
U107331,2025-03-15,North,Desktop,Email/Push,2025-03
U107332,2025-06-20,North,Mobile App,Paid Social,2025-06
U107333,2025-05-23,West,Desktop,Referral,2025-05
U107334,2025-06-15,West,Mobile App,Influencer,2025-06
U107335,2025-09-18,East,Mobile App,Paid Social,2025-09
U107336,2025-08-09,West,Mobile App,Organic Search,2025-08
U107337,2025-03-24,East,Desktop,Organic Search,2025-03
U107338,2025-07-01,North,Mobile App,Referral,2025-07
U107339,2025-11-03,West,Mobile Web,Influencer,2025-11
U107340,2025-01-10,South,Mobile Web,Influencer,2025-01
U107341,2025-01-04,North,Mobile App,Organic Search,2025-01
U107342,2025-12-17,South,Mobile App,Influencer,2025-12
U107343,2025-12-02,East,Mobile App,Email/Push,2025-12
U107344,2025-10-19,West,Mobile App,Paid Social,2025-10
U107345,2025-10-08,North,Mobile Web,Paid Social,2025-10
U107346,2025-08-03,North,Desktop,Organic Search,2025-08
U107347,2025-04-08,South,Mobile Web,Influencer,2025-04
U107348,2025-04-11,West,Desktop,Paid Social,2025-04
U107349,2025-01-09,East,Mobile App,Influencer,2025-01
U107350,2025-03-02,South,Mobile App,Email/Push,2025-03
U107351,2025-11-05,East,Desktop,Paid Social,2025-11
U107352,2025-05-26,North,Desktop,Organic Search,2025-05
U107353,2025-03-04,South,Mobile App,Paid Social,2025-03
U107354,2025-05-01,North,Mobile App,Organic Search,2025-05
U107355,2025-08-14,West,Mobile Web,Organic Search,2025-08
U107356,2025-04-15,North,Mobile App,Referral,2025-04
U107357,2025-09-17,East,Mobile App,Organic Search,2025-09
U107358,2025-12-15,North,Mobile Web,Email/Push,2025-12
U107359,2025-09-12,South,Desktop,Paid Social,2025-09
U107360,2025-07-26,South,Mobile Web,Organic Search,2025-07
U107361,2025-01-28,South,Mobile Web,Influencer,2025-01
U107362,2025-06-19,North,Mobile App,Organic Search,2025-06
U107363,2025-12-02,East,Mobile Web,Organic Search,2025-12
U107364,2025-03-17,South,Mobile App,Referral,2025-03
U107365,2025-04-26,East,Desktop,Influencer,2025-04
U107366,2025-03-10,South,Mobile App,Organic Search,2025-03
U107367,2025-12-20,South,Mobile Web,Organic Search,2025-12
U107368,2025-08-22,South,Desktop,Email/Push,2025-08
U107369,2025-01-01,West,Mobile App,Paid Social,2025-01
U107370,2025-06-16,South,Desktop,Organic Search,2025-06
U107371,2025-12-18,North,Mobile App,Referral,2025-12
U107372,2025-08-06,West,Mobile App,Paid Social,2025-08
U107373,2025-09-30,North,Mobile App,Organic Search,2025-09
U107374,2025-09-08,West,Desktop,Paid Social,2025-09
U107375,2025-12-13,North,Desktop,Influencer,2025-12
U107376,2025-12-10,East,Mobile App,Influencer,2025-12
U107377,2025-06-23,North,Mobile App,Paid Social,2025-06
U107378,2025-06-19,West,Desktop,Paid Social,2025-06
U107379,2025-09-03,South,Mobile App,Referral,2025-09
U107380,2025-03-31,South,Mobile Web,Organic Search,2025-03
U107381,2025-02-18,North,Mobile App,Organic Search,2025-02
U107382,2025-10-21,South,Desktop,Paid Social,2025-10
U107383,2025-05-30,East,Mobile App,Paid Social,2025-05
U107384,2025-05-12,South,Mobile App,Paid Social,2025-05
U107385,2025-02-28,North,Desktop,Paid Social,2025-02
U107386,2025-11-20,South,Mobile App,Organic Search,2025-11
U107387,2025-07-18,South,Mobile App,Referral,2025-07
U107388,2025-08-03,North,Mobile App,Organic Search,2025-08
U107389,2025-02-18,North,Desktop,Organic Search,2025-02
U107390,2025-08-20,East,Mobile Web,Organic Search,2025-08
U107391,2025-09-04,West,Mobile App,Paid Social,2025-09
U107392,2025-08-27,North,Mobile Web,Paid Social,2025-08
U107393,2025-06-17,East,Mobile App,Organic Search,2025-06
U107394,2025-02-17,North,Desktop,Referral,2025-02
U107395,2025-02-20,South,Mobile App,Referral,2025-02
U107396,2025-10-26,South,Mobile Web,Organic Search,2025-10
U107397,2025-04-08,North,Mobile Web,Referral,2025-04
U107398,2025-08-04,South,Mobile App,Paid Social,2025-08
U107399,2025-06-26,West,Desktop,Influencer,2025-06
U107400,2025-03-21,West,Mobile App,Influencer,2025-03
U107401,2025-07-04,North,Mobile Web,Paid Social,2025-07
U107402,2025-01-27,North,Mobile Web,Organic Search,2025-01
U107403,2025-07-14,West,Mobile Web,Organic Search,2025-07
U107404,2025-08-02,North,Mobile App,Organic Search,2025-08
U107405,2025-12-08,East,Desktop,Influencer,2025-12
U107406,2025-04-24,North,Mobile App,Referral,2025-04
U107407,2025-08-30,South,Mobile Web,Referral,2025-08
U107408,2025-05-04,North,Mobile Web,Organic Search,2025-05
U107409,2025-11-01,West,Desktop,Paid Social,2025-11
U107410,2025-03-17,West,Mobile App,Paid Social,2025-03
U107411,2025-11-07,South,Mobile App,Paid Social,2025-11
U107412,2025-11-08,West,Mobile Web,Paid Social,2025-11
U107413,2025-07-15,South,Mobile App,Email/Push,2025-07
U107414,2025-12-17,North,Mobile App,Organic Search,2025-12
U107415,2025-02-13,East,Desktop,Influencer,2025-02
U107416,2025-07-05,South,Mobile App,Influencer,2025-07
U107417,2025-12-09,North,Mobile App,Influencer,2025-12
U107418,2025-09-03,North,Mobile App,Paid Social,2025-09
U107419,2025-03-25,West,Mobile App,Organic Search,2025-03
U107420,2025-07-26,West,Mobile App,Paid Social,2025-07
U107421,2025-05-31,West,Mobile App,Email/Push,2025-05
U107422,2025-06-05,North,Mobile Web,Influencer,2025-06
U107423,2025-01-16,East,Mobile Web,Paid Social,2025-01
U107424,2025-06-14,North,Mobile App,Paid Social,2025-06
U107425,2025-05-25,West,Mobile App,Organic Search,2025-05
U107426,2025-02-06,North,Mobile Web,Paid Social,2025-02
U107427,2025-11-29,South,Mobile App,Influencer,2025-11
U107428,2025-02-14,South,Mobile App,Influencer,2025-02
U107429,2025-07-25,West,Desktop,Referral,2025-07
U107430,2025-03-03,East,Mobile App,Referral,2025-03
U107431,2025-12-22,South,Mobile Web,Organic Search,2025-12
U107432,2025-11-04,South,Desktop,Organic Search,2025-11
U107433,2025-01-19,West,Mobile App,Influencer,2025-01
U107434,2025-10-27,North,Mobile App,Influencer,2025-10
U107435,2025-01-07,West,Mobile App,Paid Social,2025-01
U107436,2025-09-06,West,Mobile App,Organic Search,2025-09
U107437,2025-04-27,North,Mobile Web,Paid Social,2025-04
U107438,2025-03-09,North,Mobile Web,Influencer,2025-03
U107439,2025-02-03,South,Mobile App,Paid Social,2025-02
U107440,2025-07-13,North,Mobile App,Referral,2025-07
U107441,2025-11-21,South,Desktop,Organic Search,2025-11
U107442,2025-02-24,East,Mobile App,Influencer,2025-02
U107443,2025-09-23,South,Mobile App,Organic Search,2025-09
U107444,2025-02-11,North,Mobile App,Paid Social,2025-02
U107445,2025-10-24,East,Mobile App,Paid Social,2025-10
U107446,2025-08-19,East,Mobile App,Paid Social,2025-08
U107447,2025-01-10,West,Mobile App,Influencer,2025-01
U107448,2025-12-24,North,Mobile Web,Referral,2025-12
U107449,2025-05-08,East,Mobile Web,Paid Social,2025-05
U107450,2025-06-28,West,Mobile App,Organic Search,2025-06
U107451,2025-07-12,South,Mobile App,Paid Social,2025-07
U107452,2025-04-02,South,Mobile App,Influencer,2025-04
U107453,2025-08-19,North,Mobile App,Paid Social,2025-08
U107454,2025-03-19,West,Mobile App,Influencer,2025-03
U107455,2025-03-26,South,Mobile App,Organic Search,2025-03
U107456,2025-01-30,West,Mobile App,Organic Search,2025-01
U107457,2025-08-01,West,Mobile App,Paid Social,2025-08
U107458,2025-02-18,South,Desktop,Paid Social,2025-02
U107459,2025-09-22,South,Mobile App,Organic Search,2025-09
U107460,2025-05-25,North,Mobile App,Organic Search,2025-05
U107461,2025-03-10,North,Mobile App,Paid Social,2025-03
U107462,2025-02-27,East,Mobile App,Influencer,2025-02
U107463,2025-07-04,East,Mobile Web,Organic Search,2025-07
U107464,2025-03-03,South,Mobile App,Paid Social,2025-03
U107465,2025-11-04,West,Mobile Web,Influencer,2025-11
U107466,2025-10-23,North,Mobile App,Influencer,2025-10
U107467,2025-06-15,South,Desktop,Paid Social,2025-06
U107468,2025-06-20,South,Mobile App,Influencer,2025-06
U107469,2025-03-04,South,Mobile App,Referral,2025-03
U107470,2025-05-27,West,Mobile App,Email/Push,2025-05
U107471,2025-11-02,East,Mobile App,Paid Social,2025-11
U107472,2025-06-10,South,Mobile App,Email/Push,2025-06
U107473,2025-05-21,South,Mobile App,Paid Social,2025-05
U107474,2025-11-30,North,Mobile Web,Organic Search,2025-11
U107475,2025-04-07,South,Mobile App,Organic Search,2025-04
U107476,2025-08-09,East,Mobile App,Paid Social,2025-08
U107477,2025-02-12,West,Mobile App,Referral,2025-02
U107478,2025-10-19,West,Mobile Web,Organic Search,2025-10
U107479,2025-04-18,South,Mobile App,Paid Social,2025-04
U107480,2025-09-23,South,Mobile App,Paid Social,2025-09
U107481,2025-04-05,North,Mobile App,Paid Social,2025-04
U107482,2025-09-19,North,Mobile Web,Organic Search,2025-09
U107483,2025-11-09,South,Mobile Web,Organic Search,2025-11
U107484,2025-03-12,South,Mobile App,Organic Search,2025-03
U107485,2025-08-07,North,Mobile App,Paid Social,2025-08
U107486,2025-01-21,East,Mobile App,Organic Search,2025-01
U107487,2025-04-02,East,Mobile App,Influencer,2025-04
U107488,2025-05-07,South,Mobile App,Paid Social,2025-05
U107489,2025-03-21,East,Mobile App,Paid Social,2025-03
U107490,2025-11-08,North,Mobile App,Organic Search,2025-11
U107491,2025-08-26,South,Mobile App,Organic Search,2025-08
U107492,2025-07-01,West,Mobile App,Organic Search,2025-07
U107493,2025-01-25,South,Mobile App,Email/Push,2025-01
U107494,2025-06-05,West,Mobile App,Influencer,2025-06
U107495,2025-01-05,North,Mobile App,Referral,2025-01
U107496,2025-04-30,South,Desktop,Organic Search,2025-04
U107497,2025-10-04,South,Mobile Web,Paid Social,2025-10
U107498,2025-01-18,East,Mobile App,Organic Search,2025-01
U107499,2025-07-17,West,Mobile App,Influencer,2025-07
U107500,2025-02-26,East,Mobile App,Influencer,2025-02
U107501,2025-04-03,West,Mobile App,Organic Search,2025-04
U107502,2025-01-19,South,Desktop,Paid Social,2025-01
U107503,2025-12-19,South,Mobile App,Paid Social,2025-12
U107504,2025-07-12,East,Desktop,Paid Social,2025-07
U107505,2025-08-25,South,Mobile App,Influencer,2025-08
U107506,2025-10-04,West,Desktop,Paid Social,2025-10
U107507,2025-08-15,North,Mobile Web,Organic Search,2025-08
U107508,2025-08-21,South,Mobile Web,Influencer,2025-08
U107509,2025-02-09,South,Mobile App,Paid Social,2025-02
U107510,2025-11-19,West,Mobile Web,Organic Search,2025-11
U107511,2025-06-02,West,Mobile App,Paid Social,2025-06
U107512,2025-05-07,South,Desktop,Organic Search,2025-05
U107513,2025-08-25,North,Mobile Web,Paid Social,2025-08
U107514,2025-02-24,South,Mobile App,Organic Search,2025-02
U107515,2025-06-21,South,Desktop,Influencer,2025-06
U107516,2025-04-19,West,Desktop,Referral,2025-04
U107517,2025-12-20,South,Mobile Web,Organic Search,2025-12
U107518,2025-07-03,South,Mobile App,Influencer,2025-07
U107519,2025-07-17,South,Desktop,Paid Social,2025-07
U107520,2025-03-28,South,Mobile Web,Influencer,2025-03
U107521,2025-07-20,West,Mobile App,Paid Social,2025-07
U107522,2025-12-03,North,Desktop,Organic Search,2025-12
U107523,2025-11-18,South,Mobile App,Paid Social,2025-11
U107524,2025-10-02,West,Mobile App,Paid Social,2025-10
U107525,2025-07-30,North,Mobile App,Email/Push,2025-07
U107526,2025-04-28,East,Mobile App,Paid Social,2025-04
U107527,2025-07-10,South,Mobile Web,Paid Social,2025-07
U107528,2025-02-11,South,Mobile App,Organic Search,2025-02
U107529,2025-02-11,North,Mobile App,Organic Search,2025-02
U107530,2025-11-11,South,Mobile App,Influencer,2025-11
U107531,2025-10-03,South,Mobile App,Influencer,2025-10
U107532,2025-11-25,North,Mobile App,Paid Social,2025-11
U107533,2025-01-17,South,Mobile App,Paid Social,2025-01
U107534,2025-10-10,North,Mobile App,Paid Social,2025-10
U107535,2025-09-15,East,Mobile Web,Organic Search,2025-09
U107536,2025-03-04,West,Desktop,Paid Social,2025-03
U107537,2025-03-03,North,Mobile App,Organic Search,2025-03
U107538,2025-04-10,North,Mobile App,Referral,2025-04
U107539,2025-01-19,West,Mobile App,Organic Search,2025-01
U107540,2025-01-17,East,Mobile App,Paid Social,2025-01
U107541,2025-11-21,North,Desktop,Organic Search,2025-11
U107542,2025-09-03,South,Mobile App,Referral,2025-09
U107543,2025-09-08,North,Mobile App,Organic Search,2025-09
U107544,2025-03-22,North,Mobile App,Paid Social,2025-03
U107545,2025-02-08,West,Desktop,Organic Search,2025-02
U107546,2025-02-05,East,Mobile App,Organic Search,2025-02
U107547,2025-07-16,East,Mobile App,Paid Social,2025-07
U107548,2025-06-07,North,Mobile App,Email/Push,2025-06
U107549,2025-07-23,North,Mobile App,Influencer,2025-07
U107550,2025-07-15,West,Mobile Web,Referral,2025-07
U107551,2025-08-04,North,Mobile App,Influencer,2025-08
U107552,2025-10-12,South,Mobile Web,Referral,2025-10
U107553,2025-07-15,North,Mobile App,Influencer,2025-07
U107554,2025-11-03,South,Mobile App,Organic Search,2025-11
U107555,2025-06-01,North,Mobile App,Organic Search,2025-06
U107556,2025-01-14,South,Mobile Web,Paid Social,2025-01
U107557,2025-11-21,West,Mobile App,Paid Social,2025-11
U107558,2025-05-26,East,Mobile App,Organic Search,2025-05
U107559,2025-02-26,North,Mobile App,Referral,2025-02
U107560,2025-07-30,East,Mobile Web,Organic Search,2025-07
U107561,2025-09-25,North,Desktop,Organic Search,2025-09
U107562,2025-07-29,South,Mobile Web,Referral,2025-07
U107563,2025-01-17,East,Mobile App,Paid Social,2025-01
U107564,2025-10-13,North,Mobile App,Paid Social,2025-10
U107565,2025-12-10,South,Mobile App,Paid Social,2025-12
U107566,2025-07-22,East,Mobile App,Paid Social,2025-07
U107567,2025-04-09,West,Mobile Web,Organic Search,2025-04
U107568,2025-10-06,South,Mobile Web,Referral,2025-10
U107569,2025-07-28,North,Mobile Web,Paid Social,2025-07
U107570,2025-05-09,South,Mobile App,Influencer,2025-05
U107571,2025-12-01,South,Desktop,Influencer,2025-12
U107572,2025-10-15,South,Desktop,Organic Search,2025-10
U107573,2025-09-09,South,Mobile App,Referral,2025-09
U107574,2025-09-22,East,Mobile App,Paid Social,2025-09
U107575,2025-09-28,North,Mobile App,Referral,2025-09
U107576,2025-07-07,North,Mobile App,Paid Social,2025-07
U107577,2025-08-02,South,Desktop,Referral,2025-08
U107578,2025-10-10,South,Mobile App,Organic Search,2025-10
U107579,2025-07-30,West,Mobile App,Email/Push,2025-07
U107580,2025-03-17,South,Mobile App,Organic Search,2025-03
U107581,2025-05-28,West,Mobile App,Paid Social,2025-05
U107582,2025-11-17,West,Mobile App,Organic Search,2025-11
U107583,2025-08-01,West,Desktop,Influencer,2025-08
U107584,2025-04-19,North,Mobile App,Referral,2025-04
U107585,2025-05-09,West,Mobile Web,Email/Push,2025-05
U107586,2025-01-10,North,Mobile Web,Influencer,2025-01
U107587,2025-02-16,North,Mobile App,Organic Search,2025-02
U107588,2025-11-11,South,Desktop,Paid Social,2025-11
U107589,2025-04-06,North,Mobile App,Paid Social,2025-04
U107590,2025-04-13,North,Mobile Web,Email/Push,2025-04
U107591,2025-12-08,South,Mobile Web,Email/Push,2025-12
U107592,2025-05-26,North,Mobile App,Paid Social,2025-05
U107593,2025-01-27,East,Mobile App,Referral,2025-01
U107594,2025-08-08,North,Mobile Web,Referral,2025-08
U107595,2025-01-18,South,Mobile App,Organic Search,2025-01
U107596,2025-06-16,West,Mobile App,Influencer,2025-06
U107597,2025-03-23,South,Mobile Web,Paid Social,2025-03
U107598,2025-03-13,East,Mobile Web,Influencer,2025-03
U107599,2025-11-06,West,Mobile App,Organic Search,2025-11
U107600,2025-09-11,North,Mobile App,Organic Search,2025-09
U107601,2025-06-11,South,Mobile App,Organic Search,2025-06
U107602,2025-11-23,West,Mobile App,Organic Search,2025-11
U107603,2025-02-07,West,Mobile App,Organic Search,2025-02
U107604,2025-07-20,East,Desktop,Referral,2025-07
U107605,2025-07-19,North,Mobile App,Organic Search,2025-07
U107606,2025-09-12,West,Mobile App,Referral,2025-09
U107607,2025-06-28,North,Mobile Web,Paid Social,2025-06
U107608,2025-02-04,South,Mobile App,Email/Push,2025-02
U107609,2025-03-23,South,Mobile App,Paid Social,2025-03
U107610,2025-08-08,South,Mobile App,Organic Search,2025-08
U107611,2025-06-07,West,Mobile Web,Paid Social,2025-06
U107612,2025-01-04,West,Mobile Web,Organic Search,2025-01
U107613,2025-06-16,East,Mobile Web,Paid Social,2025-06
U107614,2025-07-23,North,Mobile App,Email/Push,2025-07
U107615,2025-07-13,South,Desktop,Paid Social,2025-07
U107616,2025-08-23,East,Mobile App,Organic Search,2025-08
U107617,2025-07-25,South,Mobile App,Influencer,2025-07
U107618,2025-05-30,West,Mobile App,Paid Social,2025-05
U107619,2025-06-08,West,Mobile App,Influencer,2025-06
U107620,2025-10-06,East,Mobile App,Influencer,2025-10
U107621,2025-10-31,North,Mobile App,Referral,2025-10
U107622,2025-06-15,East,Mobile App,Paid Social,2025-06
U107623,2025-11-07,West,Mobile App,Paid Social,2025-11
U107624,2025-03-09,South,Mobile Web,Paid Social,2025-03
U107625,2025-03-29,West,Mobile Web,Paid Social,2025-03
U107626,2025-08-05,South,Mobile App,Paid Social,2025-08
U107627,2025-01-01,South,Mobile App,Influencer,2025-01
U107628,2025-05-15,East,Mobile App,Organic Search,2025-05
U107629,2025-07-04,East,Mobile App,Paid Social,2025-07
U107630,2025-12-17,West,Mobile Web,Paid Social,2025-12
U107631,2025-05-20,North,Mobile App,Organic Search,2025-05
U107632,2025-04-16,North,Mobile App,Paid Social,2025-04
U107633,2025-05-13,East,Mobile App,Influencer,2025-05
U107634,2025-04-18,North,Mobile Web,Paid Social,2025-04
U107635,2025-06-27,South,Mobile App,Influencer,2025-06
U107636,2025-10-25,North,Mobile Web,Referral,2025-10
U107637,2025-12-24,North,Mobile App,Email/Push,2025-12
U107638,2025-12-25,East,Mobile Web,Paid Social,2025-12
U107639,2025-05-26,East,Desktop,Paid Social,2025-05
U107640,2025-03-15,North,Mobile App,Organic Search,2025-03
U107641,2025-04-18,North,Mobile Web,Influencer,2025-04
U107642,2025-05-02,North,Mobile Web,Referral,2025-05
U107643,2025-01-17,South,Mobile Web,Referral,2025-01
U107644,2025-07-15,North,Mobile Web,Paid Social,2025-07
U107645,2025-11-23,South,Mobile App,Organic Search,2025-11
U107646,2025-11-14,East,Mobile App,Organic Search,2025-11
U107647,2025-10-24,East,Desktop,Organic Search,2025-10
U107648,2025-09-09,South,Mobile App,Paid Social,2025-09
U107649,2025-04-29,East,Desktop,Paid Social,2025-04
U107650,2025-06-11,West,Mobile App,Referral,2025-06
U107651,2025-07-17,South,Mobile App,Email/Push,2025-07
U107652,2025-02-14,South,Mobile Web,Referral,2025-02
U107653,2025-11-10,South,Mobile Web,Referral,2025-11
U107654,2025-06-28,North,Mobile App,Email/Push,2025-06
U107655,2025-02-13,East,Mobile App,Paid Social,2025-02
U107656,2025-09-28,West,Mobile Web,Paid Social,2025-09
U107657,2025-03-19,South,Desktop,Referral,2025-03
U107658,2025-11-22,East,Mobile Web,Organic Search,2025-11
U107659,2025-06-27,East,Mobile App,Organic Search,2025-06
U107660,2025-12-23,North,Mobile App,Paid Social,2025-12
U107661,2025-01-03,North,Desktop,Organic Search,2025-01
U107662,2025-08-02,West,Mobile App,Organic Search,2025-08
U107663,2025-12-08,West,Mobile App,Organic Search,2025-12
U107664,2025-03-15,West,Mobile App,Organic Search,2025-03
U107665,2025-02-20,West,Mobile App,Organic Search,2025-02
U107666,2025-03-08,South,Mobile App,Email/Push,2025-03
U107667,2025-11-28,North,Mobile App,Email/Push,2025-11
U107668,2025-04-03,South,Mobile Web,Influencer,2025-04
U107669,2025-06-25,North,Mobile App,Email/Push,2025-06
U107670,2025-05-25,West,Mobile App,Paid Social,2025-05
U107671,2025-01-07,West,Mobile App,Influencer,2025-01
U107672,2025-09-26,West,Desktop,Organic Search,2025-09
U107673,2025-11-18,South,Mobile Web,Referral,2025-11
U107674,2025-01-04,South,Mobile App,Paid Social,2025-01
U107675,2025-05-18,North,Mobile App,Influencer,2025-05
U107676,2025-08-19,South,Mobile App,Paid Social,2025-08
U107677,2025-03-29,East,Desktop,Paid Social,2025-03
U107678,2025-01-17,South,Mobile App,Influencer,2025-01
U107679,2025-02-21,West,Mobile App,Referral,2025-02
U107680,2025-05-14,West,Mobile Web,Organic Search,2025-05
U107681,2025-07-30,North,Mobile App,Referral,2025-07
U107682,2025-11-21,North,Mobile App,Paid Social,2025-11
U107683,2025-08-07,East,Mobile App,Referral,2025-08
U107684,2025-07-24,North,Mobile App,Paid Social,2025-07
U107685,2025-07-30,West,Mobile App,Influencer,2025-07
U107686,2025-10-04,South,Mobile App,Organic Search,2025-10
U107687,2025-01-24,North,Desktop,Email/Push,2025-01
U107688,2025-01-04,South,Mobile App,Organic Search,2025-01
U107689,2025-06-01,South,Mobile Web,Organic Search,2025-06
U107690,2025-09-16,West,Mobile App,Organic Search,2025-09
U107691,2025-11-20,North,Mobile App,Organic Search,2025-11
U107692,2025-12-23,West,Desktop,Paid Social,2025-12
U107693,2025-06-17,East,Mobile Web,Influencer,2025-06
U107694,2025-06-25,East,Desktop,Organic Search,2025-06
U107695,2025-11-06,North,Mobile App,Organic Search,2025-11
U107696,2025-10-18,East,Mobile App,Paid Social,2025-10
U107697,2025-02-25,South,Mobile App,Paid Social,2025-02
U107698,2025-04-18,South,Mobile App,Organic Search,2025-04
U107699,2025-10-23,West,Mobile App,Influencer,2025-10
U107700,2025-11-20,South,Desktop,Organic Search,2025-11
U107701,2025-10-29,West,Mobile App,Paid Social,2025-10
U107702,2025-11-30,North,Desktop,Paid Social,2025-11
U107703,2025-05-21,West,Mobile App,Influencer,2025-05
U107704,2025-06-04,North,Mobile Web,Referral,2025-06
U107705,2025-09-19,West,Mobile App,Email/Push,2025-09
U107706,2025-09-30,West,Mobile App,Paid Social,2025-09
U107707,2025-08-20,South,Desktop,Influencer,2025-08
U107708,2025-08-29,South,Mobile App,Influencer,2025-08
U107709,2025-12-21,East,Mobile Web,Influencer,2025-12
U107710,2025-12-03,North,Mobile App,Paid Social,2025-12
U107711,2025-09-15,South,Desktop,Referral,2025-09
U107712,2025-09-06,South,Mobile Web,Organic Search,2025-09
U107713,2025-03-18,West,Mobile App,Organic Search,2025-03
U107714,2025-06-29,West,Mobile App,Organic Search,2025-06
U107715,2025-03-07,East,Mobile App,Referral,2025-03
U107716,2025-11-04,East,Mobile App,Email/Push,2025-11
U107717,2025-12-14,East,Mobile App,Referral,2025-12
U107718,2025-06-20,South,Mobile App,Referral,2025-06
U107719,2025-01-22,South,Mobile App,Referral,2025-01
U107720,2025-04-17,South,Desktop,Referral,2025-04
U107721,2025-11-19,West,Mobile App,Organic Search,2025-11
U107722,2025-08-15,East,Desktop,Paid Social,2025-08
U107723,2025-08-04,South,Mobile App,Influencer,2025-08
U107724,2025-03-10,East,Mobile Web,Paid Social,2025-03
U107725,2025-03-25,South,Mobile App,Referral,2025-03
U107726,2025-04-13,East,Mobile App,Influencer,2025-04
U107727,2025-02-08,South,Desktop,Organic Search,2025-02
U107728,2025-01-13,North,Desktop,Influencer,2025-01
U107729,2025-10-24,East,Mobile App,Organic Search,2025-10
U107730,2025-11-09,East,Desktop,Paid Social,2025-11
U107731,2025-06-30,South,Mobile Web,Organic Search,2025-06
U107732,2025-09-25,South,Desktop,Influencer,2025-09
U107733,2025-01-13,East,Mobile App,Email/Push,2025-01
U107734,2025-04-30,East,Desktop,Organic Search,2025-04
U107735,2025-12-19,West,Desktop,Paid Social,2025-12
U107736,2025-02-26,South,Mobile App,Paid Social,2025-02
U107737,2025-02-09,West,Mobile App,Organic Search,2025-02
U107738,2025-12-02,East,Mobile App,Organic Search,2025-12
U107739,2025-05-08,West,Mobile App,Referral,2025-05
U107740,2025-06-22,East,Mobile Web,Influencer,2025-06
U107741,2025-02-04,North,Mobile Web,Referral,2025-02
U107742,2025-09-16,North,Mobile Web,Paid Social,2025-09
U107743,2025-01-05,East,Mobile App,Organic Search,2025-01
U107744,2025-08-06,South,Mobile App,Influencer,2025-08
U107745,2025-01-11,East,Mobile App,Referral,2025-01
U107746,2025-11-23,South,Mobile Web,Paid Social,2025-11
U107747,2025-04-27,South,Mobile App,Paid Social,2025-04
U107748,2025-07-03,South,Mobile App,Influencer,2025-07
U107749,2025-12-28,East,Mobile App,Paid Social,2025-12
U107750,2025-04-26,North,Mobile App,Referral,2025-04
U107751,2025-06-11,East,Mobile App,Organic Search,2025-06
U107752,2025-03-08,South,Mobile App,Paid Social,2025-03
U107753,2025-07-19,East,Desktop,Referral,2025-07
U107754,2025-01-31,North,Mobile App,Paid Social,2025-01
U107755,2025-03-16,North,Desktop,Organic Search,2025-03
U107756,2025-08-25,East,Mobile App,Paid Social,2025-08
U107757,2025-11-23,South,Desktop,Referral,2025-11
U107758,2025-03-07,North,Mobile App,Influencer,2025-03
U107759,2025-03-11,West,Mobile Web,Paid Social,2025-03
U107760,2025-10-24,North,Desktop,Influencer,2025-10
U107761,2025-01-20,South,Mobile App,Paid Social,2025-01
U107762,2025-08-14,North,Desktop,Organic Search,2025-08
U107763,2025-07-18,South,Mobile App,Organic Search,2025-07
U107764,2025-02-08,South,Mobile Web,Referral,2025-02
U107765,2025-05-25,South,Mobile App,Paid Social,2025-05
U107766,2025-02-14,East,Desktop,Paid Social,2025-02
U107767,2025-11-22,South,Mobile Web,Organic Search,2025-11
U107768,2025-04-01,East,Mobile App,Paid Social,2025-04
U107769,2025-08-26,North,Mobile App,Influencer,2025-08
U107770,2025-03-11,South,Desktop,Paid Social,2025-03
U107771,2025-06-15,North,Mobile Web,Organic Search,2025-06
U107772,2025-05-10,East,Desktop,Organic Search,2025-05
U107773,2025-08-02,East,Mobile App,Organic Search,2025-08
U107774,2025-12-06,West,Mobile App,Influencer,2025-12
U107775,2025-03-30,South,Mobile App,Organic Search,2025-03
U107776,2025-12-01,West,Mobile App,Paid Social,2025-12
U107777,2025-09-09,East,Mobile App,Influencer,2025-09
U107778,2025-12-15,North,Mobile App,Paid Social,2025-12
U107779,2025-03-13,North,Mobile App,Referral,2025-03
U107780,2025-06-14,South,Mobile App,Influencer,2025-06
U107781,2025-02-18,East,Mobile App,Paid Social,2025-02
U107782,2025-02-21,North,Mobile Web,Organic Search,2025-02
U107783,2025-10-16,East,Mobile App,Paid Social,2025-10
U107784,2025-10-05,South,Mobile App,Influencer,2025-10
U107785,2025-04-24,South,Mobile App,Referral,2025-04
U107786,2025-08-27,South,Mobile App,Paid Social,2025-08
U107787,2025-05-13,South,Desktop,Organic Search,2025-05
U107788,2025-10-01,North,Mobile App,Referral,2025-10
U107789,2025-06-15,North,Desktop,Organic Search,2025-06
U107790,2025-10-20,East,Mobile App,Paid Social,2025-10
U107791,2025-08-31,South,Desktop,Organic Search,2025-08
U107792,2025-11-16,South,Mobile App,Referral,2025-11
U107793,2025-05-18,North,Mobile App,Paid Social,2025-05
U107794,2025-03-20,South,Mobile Web,Paid Social,2025-03
U107795,2025-06-19,North,Mobile App,Influencer,2025-06
U107796,2025-05-03,South,Mobile Web,Paid Social,2025-05
U107797,2025-06-25,South,Mobile App,Organic Search,2025-06
U107798,2025-10-27,South,Mobile Web,Referral,2025-10
U107799,2025-03-23,West,Desktop,Paid Social,2025-03
U107800,2025-03-28,South,Desktop,Referral,2025-03
U107801,2025-08-13,South,Mobile App,Organic Search,2025-08
U107802,2025-01-16,South,Mobile App,Organic Search,2025-01
U107803,2025-11-06,North,Desktop,Organic Search,2025-11
U107804,2025-12-24,West,Desktop,Influencer,2025-12
U107805,2025-06-12,South,Mobile App,Referral,2025-06
U107806,2025-04-08,North,Mobile App,Paid Social,2025-04
U107807,2025-06-05,West,Mobile App,Paid Social,2025-06
U107808,2025-01-02,North,Desktop,Paid Social,2025-01
U107809,2025-12-16,West,Mobile App,Influencer,2025-12
U107810,2025-06-18,West,Mobile App,Email/Push,2025-06
U107811,2025-11-11,South,Mobile Web,Paid Social,2025-11
U107812,2025-11-21,North,Desktop,Organic Search,2025-11
U107813,2025-04-02,North,Mobile Web,Paid Social,2025-04
U107814,2025-06-30,North,Mobile App,Email/Push,2025-06
U107815,2025-08-19,North,Mobile App,Paid Social,2025-08
U107816,2025-10-28,South,Desktop,Organic Search,2025-10
U107817,2025-05-28,West,Mobile Web,Paid Social,2025-05
U107818,2025-10-07,South,Mobile Web,Paid Social,2025-10
U107819,2025-07-08,East,Mobile Web,Paid Social,2025-07
U107820,2025-12-13,East,Mobile App,Organic Search,2025-12
U107821,2025-12-16,West,Mobile Web,Organic Search,2025-12
U107822,2025-11-10,North,Mobile App,Paid Social,2025-11
U107823,2025-05-08,South,Mobile App,Paid Social,2025-05
U107824,2025-01-07,West,Desktop,Organic Search,2025-01
U107825,2025-02-16,West,Mobile App,Influencer,2025-02
U107826,2025-02-22,West,Mobile App,Referral,2025-02
U107827,2025-07-06,East,Mobile App,Referral,2025-07
U107828,2025-02-07,North,Mobile App,Organic Search,2025-02
U107829,2025-08-14,South,Mobile Web,Referral,2025-08
U107830,2025-02-22,North,Mobile Web,Organic Search,2025-02
U107831,2025-08-12,East,Mobile App,Paid Social,2025-08
U107832,2025-06-03,South,Mobile App,Organic Search,2025-06
U107833,2025-02-17,East,Mobile App,Paid Social,2025-02
U107834,2025-12-17,West,Mobile App,Paid Social,2025-12
U107835,2025-05-27,East,Mobile Web,Paid Social,2025-05
U107836,2025-03-05,South,Mobile App,Paid Social,2025-03
U107837,2025-12-15,North,Mobile Web,Paid Social,2025-12
U107838,2025-07-01,West,Mobile App,Referral,2025-07
U107839,2025-05-05,North,Mobile App,Organic Search,2025-05
U107840,2025-06-28,North,Mobile App,Influencer,2025-06
U107841,2025-02-08,North,Mobile App,Paid Social,2025-02
U107842,2025-09-17,South,Desktop,Paid Social,2025-09
U107843,2025-01-03,North,Mobile App,Email/Push,2025-01
U107844,2025-03-05,West,Mobile App,Organic Search,2025-03
U107845,2025-01-29,West,Desktop,Influencer,2025-01
U107846,2025-01-11,West,Mobile Web,Organic Search,2025-01
U107847,2025-04-07,North,Mobile App,Organic Search,2025-04
U107848,2025-12-24,West,Desktop,Paid Social,2025-12
U107849,2025-07-22,West,Mobile App,Influencer,2025-07
U107850,2025-01-21,West,Mobile Web,Paid Social,2025-01
U107851,2025-02-08,East,Mobile App,Paid Social,2025-02
U107852,2025-08-11,East,Mobile Web,Referral,2025-08
U107853,2025-04-12,North,Mobile App,Organic Search,2025-04
U107854,2025-02-15,West,Mobile App,Influencer,2025-02
U107855,2025-03-07,North,Mobile Web,Paid Social,2025-03
U107856,2025-04-01,South,Mobile App,Referral,2025-04
U107857,2025-06-13,West,Mobile Web,Organic Search,2025-06
U107858,2025-04-21,South,Desktop,Paid Social,2025-04
U107859,2025-12-04,North,Mobile App,Referral,2025-12
U107860,2025-05-03,West,Mobile App,Organic Search,2025-05
U107861,2025-07-12,West,Mobile Web,Organic Search,2025-07
U107862,2025-04-09,North,Mobile Web,Email/Push,2025-04
U107863,2025-10-18,West,Mobile App,Organic Search,2025-10
U107864,2025-06-08,South,Mobile App,Influencer,2025-06
U107865,2025-04-13,South,Mobile App,Influencer,2025-04
U107866,2025-10-08,North,Desktop,Referral,2025-10
U107867,2025-02-12,North,Mobile App,Influencer,2025-02
U107868,2025-03-25,North,Mobile App,Paid Social,2025-03
U107869,2025-07-10,North,Mobile App,Influencer,2025-07
U107870,2025-02-20,West,Mobile Web,Organic Search,2025-02
U107871,2025-07-29,East,Desktop,Influencer,2025-07
U107872,2025-05-06,West,Mobile Web,Organic Search,2025-05
U107873,2025-03-10,East,Desktop,Influencer,2025-03
U107874,2025-09-22,North,Mobile App,Influencer,2025-09
U107875,2025-09-15,West,Mobile App,Organic Search,2025-09
U107876,2025-07-07,West,Mobile Web,Organic Search,2025-07
U107877,2025-08-18,South,Mobile App,Influencer,2025-08
U107878,2025-07-08,North,Mobile App,Paid Social,2025-07
U107879,2025-01-10,East,Mobile Web,Paid Social,2025-01
U107880,2025-04-24,East,Mobile Web,Organic Search,2025-04
U107881,2025-03-17,West,Desktop,Organic Search,2025-03
U107882,2025-06-13,North,Desktop,Paid Social,2025-06
U107883,2025-03-26,North,Mobile App,Organic Search,2025-03
U107884,2025-02-18,South,Desktop,Paid Social,2025-02
U107885,2025-11-22,East,Mobile App,Paid Social,2025-11
U107886,2025-06-26,North,Mobile Web,Paid Social,2025-06
U107887,2025-08-06,South,Mobile App,Paid Social,2025-08
U107888,2025-07-08,South,Mobile App,Paid Social,2025-07
U107889,2025-12-12,East,Desktop,Organic Search,2025-12
U107890,2025-08-18,South,Mobile App,Paid Social,2025-08
U107891,2025-09-12,South,Mobile Web,Email/Push,2025-09
U107892,2025-08-24,West,Mobile App,Organic Search,2025-08
U107893,2025-01-26,West,Mobile App,Paid Social,2025-01
U107894,2025-03-13,North,Mobile App,Paid Social,2025-03
U107895,2025-09-18,North,Mobile Web,Referral,2025-09
U107896,2025-09-11,West,Mobile App,Paid Social,2025-09
U107897,2025-09-28,South,Mobile App,Email/Push,2025-09
U107898,2025-05-03,East,Mobile Web,Organic Search,2025-05
U107899,2025-05-24,East,Mobile App,Organic Search,2025-05
U107900,2025-09-14,South,Mobile App,Email/Push,2025-09
U107901,2025-05-24,East,Desktop,Organic Search,2025-05
U107902,2025-09-16,East,Mobile App,Email/Push,2025-09
U107903,2025-02-16,South,Mobile App,Influencer,2025-02
U107904,2025-12-17,North,Mobile Web,Email/Push,2025-12
U107905,2025-01-13,West,Mobile Web,Influencer,2025-01
U107906,2025-07-27,South,Mobile Web,Paid Social,2025-07
U107907,2025-11-07,East,Desktop,Organic Search,2025-11
U107908,2025-08-23,West,Mobile App,Organic Search,2025-08
U107909,2025-05-29,South,Desktop,Email/Push,2025-05
U107910,2025-11-18,East,Desktop,Organic Search,2025-11
U107911,2025-06-04,West,Desktop,Paid Social,2025-06
U107912,2025-06-15,South,Mobile App,Influencer,2025-06
U107913,2025-03-31,South,Desktop,Organic Search,2025-03
U107914,2025-07-05,West,Mobile App,Referral,2025-07
U107915,2025-11-14,North,Mobile Web,Email/Push,2025-11
U107916,2025-12-24,North,Mobile App,Organic Search,2025-12
U107917,2025-06-23,West,Mobile Web,Referral,2025-06
U107918,2025-08-05,West,Mobile App,Referral,2025-08
U107919,2025-09-21,West,Mobile App,Organic Search,2025-09
U107920,2025-04-07,North,Desktop,Paid Social,2025-04
U107921,2025-04-27,North,Mobile App,Organic Search,2025-04
U107922,2025-07-18,North,Mobile Web,Paid Social,2025-07
U107923,2025-11-16,East,Mobile App,Referral,2025-11
U107924,2025-01-21,East,Desktop,Organic Search,2025-01
U107925,2025-07-19,South,Mobile App,Paid Social,2025-07
U107926,2025-12-07,North,Mobile App,Organic Search,2025-12
U107927,2025-09-05,East,Mobile App,Organic Search,2025-09
U107928,2025-10-03,South,Mobile Web,Paid Social,2025-10
U107929,2025-09-21,North,Mobile Web,Paid Social,2025-09
U107930,2025-02-27,West,Mobile App,Influencer,2025-02
U107931,2025-10-29,North,Mobile App,Referral,2025-10
U107932,2025-01-31,East,Mobile App,Organic Search,2025-01
U107933,2025-09-06,West,Desktop,Referral,2025-09
U107934,2025-04-03,South,Mobile Web,Organic Search,2025-04
U107935,2025-09-22,North,Mobile App,Influencer,2025-09
U107936,2025-09-28,South,Mobile App,Paid Social,2025-09
U107937,2025-04-04,West,Mobile App,Email/Push,2025-04
U107938,2025-06-03,South,Desktop,Organic Search,2025-06
U107939,2025-10-12,East,Mobile App,Organic Search,2025-10
U107940,2025-03-21,West,Mobile Web,Referral,2025-03
U107941,2025-10-19,West,Mobile App,Organic Search,2025-10
U107942,2025-03-25,South,Mobile App,Referral,2025-03
U107943,2025-02-06,West,Mobile App,Paid Social,2025-02
U107944,2025-12-08,West,Desktop,Organic Search,2025-12
U107945,2025-11-23,South,Desktop,Referral,2025-11
U107946,2025-08-20,North,Mobile App,Organic Search,2025-08
U107947,2025-04-03,North,Mobile App,Paid Social,2025-04
U107948,2025-12-02,North,Mobile App,Influencer,2025-12
U107949,2025-04-12,West,Mobile Web,Email/Push,2025-04
U107950,2025-06-15,South,Mobile Web,Referral,2025-06
U107951,2025-06-08,West,Mobile App,Influencer,2025-06
U107952,2025-01-14,West,Mobile App,Email/Push,2025-01
U107953,2025-08-13,East,Mobile Web,Organic Search,2025-08
U107954,2025-03-14,East,Mobile Web,Influencer,2025-03
U107955,2025-09-06,North,Mobile App,Organic Search,2025-09
U107956,2025-04-01,West,Mobile Web,Referral,2025-04
U107957,2025-08-04,South,Mobile Web,Paid Social,2025-08
U107958,2025-03-31,South,Mobile App,Influencer,2025-03
U107959,2025-01-29,North,Mobile App,Influencer,2025-01
U107960,2025-11-01,West,Mobile App,Organic Search,2025-11
U107961,2025-08-08,West,Mobile App,Referral,2025-08
U107962,2025-11-24,South,Mobile Web,Influencer,2025-11
U107963,2025-08-03,South,Desktop,Influencer,2025-08
U107964,2025-08-09,East,Mobile App,Paid Social,2025-08
U107965,2025-02-11,North,Mobile Web,Influencer,2025-02
U107966,2025-05-15,North,Mobile App,Paid Social,2025-05
U107967,2025-02-11,East,Mobile App,Referral,2025-02
U107968,2025-06-13,North,Mobile Web,Paid Social,2025-06
U107969,2025-12-27,South,Desktop,Paid Social,2025-12
U107970,2025-10-10,South,Mobile App,Paid Social,2025-10
U107971,2025-02-27,South,Desktop,Organic Search,2025-02
U107972,2025-10-29,North,Mobile App,Referral,2025-10
U107973,2025-11-18,South,Mobile App,Paid Social,2025-11
U107974,2025-01-25,South,Mobile App,Influencer,2025-01
U107975,2025-03-14,South,Mobile App,Email/Push,2025-03
U107976,2025-05-09,East,Mobile App,Influencer,2025-05
U107977,2025-03-28,West,Mobile App,Organic Search,2025-03
U107978,2025-11-26,North,Mobile App,Organic Search,2025-11
U107979,2025-06-02,West,Mobile Web,Paid Social,2025-06
U107980,2025-07-01,South,Mobile App,Paid Social,2025-07
U107981,2025-05-05,South,Mobile App,Influencer,2025-05
U107982,2025-03-08,South,Desktop,Paid Social,2025-03
U107983,2025-01-06,South,Mobile Web,Influencer,2025-01
U107984,2025-05-05,East,Mobile App,Paid Social,2025-05
U107985,2025-11-10,South,Mobile App,Paid Social,2025-11
U107986,2025-11-22,South,Mobile Web,Paid Social,2025-11
U107987,2025-02-22,West,Mobile App,Influencer,2025-02
U107988,2025-03-07,North,Mobile Web,Organic Search,2025-03
U107989,2025-11-10,North,Mobile App,Paid Social,2025-11
U107990,2025-03-23,North,Mobile App,Referral,2025-03
U107991,2025-03-28,North,Mobile App,Email/Push,2025-03
U107992,2025-01-02,South,Desktop,Organic Search,2025-01
U107993,2025-07-23,South,Desktop,Paid Social,2025-07
U107994,2025-05-30,North,Desktop,Paid Social,2025-05
U107995,2025-10-20,North,Mobile App,Influencer,2025-10
U107996,2025-04-13,East,Mobile Web,Referral,2025-04
U107997,2025-01-24,East,Mobile App,Email/Push,2025-01
U107998,2025-07-31,West,Mobile Web,Organic Search,2025-07
U107999,2025-03-06,West,Mobile App,Paid Social,2025-03
